run_id,timestamp,unix_time,cycle,SENSOR1_ACTUAL,SENSOR1_SENSED,SENSOR2_ACTUAL,SENSOR2_SENSED,SENSOR3_ACTUAL,SENSOR3_SENSED,ACTUATOR1,attack
1,2026-08-03 04:35:57.936354,1785731757,0,3.57685185185185,3.57685185185185,2.45,2.45,0.36,0.36,1,1
1,2026-08-03 04:35:58.941732,1785731758,1,3.53148148148148,3.53148148148148,2.45,2.45,0.27,0.27,1,1
1,2026-08-03 04:35:59.964037,1785731759,2,3.4974537037037,3.4974537037037,2.45,2.45,0.18,0.18,1,1
1,2026-08-03 04:36:01.014283,1785731761,3,3.45208333333333,3.45208333333333,2.45,2.45,0.09,0.09,1,1
1,2026-08-03 04:36:02.058617,1785731762,4,3.40671296296296,3.40671296296296,2.45,2.45,0.9,0.9,1,1
1,2026-08-03 04:36:03.125271,1785731763,5,3.36134259259259,3.36134259259259,2.45,2.45,0.81,0.81,1,1
1,2026-08-03 04:36:04.127838,1785731764,6,3.31597222222221,3.31597222222221,2.45,2.45,0.72,0.72,1,1
1,2026-08-03 04:36:05.147086,1785731765,7,3.27060185185184,3.27060185185184,2.45,2.45,0.63,0.63,1,1
1,2026-08-03 04:36:06.149436,1785731766,8,3.23657407407407,3.23657407407407,2.45,2.45,0.54,0.54,1,1
1,2026-08-03 04:36:07.158706,1785731767,9,3.19120370370369,3.19120370370369,2.45,2.45,0.45,0.45,1,1
1,2026-08-03 04:36:08.170644,1785731768,10,3.14583333333332,3.14583333333332,2.45,2.45,0.36,0.36,1,1
1,2026-08-03 04:36:09.188273,1785731769,11,3.10046296296295,3.10046296296295,2.45,2.45,0.27,0.27,1,1
1,2026-08-03 04:36:10.225107,1785731770,12,3.06643518518517,3.06643518518517,2.45,2.45,0.18,0.18,1,1
1,2026-08-03 04:36:11.241079,1785731771,13,3.0210648148148,3.0210648148148,2.45,2.45,0.09,0.09,1,1
1,2026-08-03 04:36:12.243000,1785731772,14,2.97569444444443,2.97569444444443,2.45,2.45,0.9,0.9,1,1
1,2026-08-03 04:36:13.772321,1785731773,15,2.93032407407406,2.93032407407406,2.45,2.45,0.81,0.81,1,1
1,2026-08-03 04:36:14.774100,1785731774,16,2.88495370370369,2.88495370370369,2.45,2.45,0.72,0.72,1,1
1,2026-08-03 04:36:15.776892,1785731775,17,2.85092592592591,2.85092592592591,2.45,2.45,0.63,0.63,1,1
1,2026-08-03 04:36:16.778926,1785731776,18,2.80555555555554,2.80555555555554,2.45,2.45,0.54,0.54,1,1
1,2026-08-03 04:36:17.780845,1785731777,19,2.76018518518517,2.76018518518517,2.45,2.45,0.45,0.45,1,1
1,2026-08-03 04:36:18.782908,1785731778,20,2.7148148148148,2.7148148148148,2.45,2.45,0.36,0.36,1,1
1,2026-08-03 04:36:19.786261,1785731779,21,2.68078703703702,2.68078703703702,2.45,2.45,0.27,0.27,1,1
1,2026-08-03 04:36:20.836980,1785731780,22,2.63541666666665,2.63541666666665,2.45,2.45,0.18,0.18,1,1
1,2026-08-03 04:36:21.844510,1785731781,23,2.59004629629628,2.59004629629628,2.45,2.45,0.09,0.09,1,1
1,2026-08-03 04:36:22.849509,1785731782,24,2.54467592592591,2.54467592592591,2.45,2.45,0.9,0.9,1,1
1,2026-08-03 04:36:24.048319,1785731784,25,2.49930555555554,2.49930555555554,2.45,2.45,0.81,0.81,1,1
1,2026-08-03 04:36:25.049776,1785731785,26,2.45393518518517,2.45393518518517,2.45,2.45,0.72,0.72,1,1
1,2026-08-03 04:36:26.067330,1785731786,27,2.4085648148148,2.4085648148148,2.45,2.45,0.63,0.63,1,1
1,2026-08-03 04:36:27.138772,1785731787,28,2.36319444444442,2.36319444444442,2.45,2.45,0.54,0.54,1,1
1,2026-08-03 04:36:28.247367,1785731788,29,2.31782407407405,2.31782407407405,2.45,2.45,0.45,0.45,1,1
1,2026-08-03 04:36:29.253312,1785731789,30,2.27245370370368,2.27245370370368,2.45,2.45,0.36,0.36,1,1
1,2026-08-03 04:36:30.256189,1785731790,31,2.22708333333331,2.22708333333331,2.45,2.45,0.27,0.27,1,1
1,2026-08-03 04:36:31.263277,1785731791,32,2.19305555555553,2.19305555555553,2.45,2.45,0.18,0.18,1,1
1,2026-08-03 04:36:32.266097,1785731792,33,2.14768518518516,2.14768518518516,2.45,2.45,0.09,0.09,1,1
1,2026-08-03 04:36:33.275394,1785731793,34,2.10231481481479,2.10231481481479,2.45,2.45,0.9,0.9,1,1
1,2026-08-03 04:36:34.276966,1785731794,35,2.05694444444442,2.05694444444442,2.45,2.45,0.81,0.81,1,1
1,2026-08-03 04:36:35.291634,1785731795,36,2.02291666666664,2.02291666666664,2.45,2.45,0.72,0.72,1,1
1,2026-08-03 04:36:36.292748,1785731796,37,1.97754629629627,1.97754629629627,2.45,2.45,0.63,0.63,1,1
1,2026-08-03 04:36:37.297579,1785731797,38,1.94351851851849,1.94351851851849,2.45,2.45,0.54,0.54,1,1
1,2026-08-03 04:36:38.308065,1785731798,39,1.89814814814812,1.89814814814812,2.45,2.45,0.45,0.45,1,1
1,2026-08-03 04:36:39.310095,1785731799,40,1.85277777777775,1.85277777777775,2.45,2.45,0.36,0.36,1,1
1,2026-08-03 04:36:40.312171,1785731800,41,1.81874999999997,1.81874999999997,2.45,2.45,0.27,0.27,1,1
1,2026-08-03 04:36:41.314263,1785731801,42,1.7733796296296,1.7733796296296,2.45,2.45,0.18,0.18,1,1
1,2026-08-03 04:36:42.325081,1785731802,43,1.72800925925923,1.72800925925923,2.45,2.45,0.09,0.09,1,1
1,2026-08-03 04:36:43.338726,1785731803,44,1.68263888888886,1.68263888888886,2.45,2.45,0.9,0.9,1,1
1,2026-08-03 04:36:44.340323,1785731804,45,1.64861111111108,1.64861111111108,2.45,2.45,0.81,0.81,1,1
1,2026-08-03 04:36:45.348646,1785731805,46,1.60324074074071,1.60324074074071,2.45,2.45,0.72,0.72,1,1
1,2026-08-03 04:36:46.876719,1785731806,47,1.55787037037034,1.55787037037034,2.45,2.45,0.63,0.63,1,1
1,2026-08-03 04:36:47.879226,1785731807,48,1.51249999999997,1.51249999999997,2.45,2.45,0.54,0.54,1,1
1,2026-08-03 04:36:48.880265,1785731808,49,1.47847222222219,1.47847222222219,2.45,2.45,0.45,0.45,1,1
1,2026-08-03 04:36:49.881965,1785731809,50,1.43310185185182,1.43310185185182,2.45,2.45,0.36,0.36,1,1
1,2026-08-03 04:36:50.919722,1785731810,51,1.38773148148145,1.38773148148145,2.45,2.45,0.27,0.27,1,1
1,2026-08-03 04:36:51.920793,1785731811,52,1.34236111111108,1.34236111111108,2.45,2.45,0.18,0.18,1,1
1,2026-08-03 04:36:52.929733,1785731812,53,1.3083333333333,1.3083333333333,2.45,2.45,0.09,0.09,1,1
1,2026-08-03 04:36:53.982217,1785731813,54,1.26296296296293,1.26296296296293,2.45,2.45,0.9,0.9,1,1
1,2026-08-03 04:36:54.985193,1785731814,55,1.21759259259256,1.21759259259256,2.45,2.45,0.81,0.81,1,1
1,2026-08-03 04:36:55.993764,1785731815,56,1.17222222222219,1.17222222222219,2.45,2.45,0.72,0.72,1,1
1,2026-08-03 04:36:57.023964,1785731817,57,1.13819444444441,1.13819444444441,2.45,2.45,0.63,0.63,1,1
1,2026-08-03 04:36:58.026175,1785731818,58,1.09282407407404,1.09282407407404,2.45,2.45,0.54,0.54,1,1
1,2026-08-03 04:36:59.035106,1785731819,59,1.04745370370367,1.04745370370367,2.45,2.45,0.45,0.45,1,1
1,2026-08-03 04:37:00.043703,1785731820,60,1.0020833333333,1.0020833333333,2.45,2.45,0.36,0.36,1,1
1,2026-08-03 04:37:01.053390,1785731821,61,0.956712962962926,0.956712962962926,2.45,2.45,0.27,0.27,1,1
1,2026-08-03 04:37:02.065137,1785731822,62,0.922685185185148,0.922685185185148,2.45,2.45,0.18,0.18,1,1
1,2026-08-03 04:37:03.068088,1785731823,63,0.877314814814778,0.877314814814778,2.45,2.45,0.09,0.09,1,1
1,2026-08-03 04:37:04.079184,1785731824,64,0.831944444444408,0.831944444444408,2.45,2.45,0.9,0.9,1,1
1,2026-08-03 04:37:05.083052,1785731825,65,0.786574074074037,0.786574074074037,2.45,2.45,0.81,0.81,1,1
1,2026-08-03 04:37:06.086483,1785731826,66,0.75254629629626,0.75254629629626,2.45,2.45,0.72,0.72,1,1
1,2026-08-03 04:37:07.099421,1785731827,67,0.707175925925889,0.707175925925889,2.45,2.45,0.63,0.63,1,1
1,2026-08-03 04:37:08.100868,1785731828,68,0.661805555555519,0.661805555555519,2.45,2.45,0.54,0.54,1,1
1,2026-08-03 04:37:09.111414,1785731829,69,0.616435185185149,0.616435185185149,2.45,2.45,0.45,0.45,1,1
1,2026-08-03 04:37:10.122042,1785731830,70,0.582407407407371,0.582407407407371,2.45,2.45,0.36,0.36,1,1
1,2026-08-03 04:37:11.123358,1785731831,71,0.537037037037,0.537037037037,2.45,2.45,0.27,0.27,1,1
1,2026-08-03 04:37:12.141151,1785731832,72,0.49166666666663,0.49166666666663,2.45,2.45,0.18,0.18,1,1
1,2026-08-03 04:37:13.154778,1785731833,73,0.44629629629626,0.44629629629626,2.45,2.45,0.09,0.09,1,1
1,2026-08-03 04:37:14.164342,1785731834,74,0.412268518518482,0.412268518518482,2.45,2.45,0.9,0.9,1,1
1,2026-08-03 04:37:15.174145,1785731835,75,0.366898148148112,0.366898148148112,2.45,2.45,0.81,0.81,1,1
1,2026-08-03 04:37:16.181379,1785731836,76,0.321527777777741,0.321527777777741,2.45,2.45,0.72,0.72,1,1
1,2026-08-03 04:37:17.183611,1785731837,77,3.606,3.606,2.45,2.45,0.63,0.63,1,1
1,2026-08-03 04:37:18.190615,1785731838,78,3.055,3.055,2.45,2.45,0.54,0.54,1,1
1,2026-08-03 04:37:19.720389,1785731839,79,5.8,5.8,2.45,2.45,0.45,0.45,1,1
1,2026-08-03 04:37:20.734678,1785731840,80,5.76597222222222,5.76597222222222,2.45,2.45,0.36,0.36,1,1
1,2026-08-03 04:37:21.745538,1785731841,81,5.72060185185185,5.72060185185185,2.45,2.45,0.27,0.27,1,1
1,2026-08-03 04:37:22.746621,1785731842,82,5.67523148148149,5.67523148148149,2.45,2.45,0.18,0.18,1,1
1,2026-08-03 04:37:23.775532,1785731843,83,5.62986111111112,5.62986111111112,2.45,2.45,0.09,0.09,1,1
1,2026-08-03 04:37:24.786219,1785731844,84,5.59583333333334,5.59583333333334,2.45,2.45,0.9,0.9,1,1
1,2026-08-03 04:37:25.790626,1785731845,85,5.55046296296297,5.55046296296297,2.45,2.45,0.81,0.81,1,1
1,2026-08-03 04:37:26.795048,1785731846,86,5.5050925925926,5.5050925925926,2.45,2.45,0.72,0.72,1,1
1,2026-08-03 04:37:27.832285,1785731847,87,5.47106481481483,5.47106481481483,2.45,2.45,0.63,0.63,1,1
1,2026-08-03 04:37:28.835177,1785731848,88,5.42569444444446,5.42569444444446,2.45,2.45,0.54,0.54,1,1
1,2026-08-03 04:37:29.836715,1785731849,89,5.38032407407409,5.38032407407409,2.45,2.45,0.45,0.45,1,1
1,2026-08-03 04:37:30.837635,1785731850,90,5.33495370370372,5.33495370370372,2.45,2.45,0.36,0.36,1,1
1,2026-08-03 04:37:31.838645,1785731851,91,5.30092592592594,5.30092592592594,2.45,2.45,0.27,0.27,1,1
1,2026-08-03 04:37:33.004865,1785731853,92,5.25555555555557,5.25555555555557,2.45,2.45,0.18,0.18,1,1
1,2026-08-03 04:37:34.013056,1785731854,93,5.2101851851852,5.2101851851852,2.45,2.45,0.09,0.09,1,1
1,2026-08-03 04:37:35.101750,1785731855,94,5.17615740740742,5.17615740740742,2.45,2.45,0.9,0.9,1,1
1,2026-08-03 04:37:36.173628,1785731856,95,5.13078703703705,5.13078703703705,2.45,2.45,0.81,0.81,1,1
1,2026-08-03 04:37:37.212816,1785731857,96,5.08541666666668,5.08541666666668,2.45,2.45,0.72,0.72,1,1
1,2026-08-03 04:37:38.239528,1785731858,97,5.04004629629631,5.04004629629631,2.45,2.45,0.63,0.63,1,1
1,2026-08-03 04:37:39.248899,1785731859,98,4.99467592592594,4.99467592592594,2.45,2.45,0.54,0.54,1,1
1,2026-08-03 04:37:40.255854,1785731860,99,4.94930555555557,4.94930555555557,2.45,2.45,0.45,0.45,1,1
1,2026-08-03 04:37:41.257911,1785731861,100,4.91527777777779,4.91527777777779,2.45,2.45,0.36,0.36,1,1
1,2026-08-03 04:37:42.267545,1785731862,101,4.86990740740742,4.86990740740742,2.45,2.45,0.27,0.27,1,1
1,2026-08-03 04:37:43.286049,1785731863,102,4.82453703703705,4.82453703703705,2.45,2.45,0.18,0.18,1,1
1,2026-08-03 04:37:44.287720,1785731864,103,4.77916666666668,4.77916666666668,2.45,2.45,0.09,0.09,1,1
1,2026-08-03 04:37:45.290293,1785731865,104,4.7451388888889,4.7451388888889,2.45,2.45,0.9,0.9,1,1
1,2026-08-03 04:37:46.296662,1785731866,105,4.69976851851853,4.69976851851853,2.45,2.45,0.81,0.81,1,1
1,2026-08-03 04:37:47.301218,1785731867,106,4.157,4.157,2.45,2.45,0.72,0.72,1,1
1,2026-08-03 04:37:48.335856,1785731868,107,3.606,3.606,2.45,2.45,0.63,0.63,1,1
1,2026-08-03 04:37:49.340356,1785731869,108,3.055,3.055,2.45,2.45,0.54,0.54,1,1
1,2026-08-03 04:37:50.353641,1785731870,109,4.54097222222223,4.54097222222223,2.45,2.45,0.45,0.45,1,1
1,2026-08-03 04:37:51.367396,1785731871,110,1.953,1.953,2.45,2.45,0.36,0.36,1,1
1,2026-08-03 04:37:52.907533,1785731872,111,1.402,1.402,2.45,2.45,0.27,0.27,1,1
1,2026-08-03 04:37:53.908787,1785731873,112,0.851,0.851,2.45,2.45,0.18,0.18,1,1
1,2026-08-03 04:37:54.910166,1785731874,113,4.39351851851852,4.39351851851852,2.45,2.45,0.09,0.09,1,1
1,2026-08-03 04:37:55.913705,1785731875,114,5.259,5.259,2.45,2.45,0.9,0.9,1,1
1,2026-08-03 04:37:57.022129,1785731877,115,4.31412037037038,4.31412037037038,2.45,2.45,0.81,0.81,1,1
1,2026-08-03 04:37:58.094175,1785731878,116,4.26875,4.26875,2.45,2.45,0.72,0.72,1,1
1,2026-08-03 04:37:59.099012,1785731879,117,3.606,3.606,2.45,2.45,0.63,0.63,1,1
1,2026-08-03 04:38:00.115159,1785731880,118,3.055,3.055,2.45,2.45,0.54,0.54,1,1
1,2026-08-03 04:38:01.124923,1785731881,119,4.13263888888889,4.13263888888889,2.45,2.45,0.45,0.45,1,1
1,2026-08-03 04:38:02.129785,1785731882,120,1.953,1.953,2.45,2.45,0.36,0.36,1,1
1,2026-08-03 04:38:03.151126,1785731883,121,4.05324074074074,4.05324074074074,2.45,2.45,0.27,0.27,1,1
1,2026-08-03 04:38:04.164361,1785731884,122,0.851,0.851,2.45,2.45,0.18,0.18,1,1
1,2026-08-03 04:38:05.169734,1785731885,123,5.81,5.81,2.45,2.45,0.09,0.09,1,1
1,2026-08-03 04:38:06.175222,1785731886,124,5.259,5.259,2.45,2.45,0.9,0.9,1,1
1,2026-08-03 04:38:07.180511,1785731887,125,4.708,4.708,2.45,2.45,0.81,0.81,1,1
1,2026-08-03 04:38:08.192836,1785731888,126,3.83773148148148,3.83773148148148,2.45,2.45,0.72,0.72,1,1
1,2026-08-03 04:38:09.194159,1785731889,127,3.79236111111111,3.79236111111111,2.45,2.45,0.63,0.63,1,1
1,2026-08-03 04:38:10.203795,1785731890,128,3.74699074074074,3.74699074074074,2.45,2.45,0.63,0.63,1,1
1,2026-08-03 04:38:11.206784,1785731891,129,3.71296296296296,3.71296296296296,2.45,2.45,0.54,0.54,1,1
1,2026-08-03 04:38:12.248934,1785731892,130,3.66759259259259,3.66759259259259,2.45,2.45,0.36,0.36,1,1
1,2026-08-03 04:38:13.305800,1785731893,131,1.402,1.402,2.45,2.45,0.27,0.27,1,1
1,2026-08-03 04:38:14.311479,1785731894,132,0.851,0.851,2.45,2.45,0.18,0.18,1,1
1,2026-08-03 04:38:15.325081,1785731895,133,3.54282407407407,3.54282407407407,2.45,2.45,0.09,0.09,1,1
1,2026-08-03 04:38:16.368945,1785731896,134,5.259,5.259,2.45,2.45,0.9,0.9,1,1
1,2026-08-03 04:38:17.374069,1785731897,135,4.708,4.708,2.45,2.45,0.81,0.81,1,1
1,2026-08-03 04:38:18.405769,1785731898,136,4.157,4.157,2.45,2.45,0.72,0.72,1,1
1,2026-08-03 04:38:19.423649,1785731899,137,3.36134259259259,3.36134259259259,2.45,2.45,0.63,0.63,1,1
1,2026-08-03 04:38:20.440789,1785731900,138,3.055,3.055,2.45,2.45,0.54,0.54,1,1
1,2026-08-03 04:38:21.442201,1785731901,139,2.504,2.504,2.45,2.45,0.45,0.45,1,1
1,2026-08-03 04:38:22.459255,1785731902,140,1.953,1.953,2.45,2.45,0.36,0.36,1,1
1,2026-08-03 04:38:23.468728,1785731903,141,1.402,1.402,2.45,2.45,0.27,0.27,1,1
1,2026-08-03 04:38:24.481576,1785731904,142,0.851,0.851,2.45,2.45,0.27,0.27,1,1
1,2026-08-03 04:38:26.041429,1785731906,143,3.11180555555555,3.11180555555555,2.45,2.45,0.09,0.09,1,1
1,2026-08-03 04:38:27.044498,1785731907,144,5.259,5.259,2.45,2.45,0.09,0.09,1,1
1,2026-08-03 04:38:28.054603,1785731908,145,4.708,4.708,2.45,2.45,0.9,0.9,1,1
1,2026-08-03 04:38:29.055986,1785731909,146,2.97569444444443,2.97569444444443,2.45,2.45,0.81,0.81,1,1
1,2026-08-03 04:38:30.062788,1785731910,147,2.94166666666665,2.94166666666665,2.45,2.45,0.72,0.72,1,1
1,2026-08-03 04:38:31.064604,1785731911,148,2.89629629629628,2.89629629629628,2.45,2.45,0.63,0.63,1,1
1,2026-08-03 04:38:32.065649,1785731912,149,2.85092592592591,2.85092592592591,2.45,2.45,0.54,0.54,1,1
1,2026-08-03 04:38:33.069757,1785731913,150,2.80555555555554,2.80555555555554,2.45,2.45,0.45,0.45,1,1
1,2026-08-03 04:38:34.079523,1785731914,151,2.77152777777776,2.77152777777776,2.45,2.45,0.36,0.36,1,1
1,2026-08-03 04:38:35.093964,1785731915,152,2.72615740740739,2.72615740740739,2.45,2.45,0.27,0.27,1,1
1,2026-08-03 04:38:36.113392,1785731916,153,2.68078703703702,2.68078703703702,2.45,2.45,0.18,0.18,1,1
1,2026-08-03 04:38:37.130238,1785731917,154,2.63541666666665,2.63541666666665,2.45,2.45,0.09,0.09,1,1
1,2026-08-03 04:38:38.141618,1785731918,155,2.59004629629628,2.59004629629628,2.45,2.45,0.9,0.9,1,1
1,2026-08-03 04:38:39.142991,1785731919,156,2.5560185185185,2.5560185185185,2.45,2.45,0.81,0.81,1,1
1,2026-08-03 04:38:40.162756,1785731920,157,2.51064814814813,2.51064814814813,2.45,2.45,0.72,0.72,1,1
1,2026-08-03 04:38:41.172666,1785731921,158,2.46527777777776,2.46527777777776,2.45,2.45,0.63,0.63,1,1
1,2026-08-03 04:38:42.180147,1785731922,159,2.41990740740739,2.41990740740739,2.45,2.45,0.54,0.54,1,1
1,2026-08-03 04:38:43.182202,1785731923,160,2.38587962962961,2.38587962962961,2.45,2.45,0.45,0.45,1,1
1,2026-08-03 04:38:44.191636,1785731924,161,2.34050925925924,2.34050925925924,2.45,2.45,0.36,0.36,1,1
1,2026-08-03 04:38:45.192668,1785731925,162,2.29513888888887,2.29513888888887,2.45,2.45,0.27,0.27,1,1
1,2026-08-03 04:38:46.202597,1785731926,163,2.26111111111109,2.26111111111109,2.45,2.45,0.18,0.18,1,1
1,2026-08-03 04:38:47.206082,1785731927,164,2.21574074074072,2.21574074074072,2.45,2.45,0.09,0.09,1,1
1,2026-08-03 04:38:48.218700,1785731928,165,2.17037037037035,2.17037037037035,2.45,2.45,0.9,0.9,1,1
1,2026-08-03 04:38:49.228123,1785731929,166,2.12499999999998,2.12499999999998,2.45,2.45,0.81,0.81,1,1
1,2026-08-03 04:38:50.231695,1785731930,167,2.0909722222222,2.0909722222222,2.45,2.45,0.72,0.72,1,1
1,2026-08-03 04:38:51.237269,1785731931,168,2.04560185185183,2.04560185185183,2.45,2.45,0.63,0.63,1,1
1,2026-08-03 04:38:52.239776,1785731932,169,2.00023148148146,2.00023148148146,2.45,2.45,0.54,0.54,1,1
1,2026-08-03 04:38:53.244448,1785731933,170,1.95486111111109,1.95486111111109,2.45,2.45,0.45,0.45,1,1
1,2026-08-03 04:38:54.263048,1785731934,171,1.92083333333331,1.92083333333331,2.45,2.45,0.36,0.36,1,1
1,2026-08-03 04:38:55.270654,1785731935,172,1.87546296296294,1.87546296296294,2.45,2.45,0.27,0.27,1,1
1,2026-08-03 04:38:56.272501,1785731936,173,1.83009259259257,1.83009259259257,2.45,2.45,0.18,0.18,1,1
1,2026-08-03 04:38:57.274737,1785731937,174,1.79606481481479,1.79606481481479,2.45,2.45,0.09,0.09,1,1
1,2026-08-03 04:38:58.809735,1785731938,175,1.75069444444442,1.75069444444442,2.45,2.45,0.9,0.9,1,1
1,2026-08-03 04:38:59.822431,1785731939,176,1.70532407407405,1.70532407407405,2.45,2.45,0.81,0.81,1,1
1,2026-08-03 04:39:00.846110,1785731940,177,1.67129629629627,1.67129629629627,2.45,2.45,0.72,0.72,1,1
1,2026-08-03 04:39:01.849746,1785731941,178,1.6259259259259,1.6259259259259,2.45,2.45,0.63,0.63,1,1
1,2026-08-03 04:39:02.880587,1785731942,179,1.58055555555553,1.58055555555553,2.45,2.45,0.54,0.54,1,1
1,2026-08-03 04:39:04.040050,1785731944,180,1.53518518518515,1.53518518518515,2.45,2.45,0.45,0.45,1,1
1,2026-08-03 04:39:05.085408,1785731945,181,1.48981481481478,1.48981481481478,2.45,2.45,0.36,0.36,1,1
1,2026-08-03 04:39:06.164188,1785731946,182,1.44444444444441,1.44444444444441,2.45,2.45,0.27,0.27,1,1
1,2026-08-03 04:39:07.172686,1785731947,183,1.39907407407404,1.39907407407404,2.45,2.45,0.18,0.18,1,1
1,2026-08-03 04:39:08.174097,1785731948,184,1.35370370370367,1.35370370370367,2.45,2.45,0.09,0.09,1,1
1,2026-08-03 04:39:09.176005,1785731949,185,1.3083333333333,1.3083333333333,2.45,2.45,0.9,0.9,1,1
1,2026-08-03 04:39:10.199480,1785731950,186,1.27430555555552,1.27430555555552,2.45,2.45,0.81,0.81,1,1
1,2026-08-03 04:39:11.464680,1785731951,187,1.22893518518515,1.22893518518515,2.45,2.45,0.72,0.72,1,1
1,2026-08-03 04:39:12.492850,1785731952,188,1.18356481481478,1.18356481481478,2.45,2.45,0.63,0.63,1,1
1,2026-08-03 04:39:13.511554,1785731953,189,1.13819444444441,1.13819444444441,2.45,2.45,0.54,0.54,1,1
1,2026-08-03 04:39:14.523054,1785731954,190,1.09282407407404,1.09282407407404,2.45,2.45,0.45,0.45,1,1
1,2026-08-03 04:39:15.524507,1785731955,191,1.04745370370367,1.04745370370367,2.45,2.45,0.36,0.36,1,1
1,2026-08-03 04:39:16.531916,1785731956,192,1.01342592592589,1.01342592592589,2.45,2.45,0.27,0.27,1,1
1,2026-08-03 04:39:17.533508,1785731957,193,0.968055555555519,0.968055555555519,2.45,2.45,0.18,0.18,1,1
1,2026-08-03 04:39:18.542544,1785731958,194,0.922685185185148,0.922685185185148,2.45,2.45,0.09,0.09,1,1
1,2026-08-03 04:39:19.563853,1785731959,195,0.888657407407371,0.888657407407371,2.45,2.45,0.9,0.9,1,1
1,2026-08-03 04:39:20.571731,1785731960,196,0.843287037037,0.843287037037,2.45,2.45,0.81,0.81,1,1
1,2026-08-03 04:39:21.587697,1785731961,197,0.79791666666663,0.79791666666663,2.45,2.45,0.72,0.72,1,1
1,2026-08-03 04:39:22.602140,1785731962,198,0.75254629629626,0.75254629629626,2.45,2.45,0.63,0.63,1,1
1,2026-08-03 04:39:23.627444,1785731963,199,0.718518518518482,0.718518518518482,2.45,2.45,0.54,0.54,1,1
1,2026-08-03 04:39:24.673818,1785731964,200,0.673148148148111,0.673148148148111,2.45,2.45,0.45,0.45,1,1
1,2026-08-03 04:39:25.695382,1785731965,201,0.627777777777741,0.627777777777741,2.45,2.45,0.36,0.36,1,1
1,2026-08-03 04:39:26.696274,1785731966,202,0.582407407407371,0.582407407407371,2.45,2.45,0.27,0.27,1,1
1,2026-08-03 04:39:27.700001,1785731967,203,0.537037037037,0.537037037037,2.45,2.45,0.18,0.18,1,1
1,2026-08-03 04:39:28.702175,1785731968,204,0.503009259259223,0.503009259259223,2.45,2.45,0.09,0.09,1,1
1,2026-08-03 04:39:29.715764,1785731969,205,0.457638888888852,0.457638888888852,2.45,2.45,0.9,0.9,1,1
1,2026-08-03 04:39:31.239870,1785731971,206,0.412268518518482,0.412268518518482,2.45,2.45,0.81,0.81,1,1
1,2026-08-03 04:39:32.241902,1785731972,207,0.366898148148112,0.366898148148112,2.45,2.45,0.72,0.72,1,1
1,2026-08-03 04:39:33.248809,1785731973,208,0.332870370370334,0.332870370370334,2.45,2.45,0.63,0.63,1,1
1,2026-08-03 04:39:34.250789,1785731974,209,0.298842592592556,0.298842592592556,2.45,2.45,0.54,0.54,1,1
1,2026-08-03 04:39:35.252674,1785731975,210,2.504,2.504,2.45,2.45,0.45,0.45,1,1
1,2026-08-03 04:39:36.259939,1785731976,211,1.953,1.953,2.45,2.45,0.36,0.36,1,1
1,2026-08-03 04:39:37.263510,1785731977,212,5.76597222222222,5.76597222222222,2.45,2.45,0.27,0.27,1,1
1,2026-08-03 04:39:38.265762,1785731978,213,5.72060185185185,5.72060185185185,2.45,2.45,0.18,0.18,1,1
1,2026-08-03 04:39:39.273787,1785731979,214,5.68657407407408,5.68657407407408,2.45,2.45,0.09,0.09,1,1
1,2026-08-03 04:39:40.288556,1785731980,215,5.64120370370371,5.64120370370371,2.45,2.45,0.9,0.9,1,1
1,2026-08-03 04:39:41.295860,1785731981,216,5.59583333333334,5.59583333333334,2.45,2.45,0.81,0.81,1,1
1,2026-08-03 04:39:42.296740,1785731982,217,5.55046296296297,5.55046296296297,2.45,2.45,0.72,0.72,1,1
1,2026-08-03 04:39:43.299464,1785731983,218,5.5164351851852,5.5164351851852,2.45,2.45,0.63,0.63,1,1
1,2026-08-03 04:39:44.311135,1785731984,219,5.48240740740742,5.48240740740742,2.45,2.45,0.54,0.54,1,1
1,2026-08-03 04:39:45.317788,1785731985,220,5.43703703703705,5.43703703703705,2.45,2.45,0.45,0.45,1,1
1,2026-08-03 04:39:46.319817,1785731986,221,5.39166666666668,5.39166666666668,2.45,2.45,0.36,0.36,1,1
1,2026-08-03 04:39:47.326193,1785731987,222,5.35763888888891,5.35763888888891,2.45,2.45,0.27,0.27,1,1
1,2026-08-03 04:39:48.333020,1785731988,223,5.31226851851854,5.31226851851854,2.45,2.45,0.18,0.18,1,1
1,2026-08-03 04:39:49.334830,1785731989,224,5.26689814814817,5.26689814814817,2.45,2.45,0.09,0.09,1,1
1,2026-08-03 04:39:50.336710,1785731990,225,5.23287037037039,5.23287037037039,2.45,2.45,0.9,0.9,1,1
1,2026-08-03 04:39:51.340276,1785731991,226,5.18750000000002,5.18750000000002,2.45,2.45,0.81,0.81,1,1
1,2026-08-03 04:39:52.341821,1785731992,227,5.14212962962965,5.14212962962965,2.45,2.45,0.72,0.72,1,1
1,2026-08-03 04:39:53.342881,1785731993,228,5.10810185185187,5.10810185185187,2.45,2.45,0.63,0.63,1,1
1,2026-08-03 04:39:54.388944,1785731994,229,5.0627314814815,5.0627314814815,2.45,2.45,0.54,0.54,1,1
1,2026-08-03 04:39:55.390590,1785731995,230,5.01736111111112,5.01736111111112,2.45,2.45,0.45,0.45,1,1
1,2026-08-03 04:39:56.395609,1785731996,231,4.98333333333335,4.98333333333335,2.45,2.45,0.36,0.36,1,1
1,2026-08-03 04:39:57.399295,1785731997,232,4.93796296296298,4.93796296296298,2.45,2.45,0.27,0.27,1,1
1,2026-08-03 04:39:58.400974,1785731998,233,4.8925925925926,4.8925925925926,2.45,2.45,0.18,0.18,1,1
1,2026-08-03 04:39:59.404891,1785731999,234,4.86990740740742,4.86990740740742,2.45,2.45,0.09,0.09,1,1
1,2026-08-03 04:40:00.409008,1785732000,235,4.82453703703705,4.82453703703705,2.45,2.45,0.9,0.9,1,1
1,2026-08-03 04:40:01.415892,1785732001,236,4.77916666666668,4.77916666666668,2.45,2.45,0.81,0.81,1,1
1,2026-08-03 04:40:02.417322,1785732002,237,4.7451388888889,4.7451388888889,2.45,2.45,0.72,0.72,1,1
1,2026-08-03 04:40:03.424622,1785732003,238,4.69976851851853,4.69976851851853,2.45,2.45,0.63,0.63,1,1
1,2026-08-03 04:40:04.956758,1785732004,239,4.65439814814816,4.65439814814816,2.45,2.45,0.54,0.54,1,1
1,2026-08-03 04:40:05.958702,1785732005,240,4.60902777777779,4.60902777777779,2.45,2.45,0.45,0.45,1,1
1,2026-08-03 04:40:06.959642,1785732006,241,4.57500000000001,4.57500000000001,2.45,2.45,0.36,0.36,1,1
1,2026-08-03 04:40:07.963301,1785732007,242,4.52962962962964,4.52962962962964,2.45,2.45,0.27,0.27,1,1
1,2026-08-03 04:40:08.966506,1785732008,243,4.48425925925927,4.48425925925927,2.45,2.45,0.18,0.18,1,1
1,2026-08-03 04:40:09.967474,1785732009,244,4.45023148148149,4.45023148148149,2.45,2.45,0.09,0.09,1,1
1,2026-08-03 04:40:10.971432,1785732010,245,4.40486111111112,4.40486111111112,2.45,2.45,0.9,0.9,1,1
1,2026-08-03 04:40:11.972880,1785732011,246,4.35949074074075,4.35949074074075,2.45,2.45,0.81,0.81,1,1
1,2026-08-03 04:40:12.974521,1785732012,247,4.31412037037038,4.31412037037038,2.45,2.45,0.72,0.72,1,1
1,2026-08-03 04:40:13.975958,1785732013,248,3.606,3.606,2.45,2.45,0.63,0.63,1,1
1,2026-08-03 04:40:14.978151,1785732014,249,3.055,3.055,2.45,2.45,0.54,0.54,1,1
1,2026-08-03 04:40:15.981239,1785732015,250,2.504,2.504,2.45,2.45,0.45,0.45,1,1
1,2026-08-03 04:40:16.984986,1785732016,251,1.953,1.953,2.45,2.45,0.36,0.36,1,1
1,2026-08-03 04:40:17.992103,1785732017,252,1.402,1.402,2.45,2.45,0.27,0.27,1,1
1,2026-08-03 04:40:18.996979,1785732018,253,0.851,0.851,2.45,2.45,0.18,0.18,1,1
1,2026-08-03 04:40:20.001014,1785732020,254,5.81,5.81,2.45,2.45,0.09,0.09,1,1
1,2026-08-03 04:40:21.058330,1785732021,255,3.98518518518519,3.98518518518519,2.45,2.45,0.9,0.9,1,1
1,2026-08-03 04:40:22.081570,1785732022,256,4.708,4.708,2.45,2.45,0.81,0.81,1,1
1,2026-08-03 04:40:23.088567,1785732023,257,4.157,4.157,2.45,2.45,0.72,0.72,1,1
1,2026-08-03 04:40:24.112197,1785732024,258,3.606,3.606,2.45,2.45,0.63,0.63,1,1
1,2026-08-03 04:40:25.157211,1785732025,259,3.055,3.055,2.45,2.45,0.54,0.54,1,1
1,2026-08-03 04:40:26.232621,1785732026,260,3.76967592592592,3.76967592592592,2.45,2.45,0.45,0.45,1,1
1,2026-08-03 04:40:27.235680,1785732027,261,1.953,1.953,2.45,2.45,0.36,0.36,1,1
1,2026-08-03 04:40:28.244966,1785732028,262,1.402,1.402,2.45,2.45,0.27,0.27,1,1
1,2026-08-03 04:40:29.249845,1785732029,263,0.851,0.851,2.45,2.45,0.18,0.18,1,1
1,2026-08-03 04:40:30.286923,1785732030,264,3.58819444444444,3.58819444444444,2.45,2.45,0.09,0.09,1,1
1,2026-08-03 04:40:31.297241,1785732031,265,5.259,5.259,2.45,2.45,0.9,0.9,1,1
1,2026-08-03 04:40:32.302626,1785732032,266,3.50879629629629,3.50879629629629,2.45,2.45,0.81,0.81,1,1
1,2026-08-03 04:40:33.319303,1785732033,267,3.46342592592592,3.46342592592592,2.45,2.45,0.72,0.72,1,1
1,2026-08-03 04:40:34.322401,1785732034,268,3.41805555555555,3.41805555555555,2.45,2.45,0.63,0.63,1,1
1,2026-08-03 04:40:35.352177,1785732035,269,3.38402777777777,3.38402777777777,2.45,2.45,0.54,0.54,1,1
1,2026-08-03 04:40:36.387455,1785732036,270,2.504,2.504,2.45,2.45,0.45,0.45,1,1
1,2026-08-03 04:40:37.932394,1785732037,271,3.29328703703703,3.29328703703703,2.45,2.45,0.36,0.36,1,1
1,2026-08-03 04:40:38.945321,1785732038,272,1.402,1.402,2.45,2.45,0.27,0.27,1,1
1,2026-08-03 04:40:39.947726,1785732039,273,0.851,0.851,2.45,2.45,0.27,0.27,1,1
1,2026-08-03 04:40:40.986181,1785732040,274,5.81,5.81,2.45,2.45,0.09,0.09,1,1
1,2026-08-03 04:40:41.997843,1785732041,275,5.259,5.259,2.45,2.45,0.9,0.9,1,1
1,2026-08-03 04:40:43.023989,1785732043,276,4.708,4.708,2.45,2.45,0.81,0.81,1,1
1,2026-08-03 04:40:44.026195,1785732044,277,4.157,4.157,2.45,2.45,0.81,0.81,1,1
1,2026-08-03 04:40:45.071879,1785732045,278,3.606,3.606,2.45,2.45,0.63,0.63,1,1
1,2026-08-03 04:40:46.131221,1785732046,279,3.055,3.055,2.45,2.45,0.54,0.54,1,1
1,2026-08-03 04:40:47.157168,1785732047,280,2.504,2.504,2.45,2.45,0.45,0.45,1,1
1,2026-08-03 04:40:48.169092,1785732048,281,1.953,1.953,2.45,2.45,0.36,0.36,1,1
1,2026-08-03 04:40:49.171020,1785732049,282,1.402,1.402,2.45,2.45,0.27,0.27,1,1
1,2026-08-03 04:40:50.235963,1785732050,283,2.78287037037036,2.78287037037036,2.45,2.45,0.27,0.27,1,1
1,2026-08-03 04:40:51.245206,1785732051,284,2.73749999999998,2.73749999999998,2.45,2.45,0.18,0.18,1,1
1,2026-08-03 04:40:52.260362,1785732052,285,2.69212962962961,2.69212962962961,2.45,2.45,0.09,0.09,1,1
1,2026-08-03 04:40:53.275659,1785732053,286,2.64675925925924,2.64675925925924,2.45,2.45,0.9,0.9,1,1
1,2026-08-03 04:40:54.295113,1785732054,287,2.62407407407406,2.62407407407406,2.45,2.45,0.81,0.81,1,1
1,2026-08-03 04:40:55.296993,1785732055,288,2.57870370370369,2.57870370370369,2.45,2.45,0.72,0.72,1,1
1,2026-08-03 04:40:56.298219,1785732056,289,2.54467592592591,2.54467592592591,2.45,2.45,0.63,0.63,1,1
1,2026-08-03 04:40:57.299425,1785732057,290,2.49930555555554,2.49930555555554,2.45,2.45,0.54,0.54,1,1
1,2026-08-03 04:40:58.338623,1785732058,291,2.45393518518517,2.45393518518517,2.45,2.45,0.45,0.45,1,1
1,2026-08-03 04:40:59.344947,1785732059,292,2.41990740740739,2.41990740740739,2.45,2.45,0.36,0.36,1,1
1,2026-08-03 04:41:00.359260,1785732060,293,2.37453703703702,2.37453703703702,2.45,2.45,0.27,0.27,1,1
1,2026-08-03 04:41:01.365080,1785732061,294,2.32916666666665,2.32916666666665,2.45,2.45,0.18,0.18,1,1
1,2026-08-03 04:41:02.375540,1785732062,295,2.28379629629628,2.28379629629628,2.45,2.45,0.09,0.09,1,1
1,2026-08-03 04:41:03.382652,1785732063,296,2.2497685185185,2.2497685185185,2.45,2.45,0.9,0.9,1,1
1,2026-08-03 04:41:04.384192,1785732064,297,2.20439814814813,2.20439814814813,2.45,2.45,0.81,0.81,1,1
1,2026-08-03 04:41:05.394993,1785732065,298,2.15902777777776,2.15902777777776,2.45,2.45,0.72,0.72,1,1
1,2026-08-03 04:41:06.405219,1785732066,299,2.11365740740738,2.11365740740738,2.45,2.45,0.63,0.63,1,1
1,2026-08-03 04:41:07.407025,1785732067,300,2.0909722222222,2.0909722222222,2.45,2.45,0.54,0.54,1,1
1,2026-08-03 04:41:08.408927,1785732068,301,2.04560185185183,2.04560185185183,2.45,2.45,0.45,0.45,1,1
1,2026-08-03 04:41:09.411117,1785732069,302,2.00023148148146,2.00023148148146,2.45,2.45,0.36,0.36,1,1
1,2026-08-03 04:41:10.942249,1785732070,303,1.95486111111109,1.95486111111109,2.45,2.45,0.27,0.27,1,1
1,2026-08-03 04:41:11.947452,1785732071,304,1.92083333333331,1.92083333333331,2.45,2.45,0.18,0.18,1,1
1,2026-08-03 04:41:12.950590,1785732072,305,1.87546296296294,1.87546296296294,2.45,2.45,0.09,0.09,1,1
1,2026-08-03 04:41:13.954656,1785732073,306,1.83009259259257,1.83009259259257,2.45,2.45,0.9,0.9,1,1
1,2026-08-03 04:41:14.983024,1785732074,307,1.78472222222219,1.78472222222219,2.45,2.45,0.81,0.81,1,1
1,2026-08-03 04:41:15.992579,1785732075,308,1.75069444444442,1.75069444444442,2.45,2.45,0.72,0.72,1,1
1,2026-08-03 04:41:17.006711,1785732077,309,1.70532407407405,1.70532407407405,2.45,2.45,0.63,0.63,1,1
1,2026-08-03 04:41:18.018050,1785732078,310,1.65995370370367,1.65995370370367,2.45,2.45,0.54,0.54,1,1
1,2026-08-03 04:41:19.020060,1785732079,311,1.6259259259259,1.6259259259259,2.45,2.45,0.45,0.45,1,1
1,2026-08-03 04:41:20.028023,1785732080,312,1.58055555555553,1.58055555555553,2.45,2.45,0.36,0.36,1,1
1,2026-08-03 04:41:21.034084,1785732081,313,1.53518518518515,1.53518518518515,2.45,2.45,0.27,0.27,1,1
1,2026-08-03 04:41:22.036154,1785732082,314,1.50115740740738,1.50115740740738,2.45,2.45,0.18,0.18,1,1
1,2026-08-03 04:41:23.053220,1785732083,315,1.45578703703701,1.45578703703701,2.45,2.45,0.09,0.09,1,1
1,2026-08-03 04:41:24.058141,1785732084,316,1.41041666666663,1.41041666666663,2.45,2.45,0.9,0.9,1,1
1,2026-08-03 04:41:25.059411,1785732085,317,4.708,4.708,2.45,2.45,0.81,0.81,1,1
1,2026-08-03 04:41:26.069641,1785732086,318,4.157,4.157,2.45,2.45,0.72,0.72,1,1
1,2026-08-03 04:41:27.071262,1785732087,319,3.606,3.606,2.45,2.45,0.63,0.63,1,1
1,2026-08-03 04:41:28.091300,1785732088,320,1.24027777777774,1.24027777777774,2.45,2.45,0.54,0.54,1,1
1,2026-08-03 04:41:29.095752,1785732089,321,2.504,2.504,2.45,2.45,0.45,0.45,1,1
1,2026-08-03 04:41:30.106268,1785732090,322,1.953,1.953,2.45,2.45,0.36,0.36,1,1
1,2026-08-03 04:41:31.116395,1785732091,323,1.402,1.402,2.45,2.45,0.27,0.27,1,1
1,2026-08-03 04:41:32.153387,1785732092,324,1.07013888888885,1.07013888888885,2.45,2.45,0.18,0.18,1,1
1,2026-08-03 04:41:33.155331,1785732093,325,5.81,5.81,2.45,2.45,0.09,0.09,1,1
1,2026-08-03 04:41:34.159097,1785732094,326,5.259,5.259,2.45,2.45,0.9,0.9,1,1
1,2026-08-03 04:41:35.197389,1785732095,327,0.945370370370334,0.945370370370334,2.45,2.45,0.81,0.81,1,1
1,2026-08-03 04:41:36.201654,1785732096,328,4.157,4.157,2.45,2.45,0.72,0.72,1,1
1,2026-08-03 04:41:37.235663,1785732097,329,3.606,3.606,2.45,2.45,0.63,0.63,1,1
1,2026-08-03 04:41:38.247508,1785732098,330,3.055,3.055,2.45,2.45,0.54,0.54,1,1
1,2026-08-03 04:41:39.249309,1785732099,331,2.504,2.504,2.45,2.45,0.45,0.45,1,1
1,2026-08-03 04:41:40.254284,1785732100,332,0.741203703703667,0.741203703703667,2.45,2.45,0.36,0.36,1,1
1,2026-08-03 04:41:41.259416,1785732101,333,0.695833333333297,0.695833333333297,2.45,2.45,0.27,0.27,1,1
1,2026-08-03 04:41:42.279642,1785732102,334,0.650462962962926,0.650462962962926,2.45,2.45,0.18,0.18,1,1
1,2026-08-03 04:41:43.830897,1785732103,335,0.616435185185149,0.616435185185149,2.45,2.45,0.09,0.09,1,1
1,2026-08-03 04:41:44.850302,1785732104,336,0.571064814814778,0.571064814814778,2.45,2.45,0.9,0.9,1,1
1,2026-08-03 04:41:45.885327,1785732105,337,4.708,4.708,2.45,2.45,0.81,0.81,1,1
1,2026-08-03 04:41:46.896127,1785732106,338,4.157,4.157,2.45,2.45,0.72,0.72,1,1
1,2026-08-03 04:41:47.915518,1785732107,339,3.606,3.606,2.45,2.45,0.63,0.63,1,1
1,2026-08-03 04:41:48.976546,1785732108,340,0.389583333333297,0.389583333333297,2.45,2.45,0.54,0.54,1,1
1,2026-08-03 04:41:49.978160,1785732109,341,2.504,2.504,2.45,2.45,0.45,0.45,1,1
1,2026-08-03 04:41:50.994594,1785732110,342,1.953,1.953,2.45,2.45,0.45,0.45,1,1
1,2026-08-03 04:41:52.017640,1785732112,343,1.402,1.402,2.45,2.45,0.36,0.36,1,1
1,2026-08-03 04:41:53.031019,1785732113,344,0.851,0.851,2.45,2.45,0.27,0.27,1,1
1,2026-08-03 04:41:54.068230,1785732114,345,5.81,5.81,2.45,2.45,0.09,0.09,1,1
1,2026-08-03 04:41:55.070365,1785732115,346,5.259,5.259,2.45,2.45,0.09,0.09,1,1
1,2026-08-03 04:41:56.098415,1785732116,347,5.69791666666667,5.69791666666667,2.45,2.45,0.81,0.81,1,1
1,2026-08-03 04:41:57.123357,1785732117,348,4.157,4.157,2.45,2.45,0.72,0.72,1,1
1,2026-08-03 04:41:58.162515,1785732118,349,3.606,3.606,2.45,2.45,0.63,0.63,1,1
1,2026-08-03 04:41:59.165327,1785732119,350,3.055,3.055,2.45,2.45,0.54,0.54,1,1
1,2026-08-03 04:42:00.187248,1785732120,351,2.504,2.504,2.45,2.45,0.45,0.45,1,1
1,2026-08-03 04:42:01.188376,1785732121,352,5.48240740740742,5.48240740740742,2.45,2.45,0.36,0.36,1,1
1,2026-08-03 04:42:02.210317,1785732122,353,5.44837962962964,5.44837962962964,2.45,2.45,0.27,0.27,1,1
1,2026-08-03 04:42:03.263097,1785732123,354,5.40300925925927,5.40300925925927,2.45,2.45,0.18,0.18,1,1
1,2026-08-03 04:42:04.274759,1785732124,355,5.81,5.81,2.45,2.45,0.09,0.09,1,1
1,2026-08-03 04:42:05.278885,1785732125,356,5.259,5.259,2.45,2.45,0.9,0.9,1,1
1,2026-08-03 04:42:06.291474,1785732126,357,5.27824074074076,5.27824074074076,2.45,2.45,0.81,0.81,1,1
1,2026-08-03 04:42:07.341320,1785732127,358,4.157,4.157,2.45,2.45,0.72,0.72,1,1
1,2026-08-03 04:42:08.440996,1785732128,359,3.606,3.606,2.45,2.45,0.63,0.63,1,1
1,2026-08-03 04:42:09.442490,1785732129,360,3.055,3.055,2.45,2.45,0.54,0.54,1,1
1,2026-08-03 04:42:10.447709,1785732130,361,2.504,2.504,2.45,2.45,0.45,0.45,1,1
1,2026-08-03 04:42:11.456891,1785732131,362,5.0627314814815,5.0627314814815,2.45,2.45,0.36,0.36,1,1
1,2026-08-03 04:42:12.459472,1785732132,363,5.01736111111112,5.01736111111112,2.45,2.45,0.27,0.27,1,1
1,2026-08-03 04:42:13.463606,1785732133,364,0.851,0.851,2.45,2.45,0.18,0.18,1,1
1,2026-08-03 04:42:14.471175,1785732134,365,5.81,5.81,2.45,2.45,0.09,0.09,1,1
1,2026-08-03 04:42:15.472339,1785732135,366,5.259,5.259,2.45,2.45,0.9,0.9,1,1
1,2026-08-03 04:42:17.048587,1785732137,367,4.708,4.708,2.45,2.45,0.81,0.81,1,1
1,2026-08-03 04:42:18.050331,1785732138,368,4.157,4.157,2.45,2.45,0.72,0.72,1,1
1,2026-08-03 04:42:19.052360,1785732139,369,4.76782407407408,4.76782407407408,2.45,2.45,0.63,0.63,1,1
1,2026-08-03 04:42:20.218294,1785732140,370,4.72245370370371,4.72245370370371,2.45,2.45,0.54,0.54,1,1
1,2026-08-03 04:42:21.284486,1785732141,371,2.504,2.504,2.45,2.45,0.45,0.45,1,1
1,2026-08-03 04:42:22.287312,1785732142,372,1.953,1.953,2.45,2.45,0.36,0.36,1,1
1,2026-08-03 04:42:23.305377,1785732143,373,4.5863425925926,4.5863425925926,2.45,2.45,0.27,0.27,1,1
1,2026-08-03 04:42:24.414716,1785732144,374,4.54097222222223,4.54097222222223,2.45,2.45,0.18,0.18,1,1
1,2026-08-03 04:42:25.416612,1785732145,375,4.49560185185186,4.49560185185186,2.45,2.45,0.09,0.09,1,1
1,2026-08-03 04:42:26.424771,1785732146,376,4.46157407407408,4.46157407407408,2.45,2.45,0.9,0.9,1,1
1,2026-08-03 04:42:27.515698,1785732147,377,4.41620370370371,4.41620370370371,2.45,2.45,0.81,0.81,1,1
1,2026-08-03 04:42:28.526932,1785732148,378,4.37083333333334,4.37083333333334,2.45,2.45,0.72,0.72,1,1
1,2026-08-03 04:42:29.584224,1785732149,379,4.32546296296297,4.32546296296297,2.45,2.45,0.63,0.63,1,1
1,2026-08-03 04:42:30.599620,1785732150,380,4.2800925925926,4.2800925925926,2.45,2.45,0.54,0.54,1,1
1,2026-08-03 04:42:31.604651,1785732151,381,4.23472222222223,4.23472222222223,2.45,2.45,0.45,0.45,1,1
1,2026-08-03 04:42:32.698051,1785732152,382,4.20069444444445,4.20069444444445,2.45,2.45,0.36,0.36,1,1
1,2026-08-03 04:42:33.771271,1785732153,383,4.15532407407408,4.15532407407408,2.45,2.45,0.27,0.27,1,1
1,2026-08-03 04:42:34.878690,1785732154,384,4.10995370370371,4.10995370370371,2.45,2.45,0.18,0.18,1,1
1,2026-08-03 04:42:35.944803,1785732155,385,4.06458333333333,4.06458333333333,2.45,2.45,0.09,0.09,1,1
1,2026-08-03 04:42:36.946957,1785732156,386,4.01921296296296,4.01921296296296,2.45,2.45,0.9,0.9,1,1
1,2026-08-03 04:42:37.969087,1785732157,387,3.97384259259259,3.97384259259259,2.45,2.45,0.81,0.81,1,1
1,2026-08-03 04:42:38.972914,1785732158,388,3.92847222222222,3.92847222222222,2.45,2.45,0.72,0.72,1,1
1,2026-08-03 04:42:40.003658,1785732160,389,3.89444444444444,3.89444444444444,2.45,2.45,0.63,0.63,1,1
1,2026-08-03 04:42:41.005366,1785732161,390,3.84907407407407,3.84907407407407,2.45,2.45,0.54,0.54,1,1
1,2026-08-03 04:42:42.006662,1785732162,391,3.8037037037037,3.8037037037037,2.45,2.45,0.45,0.45,1,1
1,2026-08-03 04:42:43.020006,1785732163,392,3.76967592592592,3.76967592592592,2.45,2.45,0.36,0.36,1,1
1,2026-08-03 04:42:44.021669,1785732164,393,3.72430555555555,3.72430555555555,2.45,2.45,0.27,0.27,1,1
1,2026-08-03 04:42:45.022843,1785732165,394,3.67893518518518,3.67893518518518,2.45,2.45,0.18,0.18,1,1
1,2026-08-03 04:42:46.024785,1785732166,395,3.63356481481481,3.63356481481481,2.45,2.45,0.09,0.09,1,1
1,2026-08-03 04:42:47.025893,1785732167,396,3.59953703703703,3.59953703703703,2.45,2.45,0.9,0.9,1,1
1,2026-08-03 04:42:48.032838,1785732168,397,3.55416666666666,3.55416666666666,2.45,2.45,0.81,0.81,1,1
1,2026-08-03 04:42:49.569804,1785732169,398,3.50879629629629,3.50879629629629,2.45,2.45,0.72,0.72,1,1
1,2026-08-03 04:42:50.592545,1785732170,399,3.46342592592592,3.46342592592592,2.45,2.45,0.63,0.63,1,1
1,2026-08-03 04:42:51.594926,1785732171,400,3.42939814814814,3.42939814814814,2.45,2.45,0.54,0.54,1,1
1,2026-08-03 04:42:52.601939,1785732172,401,3.39537037037036,3.39537037037036,2.45,2.45,0.45,0.45,1,1
1,2026-08-03 04:42:53.612036,1785732173,402,3.34999999999999,3.34999999999999,2.45,2.45,0.36,0.36,1,1
1,2026-08-03 04:42:54.619874,1785732174,403,3.31597222222221,3.31597222222221,2.45,2.45,0.27,0.27,1,1
1,2026-08-03 04:42:55.624178,1785732175,404,3.28194444444444,3.28194444444444,2.45,2.45,0.18,0.18,1,1
1,2026-08-03 04:42:56.627125,1785732176,405,3.23657407407407,3.23657407407407,2.45,2.45,0.09,0.09,1,1
1,2026-08-03 04:42:57.630935,1785732177,406,3.19120370370369,3.19120370370369,2.45,2.45,0.9,0.9,1,1
1,2026-08-03 04:42:58.642029,1785732178,407,3.14583333333332,3.14583333333332,2.45,2.45,0.81,0.81,1,1
1,2026-08-03 04:42:59.643086,1785732179,408,3.11180555555555,3.11180555555555,2.45,2.45,0.72,0.72,1,1
1,2026-08-03 04:43:00.645135,1785732180,409,3.06643518518517,3.06643518518517,2.45,2.45,0.63,0.63,1,1
1,2026-08-03 04:43:01.649559,1785732181,410,3.0324074074074,3.0324074074074,2.45,2.45,0.54,0.54,1,1
1,2026-08-03 04:43:02.661176,1785732182,411,2.98703703703702,2.98703703703702,2.45,2.45,0.45,0.45,1,1
1,2026-08-03 04:43:03.668173,1785732183,412,2.94166666666665,2.94166666666665,2.45,2.45,0.36,0.36,1,1
1,2026-08-03 04:43:04.670361,1785732184,413,2.89629629629628,2.89629629629628,2.45,2.45,0.27,0.27,1,1
1,2026-08-03 04:43:05.674922,1785732185,414,0.851,0.851,2.45,2.45,0.18,0.18,1,1
1,2026-08-03 04:43:06.681133,1785732186,415,2.81689814814813,2.81689814814813,2.45,2.45,0.09,0.09,1,1
1,2026-08-03 04:43:07.684166,1785732187,416,5.259,5.259,2.45,2.45,0.9,0.9,1,1
1,2026-08-03 04:43:08.697246,1785732188,417,2.73749999999998,2.73749999999998,2.45,2.45,0.81,0.81,1,1
1,2026-08-03 04:43:09.858488,1785732189,418,2.69212962962961,2.69212962962961,2.45,2.45,0.72,0.72,1,1
1,2026-08-03 04:43:10.863041,1785732190,419,2.64675925925924,2.64675925925924,2.45,2.45,0.63,0.63,1,1
1,2026-08-03 04:43:12.022011,1785732192,420,2.60138888888887,2.60138888888887,2.45,2.45,0.54,0.54,1,1
1,2026-08-03 04:43:13.049390,1785732193,421,2.5560185185185,2.5560185185185,2.45,2.45,0.45,0.45,1,1
1,2026-08-03 04:43:14.068656,1785732194,422,2.51064814814813,2.51064814814813,2.45,2.45,0.36,0.36,1,1
1,2026-08-03 04:43:15.073476,1785732195,423,2.47662037037035,2.47662037037035,2.45,2.45,0.27,0.27,1,1
1,2026-08-03 04:43:16.117863,1785732196,424,2.43124999999998,2.43124999999998,2.45,2.45,0.18,0.18,1,1
1,2026-08-03 04:43:17.173953,1785732197,425,2.38587962962961,2.38587962962961,2.45,2.45,0.09,0.09,1,1
1,2026-08-03 04:43:18.179628,1785732198,426,2.34050925925924,2.34050925925924,2.45,2.45,0.9,0.9,1,1
1,2026-08-03 04:43:19.183871,1785732199,427,2.30648148148146,2.30648148148146,2.45,2.45,0.81,0.81,1,1
1,2026-08-03 04:43:20.241030,1785732200,428,2.26111111111109,2.26111111111109,2.45,2.45,0.72,0.72,1,1
1,2026-08-03 04:43:21.243875,1785732201,429,2.21574074074072,2.21574074074072,2.45,2.45,0.63,0.63,1,1
1,2026-08-03 04:43:22.847048,1785732202,430,2.17037037037035,2.17037037037035,2.45,2.45,0.54,0.54,1,1
1,2026-08-03 04:43:23.854871,1785732203,431,2.12499999999998,2.12499999999998,2.45,2.45,0.45,0.45,1,1
1,2026-08-03 04:43:24.899023,1785732204,432,2.07962962962961,2.07962962962961,2.45,2.45,0.36,0.36,1,1
1,2026-08-03 04:43:25.907408,1785732205,433,2.03425925925924,2.03425925925924,2.45,2.45,0.27,0.27,1,1
1,2026-08-03 04:43:26.938703,1785732206,434,2.00023148148146,2.00023148148146,2.45,2.45,0.18,0.18,1,1
1,2026-08-03 04:43:27.942670,1785732207,435,1.95486111111109,1.95486111111109,2.45,2.45,0.09,0.09,1,1
1,2026-08-03 04:43:28.995801,1785732208,436,1.90949074074071,1.90949074074071,2.45,2.45,0.9,0.9,1,1
1,2026-08-03 04:43:29.997291,1785732209,437,1.86412037037034,1.86412037037034,2.45,2.45,0.81,0.81,1,1
1,2026-08-03 04:43:31.003732,1785732211,438,1.83009259259257,1.83009259259257,2.45,2.45,0.72,0.72,1,1
1,2026-08-03 04:43:32.007097,1785732212,439,1.78472222222219,1.78472222222219,2.45,2.45,0.63,0.63,1,1
1,2026-08-03 04:43:33.009199,1785732213,440,1.73935185185182,1.73935185185182,2.45,2.45,0.54,0.54,1,1
1,2026-08-03 04:43:34.010151,1785732214,441,1.69398148148145,1.69398148148145,2.45,2.45,0.45,0.45,1,1
1,2026-08-03 04:43:35.012198,1785732215,442,1.65995370370367,1.65995370370367,2.45,2.45,0.36,0.36,1,1
1,2026-08-03 04:43:36.014306,1785732216,443,1.6145833333333,1.6145833333333,2.45,2.45,0.27,0.27,1,1
1,2026-08-03 04:43:37.021899,1785732217,444,1.56921296296293,1.56921296296293,2.45,2.45,0.18,0.18,1,1
1,2026-08-03 04:43:38.036873,1785732218,445,1.52384259259256,1.52384259259256,2.45,2.45,0.09,0.09,1,1
1,2026-08-03 04:43:39.058768,1785732219,446,1.48981481481478,1.48981481481478,2.45,2.45,0.9,0.9,1,1
1,2026-08-03 04:43:40.068973,1785732220,447,1.44444444444441,1.44444444444441,2.45,2.45,0.81,0.81,1,1
1,2026-08-03 04:43:41.085699,1785732221,448,1.39907407407404,1.39907407407404,2.45,2.45,0.72,0.72,1,1
1,2026-08-03 04:43:42.087807,1785732222,449,1.36504629629626,1.36504629629626,2.45,2.45,0.63,0.63,1,1
1,2026-08-03 04:43:43.089321,1785732223,450,1.31967592592589,1.31967592592589,2.45,2.45,0.54,0.54,1,1
1,2026-08-03 04:43:44.091259,1785732224,451,1.27430555555552,1.27430555555552,2.45,2.45,0.45,0.45,1,1
1,2026-08-03 04:43:45.092671,1785732225,452,1.22893518518515,1.22893518518515,2.45,2.45,0.36,0.36,1,1
1,2026-08-03 04:43:46.106144,1785732226,453,1.19490740740737,1.19490740740737,2.45,2.45,0.27,0.27,1,1
1,2026-08-03 04:43:47.113669,1785732227,454,1.149537037037,1.149537037037,2.45,2.45,0.18,0.18,1,1
1,2026-08-03 04:43:48.129361,1785732228,455,1.10416666666663,1.10416666666663,2.45,2.45,0.09,0.09,1,1
1,2026-08-03 04:43:49.131779,1785732229,456,1.05879629629626,1.05879629629626,2.45,2.45,0.9,0.9,1,1
1,2026-08-03 04:43:50.207381,1785732230,457,1.02476851851848,1.02476851851848,2.45,2.45,0.81,0.81,1,1
1,2026-08-03 04:43:51.261367,1785732231,458,0.979398148148111,0.979398148148111,2.45,2.45,0.72,0.72,1,1
1,2026-08-03 04:43:52.278152,1785732232,459,0.945370370370334,0.945370370370334,2.45,2.45,0.63,0.63,1,1
1,2026-08-03 04:43:53.286600,1785732233,460,0.911342592592556,0.911342592592556,2.45,2.45,0.54,0.54,1,1
1,2026-08-03 04:43:54.289051,1785732234,461,0.865972222222185,0.865972222222185,2.45,2.45,0.45,0.45,1,1
1,2026-08-03 04:43:55.810214,1785732235,462,0.820601851851815,0.820601851851815,2.45,2.45,0.36,0.36,1,1
1,2026-08-03 04:43:56.817674,1785732236,463,0.786574074074037,0.786574074074037,2.45,2.45,0.27,0.27,1,1
1,2026-08-03 04:43:57.820594,1785732237,464,0.741203703703667,0.741203703703667,2.45,2.45,0.18,0.18,1,1
1,2026-08-03 04:43:58.823373,1785732238,465,0.695833333333297,0.695833333333297,2.45,2.45,0.09,0.09,1,1
1,2026-08-03 04:43:59.835104,1785732239,466,5.259,5.259,2.45,2.45,0.9,0.9,1,1
1,2026-08-03 04:44:00.838384,1785732240,467,4.708,4.708,2.45,2.45,0.81,0.81,1,1
1,2026-08-03 04:44:01.840653,1785732241,468,0.571064814814778,0.571064814814778,2.45,2.45,0.72,0.72,1,1
1,2026-08-03 04:44:02.889437,1785732242,469,3.606,3.606,2.45,2.45,0.63,0.63,1,1
1,2026-08-03 04:44:03.892111,1785732243,470,3.055,3.055,2.45,2.45,0.54,0.54,1,1
1,2026-08-03 04:44:04.905294,1785732244,471,2.504,2.504,2.45,2.45,0.45,0.45,1,1
1,2026-08-03 04:44:05.916405,1785732245,472,1.953,1.953,2.45,2.45,0.36,0.36,1,1
1,2026-08-03 04:44:06.927562,1785732246,473,1.402,1.402,2.45,2.45,0.27,0.27,1,1
1,2026-08-03 04:44:07.931513,1785732247,474,0.321527777777741,0.321527777777741,2.45,2.45,0.18,0.18,1,1
1,2026-08-03 04:44:08.955531,1785732248,475,0.298842592592556,0.298842592592556,2.45,2.45,0.09,0.09,1,1
1,2026-08-03 04:44:09.977543,1785732249,476,5.81,5.81,2.45,2.45,0.9,0.9,1,1
1,2026-08-03 04:44:11.002572,1785732251,477,5.8,5.8,2.45,2.45,0.81,0.81,1,1
1,2026-08-03 04:44:12.004383,1785732252,478,5.75462962962963,5.75462962962963,2.45,2.45,0.81,0.81,1,1
1,2026-08-03 04:44:13.009658,1785732253,479,5.72060185185185,5.72060185185185,2.45,2.45,0.72,0.72,1,1
1,2026-08-03 04:44:14.011931,1785732254,480,5.67523148148149,5.67523148148149,2.45,2.45,0.63,0.63,1,1
1,2026-08-03 04:44:15.014165,1785732255,481,5.62986111111112,5.62986111111112,2.45,2.45,0.54,0.54,1,1
1,2026-08-03 04:44:16.041805,1785732256,482,5.59583333333334,5.59583333333334,2.45,2.45,0.45,0.45,1,1
1,2026-08-03 04:44:17.045637,1785732257,483,5.55046296296297,5.55046296296297,2.45,2.45,0.36,0.36,1,1
1,2026-08-03 04:44:18.112495,1785732258,484,5.5050925925926,5.5050925925926,2.45,2.45,0.27,0.27,1,1
1,2026-08-03 04:44:19.166121,1785732259,485,5.45972222222224,5.45972222222224,2.45,2.45,0.18,0.18,1,1
1,2026-08-03 04:44:20.231832,1785732260,486,5.42569444444446,5.42569444444446,2.45,2.45,0.09,0.09,1,1
1,2026-08-03 04:44:21.237126,1785732261,487,5.39166666666668,5.39166666666668,2.45,2.45,0.9,0.9,1,1
1,2026-08-03 04:44:22.265636,1785732262,488,5.34629629629631,5.34629629629631,2.45,2.45,0.81,0.81,1,1
1,2026-08-03 04:44:23.278216,1785732263,489,5.30092592592594,5.30092592592594,2.45,2.45,0.72,0.72,1,1
1,2026-08-03 04:44:24.280158,1785732264,490,5.25555555555557,5.25555555555557,2.45,2.45,0.63,0.63,1,1
1,2026-08-03 04:44:25.289117,1785732265,491,5.22152777777779,5.22152777777779,2.45,2.45,0.54,0.54,1,1
1,2026-08-03 04:44:26.347420,1785732266,492,5.17615740740742,5.17615740740742,2.45,2.45,0.45,0.45,1,1
1,2026-08-03 04:44:27.349703,1785732267,493,5.13078703703705,5.13078703703705,2.45,2.45,0.36,0.36,1,1
1,2026-08-03 04:44:28.874556,1785732268,494,5.08541666666668,5.08541666666668,2.45,2.45,0.27,0.27,1,1
1,2026-08-03 04:44:29.884598,1785732269,495,5.0513888888889,5.0513888888889,2.45,2.45,0.18,0.18,1,1
1,2026-08-03 04:44:30.897841,1785732270,496,5.00601851851853,5.00601851851853,2.45,2.45,0.09,0.09,1,1
1,2026-08-03 04:44:31.903902,1785732271,497,4.96064814814816,4.96064814814816,2.45,2.45,0.9,0.9,1,1
1,2026-08-03 04:44:32.907624,1785732272,498,4.92662037037038,4.92662037037038,2.45,2.45,0.81,0.81,1,1
1,2026-08-03 04:44:34.023075,1785732274,499,4.88125000000001,4.88125000000001,2.45,2.45,0.72,0.72,1,1
1,2026-08-03 04:44:35.036766,1785732275,500,4.83587962962964,4.83587962962964,2.45,2.45,0.63,0.63,1,1
1,2026-08-03 04:44:36.038896,1785732276,501,4.79050925925927,4.79050925925927,2.45,2.45,0.54,0.54,1,1
1,2026-08-03 04:44:37.040199,1785732277,502,4.75648148148149,4.75648148148149,2.45,2.45,0.45,0.45,1,1
1,2026-08-03 04:44:38.047074,1785732278,503,4.71111111111112,4.71111111111112,2.45,2.45,0.36,0.36,1,1
1,2026-08-03 04:44:39.049804,1785732279,504,4.66574074074075,4.66574074074075,2.45,2.45,0.27,0.27,1,1
1,2026-08-03 04:44:40.052020,1785732280,505,4.62037037037038,4.62037037037038,2.45,2.45,0.18,0.18,1,1
1,2026-08-03 04:44:41.139763,1785732281,506,4.5863425925926,4.5863425925926,2.45,2.45,0.09,0.09,1,1
1,2026-08-03 04:44:42.143127,1785732282,507,4.54097222222223,4.54097222222223,2.45,2.45,0.9,0.9,1,1
1,2026-08-03 04:44:43.145116,1785732283,508,4.49560185185186,4.49560185185186,2.45,2.45,0.81,0.81,1,1
1,2026-08-03 04:44:44.147152,1785732284,509,4.45023148148149,4.45023148148149,2.45,2.45,0.72,0.72,1,1
1,2026-08-03 04:44:45.150885,1785732285,510,4.40486111111112,4.40486111111112,2.45,2.45,0.63,0.63,1,1
1,2026-08-03 04:44:46.182113,1785732286,511,4.37083333333334,4.37083333333334,2.45,2.45,0.54,0.54,1,1
1,2026-08-03 04:44:47.232955,1785732287,512,4.32546296296297,4.32546296296297,2.45,2.45,0.45,0.45,1,1
1,2026-08-03 04:44:48.239791,1785732288,513,4.2800925925926,4.2800925925926,2.45,2.45,0.36,0.36,1,1
1,2026-08-03 04:44:49.246962,1785732289,514,4.23472222222223,4.23472222222223,2.45,2.45,0.27,0.27,1,1
1,2026-08-03 04:44:50.252909,1785732290,515,4.18935185185186,4.18935185185186,2.45,2.45,0.18,0.18,1,1
1,2026-08-03 04:44:51.275880,1785732291,516,4.15532407407408,4.15532407407408,2.45,2.45,0.09,0.09,1,1
1,2026-08-03 04:44:52.277272,1785732292,517,4.10995370370371,4.10995370370371,2.45,2.45,0.9,0.9,1,1
1,2026-08-03 04:44:53.328089,1785732293,518,4.06458333333333,4.06458333333333,2.45,2.45,0.81,0.81,1,1
1,2026-08-03 04:44:54.330413,1785732294,519,4.01921296296296,4.01921296296296,2.45,2.45,0.72,0.72,1,1
1,2026-08-03 04:44:55.332290,1785732295,520,3.98518518518519,3.98518518518519,2.45,2.45,0.63,0.63,1,1
1,2026-08-03 04:44:56.340252,1785732296,521,3.93981481481481,3.93981481481481,2.45,2.45,0.54,0.54,1,1
1,2026-08-03 04:44:57.351196,1785732297,522,3.89444444444444,3.89444444444444,2.45,2.45,0.45,0.45,1,1
1,2026-08-03 04:44:58.380143,1785732298,523,3.86041666666667,3.86041666666667,2.45,2.45,0.36,0.36,1,1
1,2026-08-03 04:44:59.393106,1785732299,524,3.81504629629629,3.81504629629629,2.45,2.45,0.27,0.27,1,1
1,2026-08-03 04:45:00.395705,1785732300,525,3.78101851851852,3.78101851851852,2.45,2.45,0.18,0.18,1,1
1,2026-08-03 04:45:01.914968,1785732301,526,3.73564814814815,3.73564814814815,2.45,2.45,0.09,0.09,1,1
1,2026-08-03 04:45:02.922471,1785732302,527,3.69027777777777,3.69027777777777,2.45,2.45,0.9,0.9,1,1
1,2026-08-03 04:45:03.926790,1785732303,528,3.65625,3.65625,2.45,2.45,0.81,0.81,1,1
1,2026-08-03 04:45:04.933476,1785732304,529,3.61087962962963,3.61087962962963,2.45,2.45,0.72,0.72,1,1
1,2026-08-03 04:45:05.940653,1785732305,530,3.56550925925925,3.56550925925925,2.45,2.45,0.63,0.63,1,1
1,2026-08-03 04:45:06.965659,1785732306,531,3.52013888888888,3.52013888888888,2.45,2.45,0.54,0.54,1,1
1,2026-08-03 04:45:07.997129,1785732307,532,3.48611111111111,3.48611111111111,2.45,2.45,0.45,0.45,1,1
1,2026-08-03 04:45:08.998403,1785732308,533,3.44074074074073,3.44074074074073,2.45,2.45,0.36,0.36,1,1
1,2026-08-03 04:45:10.081889,1785732310,534,3.39537037037036,3.39537037037036,2.45,2.45,0.27,0.27,1,1
1,2026-08-03 04:45:11.225175,1785732311,535,3.34999999999999,3.34999999999999,2.45,2.45,0.18,0.18,1,1
1,2026-08-03 04:45:12.240122,1785732312,536,3.30462962962962,3.30462962962962,2.45,2.45,0.09,0.09,1,1
1,2026-08-03 04:45:13.264980,1785732313,537,3.25925925925925,3.25925925925925,2.45,2.45,0.9,0.9,1,1
1,2026-08-03 04:45:14.285021,1785732314,538,3.21388888888888,3.21388888888888,2.45,2.45,0.81,0.81,1,1
1,2026-08-03 04:45:15.299091,1785732315,539,3.16851851851851,3.16851851851851,2.45,2.45,0.72,0.72,1,1
1,2026-08-03 04:45:16.303872,1785732316,540,3.13449074074073,3.13449074074073,2.45,2.45,0.63,0.63,1,1
1,2026-08-03 04:45:17.312055,1785732317,541,3.08912037037036,3.08912037037036,2.45,2.45,0.54,0.54,1,1
1,2026-08-03 04:45:18.320154,1785732318,542,3.04374999999999,3.04374999999999,2.45,2.45,0.45,0.45,1,1
1,2026-08-03 04:45:19.321927,1785732319,543,2.99837962962962,2.99837962962962,2.45,2.45,0.36,0.36,1,1
1,2026-08-03 04:45:20.332640,1785732320,544,2.96435185185184,2.96435185185184,2.45,2.45,0.27,0.27,1,1
1,2026-08-03 04:45:21.336888,1785732321,545,2.91898148148147,2.91898148148147,2.45,2.45,0.18,0.18,1,1
1,2026-08-03 04:45:22.343643,1785732322,546,2.8736111111111,2.8736111111111,2.45,2.45,0.09,0.09,1,1
1,2026-08-03 04:45:23.349013,1785732323,547,2.82824074074073,2.82824074074073,2.45,2.45,0.9,0.9,1,1
1,2026-08-03 04:45:24.352949,1785732324,548,2.79421296296295,2.79421296296295,2.45,2.45,0.81,0.81,1,1
1,2026-08-03 04:45:25.355166,1785732325,549,2.74884259259258,2.74884259259258,2.45,2.45,0.72,0.72,1,1
1,2026-08-03 04:45:26.361651,1785732326,550,2.70347222222221,2.70347222222221,2.45,2.45,0.63,0.63,1,1
1,2026-08-03 04:45:27.370337,1785732327,551,2.65810185185184,2.65810185185184,2.45,2.45,0.54,0.54,1,1
1,2026-08-03 04:45:28.377809,1785732328,552,2.62407407407406,2.62407407407406,2.45,2.45,0.45,0.45,1,1
1,2026-08-03 04:45:29.379643,1785732329,553,2.57870370370369,2.57870370370369,2.45,2.45,0.36,0.36,1,1
1,2026-08-03 04:45:30.382085,1785732330,554,2.53333333333332,2.53333333333332,2.45,2.45,0.27,0.27,1,1
1,2026-08-03 04:45:31.402577,1785732331,555,2.48796296296294,2.48796296296294,2.45,2.45,0.18,0.18,1,1
1,2026-08-03 04:45:32.404092,1785732332,556,2.45393518518517,2.45393518518517,2.45,2.45,0.09,0.09,1,1
1,2026-08-03 04:45:33.411665,1785732333,557,2.4085648148148,2.4085648148148,2.45,2.45,0.9,0.9,1,1
1,2026-08-03 04:45:34.933219,1785732334,558,2.36319444444442,2.36319444444442,2.45,2.45,0.81,0.81,1,1
1,2026-08-03 04:45:35.935765,1785732335,559,2.31782407407405,2.31782407407405,2.45,2.45,0.72,0.72,1,1
1,2026-08-03 04:45:36.940324,1785732336,560,2.28379629629628,2.28379629629628,2.45,2.45,0.63,0.63,1,1
1,2026-08-03 04:45:37.956111,1785732337,561,2.2384259259259,2.2384259259259,2.45,2.45,0.54,0.54,1,1
1,2026-08-03 04:45:38.959943,1785732338,562,2.19305555555553,2.19305555555553,2.45,2.45,0.45,0.45,1,1
1,2026-08-03 04:45:40.211610,1785732340,563,2.15902777777776,2.15902777777776,2.45,2.45,0.36,0.36,1,1
1,2026-08-03 04:45:41.224667,1785732341,564,2.11365740740738,2.11365740740738,2.45,2.45,0.27,0.27,1,1
1,2026-08-03 04:45:42.227608,1785732342,565,2.06828703703701,2.06828703703701,2.45,2.45,0.18,0.18,1,1
1,2026-08-03 04:45:43.238459,1785732343,566,2.02291666666664,2.02291666666664,2.45,2.45,0.09,0.09,1,1
1,2026-08-03 04:45:44.243484,1785732344,567,1.97754629629627,1.97754629629627,2.45,2.45,0.9,0.9,1,1
1,2026-08-03 04:45:45.254266,1785732345,568,1.94351851851849,1.94351851851849,2.45,2.45,0.81,0.81,1,1
1,2026-08-03 04:45:46.260892,1785732346,569,1.89814814814812,1.89814814814812,2.45,2.45,0.72,0.72,1,1
1,2026-08-03 04:45:47.265028,1785732347,570,1.85277777777775,1.85277777777775,2.45,2.45,0.63,0.63,1,1
1,2026-08-03 04:45:48.284529,1785732348,571,1.80740740740738,1.80740740740738,2.45,2.45,0.54,0.54,1,1
1,2026-08-03 04:45:49.295251,1785732349,572,1.7733796296296,1.7733796296296,2.45,2.45,0.45,0.45,1,1
1,2026-08-03 04:45:50.300316,1785732350,573,1.72800925925923,1.72800925925923,2.45,2.45,0.36,0.36,1,1
1,2026-08-03 04:45:51.320708,1785732351,574,1.68263888888886,1.68263888888886,2.45,2.45,0.27,0.27,1,1
1,2026-08-03 04:45:52.489457,1785732352,575,1.64861111111108,1.64861111111108,2.45,2.45,0.18,0.18,1,1
1,2026-08-03 04:45:53.546471,1785732353,576,1.60324074074071,1.60324074074071,2.45,2.45,0.09,0.09,1,1
1,2026-08-03 04:45:54.547533,1785732354,577,1.56921296296293,1.56921296296293,2.45,2.45,0.9,0.9,1,1
1,2026-08-03 04:45:55.550388,1785732355,578,1.52384259259256,1.52384259259256,2.45,2.45,0.81,0.81,1,1
1,2026-08-03 04:45:56.558572,1785732356,579,1.48981481481478,1.48981481481478,2.45,2.45,0.72,0.72,1,1
1,2026-08-03 04:45:57.561879,1785732357,580,1.44444444444441,1.44444444444441,2.45,2.45,0.63,0.63,1,1
1,2026-08-03 04:45:58.580718,1785732358,581,1.41041666666663,1.41041666666663,2.45,2.45,0.54,0.54,1,1
1,2026-08-03 04:45:59.583766,1785732359,582,1.36504629629626,1.36504629629626,2.45,2.45,0.45,0.45,1,1
1,2026-08-03 04:46:00.643515,1785732360,583,1.33101851851849,1.33101851851849,2.45,2.45,0.36,0.36,1,1
1,2026-08-03 04:46:01.738768,1785732361,584,1.28564814814812,1.28564814814812,2.45,2.45,0.27,0.27,1,1
1,2026-08-03 04:46:02.756268,1785732362,585,1.24027777777774,1.24027777777774,2.45,2.45,0.18,0.18,1,1
1,2026-08-03 04:46:03.800980,1785732363,586,1.19490740740737,1.19490740740737,2.45,2.45,0.09,0.09,1,1
1,2026-08-03 04:46:04.923306,1785732364,587,1.149537037037,1.149537037037,2.45,2.45,0.9,0.9,1,1
1,2026-08-03 04:46:06.028456,1785732366,588,1.10416666666663,1.10416666666663,2.45,2.45,0.81,0.81,1,1
1,2026-08-03 04:46:07.560013,1785732367,589,1.05879629629626,1.05879629629626,2.45,2.45,0.72,0.72,1,1
1,2026-08-03 04:46:08.566582,1785732368,590,1.01342592592589,1.01342592592589,2.45,2.45,0.63,0.63,1,1
1,2026-08-03 04:46:09.575881,1785732369,591,0.968055555555519,0.968055555555519,2.45,2.45,0.54,0.54,1,1
1,2026-08-03 04:46:10.578694,1785732370,592,0.922685185185148,0.922685185185148,2.45,2.45,0.45,0.45,1,1
1,2026-08-03 04:46:11.580223,1785732371,593,0.888657407407371,0.888657407407371,2.45,2.45,0.36,0.36,1,1
1,2026-08-03 04:46:12.581414,1785732372,594,0.843287037037,0.843287037037,2.45,2.45,0.27,0.27,1,1
1,2026-08-03 04:46:13.584908,1785732373,595,0.79791666666663,0.79791666666663,2.45,2.45,0.18,0.18,1,1
1,2026-08-03 04:46:14.588527,1785732374,596,0.763888888888852,0.763888888888852,2.45,2.45,0.09,0.09,1,1
1,2026-08-03 04:46:15.594459,1785732375,597,0.718518518518482,0.718518518518482,2.45,2.45,0.9,0.9,1,1
1,2026-08-03 04:46:16.596330,1785732376,598,0.673148148148111,0.673148148148111,2.45,2.45,0.81,0.81,1,1
1,2026-08-03 04:46:17.597961,1785732377,599,0.639120370370334,0.639120370370334,2.45,2.45,0.72,0.72,1,1
1,2026-08-03 04:46:18.601224,1785732378,600,0.593749999999963,0.593749999999963,2.45,2.45,0.63,0.63,1,1
1,2026-08-03 04:46:19.602345,1785732379,601,0.548379629629593,0.548379629629593,2.45,2.45,0.54,0.54,1,1
1,2026-08-03 04:46:20.625478,1785732380,602,0.503009259259223,0.503009259259223,2.45,2.45,0.45,0.45,1,1
1,2026-08-03 04:46:21.627408,1785732381,603,0.468981481481445,0.468981481481445,2.45,2.45,0.36,0.36,1,1
1,2026-08-03 04:46:22.632111,1785732382,604,0.423611111111074,0.423611111111074,2.45,2.45,0.27,0.27,1,1
1,2026-08-03 04:46:23.638452,1785732383,605,0.378240740740704,0.378240740740704,2.45,2.45,0.18,0.18,1,1
1,2026-08-03 04:46:24.641047,1785732384,606,0.332870370370334,0.332870370370334,2.45,2.45,0.09,0.09,1,1
1,2026-08-03 04:46:25.648767,1785732385,607,0.298842592592556,0.298842592592556,2.45,2.45,0.9,0.9,1,1
1,2026-08-03 04:46:26.652861,1785732386,608,4.708,4.708,2.45,2.45,0.81,0.81,1,1
1,2026-08-03 04:46:27.666595,1785732387,609,4.157,4.157,2.45,2.45,0.72,0.72,1,1
1,2026-08-03 04:46:28.684406,1785732388,610,5.77731481481482,5.77731481481482,2.45,2.45,0.63,0.63,1,1
1,2026-08-03 04:46:29.689141,1785732389,611,5.73194444444445,5.73194444444445,2.45,2.45,0.54,0.54,1,1
1,2026-08-03 04:46:30.691459,1785732390,612,5.69791666666667,5.69791666666667,2.45,2.45,0.45,0.45,1,1
1,2026-08-03 04:46:31.693197,1785732391,613,5.6525462962963,5.6525462962963,2.45,2.45,0.36,0.36,1,1
1,2026-08-03 04:46:32.705357,1785732392,614,5.60717592592593,5.60717592592593,2.45,2.45,0.27,0.27,1,1
1,2026-08-03 04:46:33.713181,1785732393,615,5.56180555555556,5.56180555555556,2.45,2.45,0.18,0.18,1,1
1,2026-08-03 04:46:34.718187,1785732394,616,5.52777777777779,5.52777777777779,2.45,2.45,0.09,0.09,1,1
1,2026-08-03 04:46:35.720347,1785732395,617,5.48240740740742,5.48240740740742,2.45,2.45,0.9,0.9,1,1
1,2026-08-03 04:46:36.723893,1785732396,618,5.43703703703705,5.43703703703705,2.45,2.45,0.81,0.81,1,1
1,2026-08-03 04:46:37.725969,1785732397,619,5.39166666666668,5.39166666666668,2.45,2.45,0.72,0.72,1,1
1,2026-08-03 04:46:38.727987,1785732398,620,5.35763888888891,5.35763888888891,2.45,2.45,0.63,0.63,1,1
1,2026-08-03 04:46:39.745654,1785732399,621,5.31226851851854,5.31226851851854,2.45,2.45,0.54,0.54,1,1
1,2026-08-03 04:46:41.446642,1785732401,622,5.27824074074076,5.27824074074076,2.45,2.45,0.45,0.45,1,1
1,2026-08-03 04:46:42.494202,1785732402,623,5.23287037037039,5.23287037037039,2.45,2.45,0.36,0.36,1,1
1,2026-08-03 04:46:43.497577,1785732403,624,5.18750000000002,5.18750000000002,2.45,2.45,0.27,0.27,1,1
1,2026-08-03 04:46:44.608669,1785732404,625,5.14212962962965,5.14212962962965,2.45,2.45,0.18,0.18,1,1
1,2026-08-03 04:46:45.617791,1785732405,626,5.09675925925927,5.09675925925927,2.45,2.45,0.09,0.09,1,1
1,2026-08-03 04:46:46.624247,1785732406,627,5.0513888888889,5.0513888888889,2.45,2.45,0.9,0.9,1,1
1,2026-08-03 04:46:47.885407,1785732407,628,5.01736111111112,5.01736111111112,2.45,2.45,0.81,0.81,1,1
1,2026-08-03 04:46:48.982579,1785732408,629,4.97199074074075,4.97199074074075,2.45,2.45,0.72,0.72,1,1
1,2026-08-03 04:46:49.993009,1785732409,630,4.92662037037038,4.92662037037038,2.45,2.45,0.63,0.63,1,1
1,2026-08-03 04:46:50.998681,1785732410,631,4.8925925925926,4.8925925925926,2.45,2.45,0.54,0.54,1,1
1,2026-08-03 04:46:52.012576,1785732412,632,4.84722222222223,4.84722222222223,2.45,2.45,0.45,0.45,1,1
1,2026-08-03 04:46:53.032109,1785732413,633,4.80185185185186,4.80185185185186,2.45,2.45,0.36,0.36,1,1
1,2026-08-03 04:46:54.038493,1785732414,634,4.75648148148149,4.75648148148149,2.45,2.45,0.27,0.27,1,1
1,2026-08-03 04:46:55.070905,1785732415,635,4.72245370370371,4.72245370370371,2.45,2.45,0.18,0.18,1,1
1,2026-08-03 04:46:56.077985,1785732416,636,4.67708333333334,4.67708333333334,2.45,2.45,0.09,0.09,1,1
1,2026-08-03 04:46:57.081689,1785732417,637,4.63171296296297,4.63171296296297,2.45,2.45,0.9,0.9,1,1
1,2026-08-03 04:46:58.087639,1785732418,638,4.5863425925926,4.5863425925926,2.45,2.45,0.81,0.81,1,1
1,2026-08-03 04:46:59.092416,1785732419,639,4.54097222222223,4.54097222222223,2.45,2.45,0.72,0.72,1,1
1,2026-08-03 04:47:00.102806,1785732420,640,4.50694444444445,4.50694444444445,2.45,2.45,0.63,0.63,1,1
1,2026-08-03 04:47:01.108048,1785732421,641,4.46157407407408,4.46157407407408,2.45,2.45,0.54,0.54,1,1
1,2026-08-03 04:47:02.109281,1785732422,642,4.41620370370371,4.41620370370371,2.45,2.45,0.45,0.45,1,1
1,2026-08-03 04:47:03.116957,1785732423,643,4.37083333333334,4.37083333333334,2.45,2.45,0.36,0.36,1,1
1,2026-08-03 04:47:04.122259,1785732424,644,4.33680555555556,4.33680555555556,2.45,2.45,0.27,0.27,1,1
1,2026-08-03 04:47:05.128458,1785732425,645,4.29143518518519,4.29143518518519,2.45,2.45,0.18,0.18,1,1
1,2026-08-03 04:47:06.131035,1785732426,646,4.24606481481482,4.24606481481482,2.45,2.45,0.09,0.09,1,1
1,2026-08-03 04:47:07.132486,1785732427,647,4.20069444444445,4.20069444444445,2.45,2.45,0.9,0.9,1,1
1,2026-08-03 04:47:08.134454,1785732428,648,4.16666666666667,4.16666666666667,2.45,2.45,0.81,0.81,1,1
1,2026-08-03 04:47:09.142476,1785732429,649,4.1212962962963,4.1212962962963,2.45,2.45,0.72,0.72,1,1
1,2026-08-03 04:47:10.147541,1785732430,650,4.07592592592593,4.07592592592593,2.45,2.45,0.63,0.63,1,1
1,2026-08-03 04:47:11.202843,1785732431,651,4.03055555555556,4.03055555555556,2.45,2.45,0.54,0.54,1,1
1,2026-08-03 04:47:12.214252,1785732432,652,3.98518518518519,3.98518518518519,2.45,2.45,0.45,0.45,1,1
1,2026-08-03 04:47:13.736779,1785732433,653,3.95115740740741,3.95115740740741,2.45,2.45,0.36,0.36,1,1
1,2026-08-03 04:47:14.741422,1785732434,654,3.90578703703704,3.90578703703704,2.45,2.45,0.27,0.27,1,1
1,2026-08-03 04:47:15.820747,1785732435,655,3.87175925925926,3.87175925925926,2.45,2.45,0.18,0.18,1,1
1,2026-08-03 04:47:16.829304,1785732436,656,3.82638888888889,3.82638888888889,2.45,2.45,0.09,0.09,1,1
1,2026-08-03 04:47:17.879002,1785732437,657,3.78101851851852,3.78101851851852,2.45,2.45,0.9,0.9,1,1
1,2026-08-03 04:47:18.922352,1785732438,658,3.73564814814815,3.73564814814815,2.45,2.45,0.81,0.81,1,1
1,2026-08-03 04:47:19.939608,1785732439,659,3.69027777777777,3.69027777777777,2.45,2.45,0.72,0.72,1,1
1,2026-08-03 04:47:20.967992,1785732440,660,3.66759259259259,3.66759259259259,2.45,2.45,0.63,0.63,1,1
1,2026-08-03 04:47:22.145325,1785732442,661,3.62222222222222,3.62222222222222,2.45,2.45,0.54,0.54,1,1
1,2026-08-03 04:47:23.160909,1785732443,662,3.57685185185185,3.57685185185185,2.45,2.45,0.45,0.45,1,1
1,2026-08-03 04:47:24.172209,1785732444,663,3.53148148148148,3.53148148148148,2.45,2.45,0.36,0.36,1,1
1,2026-08-03 04:47:25.176356,1785732445,664,3.48611111111111,3.48611111111111,2.45,2.45,0.27,0.27,1,1
1,2026-08-03 04:47:26.195612,1785732446,665,3.44074074074073,3.44074074074073,2.45,2.45,0.18,0.18,1,1
1,2026-08-03 04:47:27.209696,1785732447,666,5.81,5.81,2.45,2.45,0.09,0.09,1,1
1,2026-08-03 04:47:28.219245,1785732448,667,3.36134259259259,3.36134259259259,2.45,2.45,0.9,0.9,1,1
1,2026-08-03 04:47:29.293071,1785732449,668,3.31597222222221,3.31597222222221,2.45,2.45,0.81,0.81,1,1
1,2026-08-03 04:47:30.300757,1785732450,669,3.27060185185184,3.27060185185184,2.45,2.45,0.72,0.72,1,1
1,2026-08-03 04:47:31.398868,1785732451,670,3.22523148148147,3.22523148148147,2.45,2.45,0.63,0.63,1,1
1,2026-08-03 04:47:32.420124,1785732452,671,3.1798611111111,3.1798611111111,2.45,2.45,0.54,0.54,1,1
1,2026-08-03 04:47:33.436106,1785732453,672,3.13449074074073,3.13449074074073,2.45,2.45,0.45,0.45,1,1
1,2026-08-03 04:47:34.446255,1785732454,673,3.10046296296295,3.10046296296295,2.45,2.45,0.36,0.36,1,1
1,2026-08-03 04:47:35.448144,1785732455,674,3.05509259259258,3.05509259259258,2.45,2.45,0.27,0.27,1,1
1,2026-08-03 04:47:36.472019,1785732456,675,3.00972222222221,3.00972222222221,2.45,2.45,0.18,0.18,1,1
1,2026-08-03 04:47:37.474410,1785732457,676,2.96435185185184,2.96435185185184,2.45,2.45,0.09,0.09,1,1
1,2026-08-03 04:47:38.498320,1785732458,677,2.93032407407406,2.93032407407406,2.45,2.45,0.9,0.9,1,1
1,2026-08-03 04:47:39.514829,1785732459,678,2.88495370370369,2.88495370370369,2.45,2.45,0.81,0.81,1,1
1,2026-08-03 04:47:40.516718,1785732460,679,2.83958333333332,2.83958333333332,2.45,2.45,0.72,0.72,1,1
1,2026-08-03 04:47:41.527412,1785732461,680,2.79421296296295,2.79421296296295,2.45,2.45,0.63,0.63,1,1
1,2026-08-03 04:47:42.541412,1785732462,681,2.74884259259258,2.74884259259258,2.45,2.45,0.54,0.54,1,1
1,2026-08-03 04:47:43.547289,1785732463,682,2.7148148148148,2.7148148148148,2.45,2.45,0.45,0.45,1,1
1,2026-08-03 04:47:44.548878,1785732464,683,2.66944444444443,2.66944444444443,2.45,2.45,0.36,0.36,1,1
1,2026-08-03 04:47:45.551613,1785732465,684,2.62407407407406,2.62407407407406,2.45,2.45,0.27,0.27,1,1
1,2026-08-03 04:47:47.071352,1785732467,685,0.851,0.851,2.45,2.45,0.18,0.18,1,1
1,2026-08-03 04:47:48.073574,1785732468,686,2.54467592592591,2.54467592592591,2.45,2.45,0.09,0.09,1,1
1,2026-08-03 04:47:49.079259,1785732469,687,2.49930555555554,2.49930555555554,2.45,2.45,0.9,0.9,1,1
1,2026-08-03 04:47:50.086276,1785732470,688,4.708,4.708,2.45,2.45,0.81,0.81,1,1
1,2026-08-03 04:47:51.107413,1785732471,689,2.41990740740739,2.41990740740739,2.45,2.45,0.72,0.72,1,1
1,2026-08-03 04:47:52.129414,1785732472,690,2.37453703703702,2.37453703703702,2.45,2.45,0.63,0.63,1,1
1,2026-08-03 04:47:53.134084,1785732473,691,2.32916666666665,2.32916666666665,2.45,2.45,0.54,0.54,1,1
1,2026-08-03 04:47:54.158989,1785732474,692,2.28379629629628,2.28379629629628,2.45,2.45,0.45,0.45,1,1
1,2026-08-03 04:47:55.163061,1785732475,693,1.953,1.953,2.45,2.45,0.36,0.36,1,1
1,2026-08-03 04:47:56.166920,1785732476,694,2.20439814814813,2.20439814814813,2.45,2.45,0.27,0.27,1,1
1,2026-08-03 04:47:57.174369,1785732477,695,2.15902777777776,2.15902777777776,2.45,2.45,0.18,0.18,1,1
1,2026-08-03 04:47:58.182737,1785732478,696,2.11365740740738,2.11365740740738,2.45,2.45,0.09,0.09,1,1
1,2026-08-03 04:47:59.190305,1785732479,697,5.259,5.259,2.45,2.45,0.9,0.9,1,1
1,2026-08-03 04:48:00.194432,1785732480,698,4.708,4.708,2.45,2.45,0.81,0.81,1,1
1,2026-08-03 04:48:01.202819,1785732481,699,1.98888888888886,1.98888888888886,2.45,2.45,0.72,0.72,1,1
1,2026-08-03 04:48:02.204903,1785732482,700,1.95486111111109,1.95486111111109,2.45,2.45,0.63,0.63,1,1
1,2026-08-03 04:48:03.207867,1785732483,701,3.055,3.055,2.45,2.45,0.54,0.54,1,1
1,2026-08-03 04:48:04.212624,1785732484,702,2.504,2.504,2.45,2.45,0.45,0.45,1,1
1,2026-08-03 04:48:05.219873,1785732485,703,1.953,1.953,2.45,2.45,0.36,0.36,1,1
1,2026-08-03 04:48:06.221812,1785732486,704,1.78472222222219,1.78472222222219,2.45,2.45,0.27,0.27,1,1
1,2026-08-03 04:48:07.227738,1785732487,705,0.851,0.851,2.45,2.45,0.18,0.18,1,1
1,2026-08-03 04:48:08.229080,1785732488,706,5.81,5.81,2.45,2.45,0.09,0.09,1,1
1,2026-08-03 04:48:09.239099,1785732489,707,5.259,5.259,2.45,2.45,0.9,0.9,1,1
1,2026-08-03 04:48:10.239981,1785732490,708,4.708,4.708,2.45,2.45,0.81,0.81,1,1
1,2026-08-03 04:48:11.295890,1785732491,709,4.157,4.157,2.45,2.45,0.72,0.72,1,1
1,2026-08-03 04:48:12.306017,1785732492,710,3.606,3.606,2.45,2.45,0.63,0.63,1,1
1,2026-08-03 04:48:13.346708,1785732493,711,1.48981481481478,1.48981481481478,2.45,2.45,0.54,0.54,1,1
1,2026-08-03 04:48:14.348588,1785732494,712,1.44444444444441,1.44444444444441,2.45,2.45,0.45,0.45,1,1
1,2026-08-03 04:48:15.379460,1785732495,713,1.39907407407404,1.39907407407404,2.45,2.45,0.36,0.36,1,1
1,2026-08-03 04:48:16.398469,1785732496,714,1.36504629629626,1.36504629629626,2.45,2.45,0.27,0.27,1,1
1,2026-08-03 04:48:17.439142,1785732497,715,1.31967592592589,1.31967592592589,2.45,2.45,0.18,0.18,1,1
1,2026-08-03 04:48:18.440679,1785732498,716,5.81,5.81,2.45,2.45,0.09,0.09,1,1
1,2026-08-03 04:48:19.965801,1785732499,717,1.22893518518515,1.22893518518515,2.45,2.45,0.9,0.9,1,1
1,2026-08-03 04:48:20.971053,1785732500,718,1.18356481481478,1.18356481481478,2.45,2.45,0.81,0.81,1,1
1,2026-08-03 04:48:21.992642,1785732501,719,1.149537037037,1.149537037037,2.45,2.45,0.72,0.72,1,1
1,2026-08-03 04:48:23.044030,1785732503,720,3.606,3.606,2.45,2.45,0.63,0.63,1,1
1,2026-08-03 04:48:24.056126,1785732504,721,3.055,3.055,2.45,2.45,0.54,0.54,1,1
1,2026-08-03 04:48:25.081142,1785732505,722,2.504,2.504,2.45,2.45,0.45,0.45,1,1
1,2026-08-03 04:48:26.132990,1785732506,723,1.953,1.953,2.45,2.45,0.36,0.36,1,1
1,2026-08-03 04:48:27.142547,1785732507,724,1.402,1.402,2.45,2.45,0.27,0.27,1,1
1,2026-08-03 04:48:28.404854,1785732508,725,0.851,0.851,2.45,2.45,0.18,0.18,1,1
1,2026-08-03 04:48:29.495081,1785732509,726,0.831944444444408,0.831944444444408,2.45,2.45,0.09,0.09,1,1
1,2026-08-03 04:48:30.592853,1785732510,727,0.786574074074037,0.786574074074037,2.45,2.45,0.9,0.9,1,1
1,2026-08-03 04:48:31.677624,1785732511,728,0.75254629629626,0.75254629629626,2.45,2.45,0.81,0.81,1,1
1,2026-08-03 04:48:32.682894,1785732512,729,0.707175925925889,0.707175925925889,2.45,2.45,0.72,0.72,1,1
1,2026-08-03 04:48:33.759711,1785732513,730,0.661805555555519,0.661805555555519,2.45,2.45,0.63,0.63,1,1
1,2026-08-03 04:48:34.785367,1785732514,731,0.627777777777741,0.627777777777741,2.45,2.45,0.54,0.54,1,1
1,2026-08-03 04:48:35.787531,1785732515,732,0.593749999999963,0.593749999999963,2.45,2.45,0.45,0.45,1,1
1,2026-08-03 04:48:36.789299,1785732516,733,0.559722222222185,0.559722222222185,2.45,2.45,0.36,0.36,1,1
1,2026-08-03 04:48:37.792162,1785732517,734,0.537037037037,0.537037037037,2.45,2.45,0.27,0.27,1,1
1,2026-08-03 04:48:38.796338,1785732518,735,0.49166666666663,0.49166666666663,2.45,2.45,0.18,0.18,1,1
1,2026-08-03 04:48:39.797201,1785732519,736,0.44629629629626,0.44629629629626,2.45,2.45,0.09,0.09,1,1
1,2026-08-03 04:48:40.817109,1785732520,737,0.400925925925889,0.400925925925889,2.45,2.45,0.9,0.9,1,1
1,2026-08-03 04:48:41.823388,1785732521,738,0.366898148148112,0.366898148148112,2.45,2.45,0.81,0.81,1,1
1,2026-08-03 04:48:42.826493,1785732522,739,0.321527777777741,0.321527777777741,2.45,2.45,0.72,0.72,1,1
1,2026-08-03 04:48:43.828200,1785732523,740,3.606,3.606,2.45,2.45,0.63,0.63,1,1
1,2026-08-03 04:48:44.830191,1785732524,741,3.055,3.055,2.45,2.45,0.54,0.54,1,1
1,2026-08-03 04:48:45.832171,1785732525,742,5.8,5.8,2.45,2.45,0.45,0.45,1,1
1,2026-08-03 04:48:46.837900,1785732526,743,5.76597222222222,5.76597222222222,2.45,2.45,0.36,0.36,1,1
1,2026-08-03 04:48:47.858140,1785732527,744,5.72060185185185,5.72060185185185,2.45,2.45,0.27,0.27,1,1
1,2026-08-03 04:48:48.860174,1785732528,745,0.851,0.851,2.45,2.45,0.18,0.18,1,1
1,2026-08-03 04:48:49.862371,1785732529,746,5.64120370370371,5.64120370370371,2.45,2.45,0.09,0.09,1,1
1,2026-08-03 04:48:50.865104,1785732530,747,5.59583333333334,5.59583333333334,2.45,2.45,0.9,0.9,1,1
1,2026-08-03 04:48:51.868168,1785732531,748,5.55046296296297,5.55046296296297,2.45,2.45,0.81,0.81,1,1
1,2026-08-03 04:48:53.390979,1785732533,749,4.157,4.157,2.45,2.45,0.72,0.72,1,1
1,2026-08-03 04:48:54.392901,1785732534,750,3.606,3.606,2.45,2.45,0.63,0.63,1,1
1,2026-08-03 04:48:55.395167,1785732535,751,3.055,3.055,2.45,2.45,0.54,0.54,1,1
1,2026-08-03 04:48:56.397631,1785732536,752,2.504,2.504,2.45,2.45,0.45,0.45,1,1
1,2026-08-03 04:48:57.400085,1785732537,753,1.953,1.953,2.45,2.45,0.36,0.36,1,1
1,2026-08-03 04:48:58.402035,1785732538,754,5.30092592592594,5.30092592592594,2.45,2.45,0.36,0.36,1,1
1,2026-08-03 04:48:59.456571,1785732539,755,0.851,0.851,2.45,2.45,0.18,0.18,1,1
1,2026-08-03 04:49:00.457795,1785732540,756,5.81,5.81,2.45,2.45,0.09,0.09,1,1
1,2026-08-03 04:49:01.458900,1785732541,757,5.259,5.259,2.45,2.45,0.09,0.09,1,1
1,2026-08-03 04:49:02.470278,1785732542,758,5.14212962962965,5.14212962962965,2.45,2.45,0.9,0.9,1,1
1,2026-08-03 04:49:03.505614,1785732543,759,5.09675925925927,5.09675925925927,2.45,2.45,0.72,0.72,1,1
1,2026-08-03 04:49:04.547652,1785732544,760,5.0513888888889,5.0513888888889,2.45,2.45,0.63,0.63,1,1
1,2026-08-03 04:49:05.553785,1785732545,761,5.00601851851853,5.00601851851853,2.45,2.45,0.54,0.54,1,1
1,2026-08-03 04:49:06.569451,1785732546,762,4.96064814814816,4.96064814814816,2.45,2.45,0.45,0.45,1,1
1,2026-08-03 04:49:07.633587,1785732547,763,4.91527777777779,4.91527777777779,2.45,2.45,0.36,0.36,1,1
1,2026-08-03 04:49:08.635236,1785732548,764,4.88125000000001,4.88125000000001,2.45,2.45,0.27,0.27,1,1
1,2026-08-03 04:49:09.746708,1785732549,765,4.83587962962964,4.83587962962964,2.45,2.45,0.18,0.18,1,1
1,2026-08-03 04:49:10.771185,1785732550,766,4.79050925925927,4.79050925925927,2.45,2.45,0.09,0.09,1,1
1,2026-08-03 04:49:11.807845,1785732551,767,4.7451388888889,4.7451388888889,2.45,2.45,0.9,0.9,1,1
1,2026-08-03 04:49:12.827666,1785732552,768,4.708,4.708,2.45,2.45,0.81,0.81,1,1
1,2026-08-03 04:49:13.848721,1785732553,769,4.65439814814816,4.65439814814816,2.45,2.45,0.72,0.72,1,1
1,2026-08-03 04:49:14.872723,1785732554,770,4.62037037037038,4.62037037037038,2.45,2.45,0.63,0.63,1,1
1,2026-08-03 04:49:15.874805,1785732555,771,4.57500000000001,4.57500000000001,2.45,2.45,0.54,0.54,1,1
1,2026-08-03 04:49:16.894846,1785732556,772,2.504,2.504,2.45,2.45,0.45,0.45,1,1
1,2026-08-03 04:49:17.916838,1785732557,773,4.48425925925927,4.48425925925927,2.45,2.45,0.36,0.36,1,1
1,2026-08-03 04:49:18.927507,1785732558,774,4.4388888888889,4.4388888888889,2.45,2.45,0.27,0.27,1,1
1,2026-08-03 04:49:19.930297,1785732559,775,4.40486111111112,4.40486111111112,2.45,2.45,0.27,0.27,1,1
1,2026-08-03 04:49:20.936010,1785732560,776,4.35949074074075,4.35949074074075,2.45,2.45,0.18,0.18,1,1
1,2026-08-03 04:49:21.945527,1785732561,777,4.31412037037038,4.31412037037038,2.45,2.45,0.09,0.09,1,1
1,2026-08-03 04:49:22.951521,1785732562,778,4.26875,4.26875,2.45,2.45,0.9,0.9,1,1
1,2026-08-03 04:49:23.967921,1785732563,779,4.23472222222223,4.23472222222223,2.45,2.45,0.81,0.81,1,1
1,2026-08-03 04:49:25.499057,1785732565,780,4.18935185185186,4.18935185185186,2.45,2.45,0.72,0.72,1,1
1,2026-08-03 04:49:26.505111,1785732566,781,4.14398148148148,4.14398148148148,2.45,2.45,0.63,0.63,1,1
1,2026-08-03 04:49:27.511128,1785732567,782,4.09861111111111,4.09861111111111,2.45,2.45,0.54,0.54,1,1
1,2026-08-03 04:49:28.512440,1785732568,783,4.06458333333333,4.06458333333333,2.45,2.45,0.45,0.45,1,1
1,2026-08-03 04:49:29.516782,1785732569,784,4.01921296296296,4.01921296296296,2.45,2.45,0.36,0.36,1,1
1,2026-08-03 04:49:30.592192,1785732570,785,3.98518518518519,3.98518518518519,2.45,2.45,0.27,0.27,1,1
1,2026-08-03 04:49:31.595550,1785732571,786,3.95115740740741,3.95115740740741,2.45,2.45,0.18,0.18,1,1
1,2026-08-03 04:49:32.605471,1785732572,787,3.90578703703704,3.90578703703704,2.45,2.45,0.09,0.09,1,1
1,2026-08-03 04:49:33.607594,1785732573,788,3.87175925925926,3.87175925925926,2.45,2.45,0.9,0.9,1,1
1,2026-08-03 04:49:34.613428,1785732574,789,3.84907407407407,3.84907407407407,2.45,2.45,0.81,0.81,1,1
1,2026-08-03 04:49:35.615033,1785732575,790,3.81504629629629,3.81504629629629,2.45,2.45,0.72,0.72,1,1
1,2026-08-03 04:49:36.647932,1785732576,791,3.76967592592592,3.76967592592592,2.45,2.45,0.63,0.63,1,1
1,2026-08-03 04:49:37.694230,1785732577,792,3.73564814814815,3.73564814814815,2.45,2.45,0.54,0.54,1,1
1,2026-08-03 04:49:38.705029,1785732578,793,3.70162037037037,3.70162037037037,2.45,2.45,0.45,0.45,1,1
1,2026-08-03 04:49:39.712071,1785732579,794,3.65625,3.65625,2.45,2.45,0.36,0.36,1,1
1,2026-08-03 04:49:40.718314,1785732580,795,3.61087962962963,3.61087962962963,2.45,2.45,0.27,0.27,1,1
1,2026-08-03 04:49:41.728145,1785732581,796,3.57685185185185,3.57685185185185,2.45,2.45,0.18,0.18,1,1
1,2026-08-03 04:49:42.799040,1785732582,797,3.53148148148148,3.53148148148148,2.45,2.45,0.09,0.09,1,1
1,2026-08-03 04:49:43.814638,1785732583,798,3.48611111111111,3.48611111111111,2.45,2.45,0.9,0.9,1,1
1,2026-08-03 04:49:44.854472,1785732584,799,3.44074074074073,3.44074074074073,2.45,2.45,0.81,0.81,1,1
1,2026-08-03 04:49:45.866985,1785732585,800,3.39537037037036,3.39537037037036,2.45,2.45,0.72,0.72,1,1
1,2026-08-03 04:49:46.918017,1785732586,801,3.34999999999999,3.34999999999999,2.45,2.45,0.63,0.63,1,1
1,2026-08-03 04:49:47.929448,1785732587,802,3.31597222222221,3.31597222222221,2.45,2.45,0.54,0.54,1,1
1,2026-08-03 04:49:48.932756,1785732588,803,3.27060185185184,3.27060185185184,2.45,2.45,0.45,0.45,1,1
1,2026-08-03 04:49:49.946993,1785732589,804,3.22523148148147,3.22523148148147,2.45,2.45,0.36,0.36,1,1
1,2026-08-03 04:49:50.949954,1785732590,805,3.19120370370369,3.19120370370369,2.45,2.45,0.27,0.27,1,1
1,2026-08-03 04:49:51.954114,1785732591,806,3.14583333333332,3.14583333333332,2.45,2.45,0.18,0.18,1,1
1,2026-08-03 04:49:52.965734,1785732592,807,3.10046296296295,3.10046296296295,2.45,2.45,0.09,0.09,1,1
1,2026-08-03 04:49:53.972316,1785732593,808,3.06643518518517,3.06643518518517,2.45,2.45,0.9,0.9,1,1
1,2026-08-03 04:49:54.978099,1785732594,809,3.0210648148148,3.0210648148148,2.45,2.45,0.81,0.81,1,1
1,2026-08-03 04:49:55.984661,1785732595,810,2.97569444444443,2.97569444444443,2.45,2.45,0.72,0.72,1,1
1,2026-08-03 04:49:57.010530,1785732597,811,2.93032407407406,2.93032407407406,2.45,2.45,0.63,0.63,1,1
1,2026-08-03 04:49:58.532005,1785732598,812,2.89629629629628,2.89629629629628,2.45,2.45,0.54,0.54,1,1
1,2026-08-03 04:49:59.533186,1785732599,813,2.85092592592591,2.85092592592591,2.45,2.45,0.45,0.45,1,1
1,2026-08-03 04:50:00.543611,1785732600,814,2.80555555555554,2.80555555555554,2.45,2.45,0.36,0.36,1,1
1,2026-08-03 04:50:01.545250,1785732601,815,2.76018518518517,2.76018518518517,2.45,2.45,0.27,0.27,1,1
1,2026-08-03 04:50:02.547671,1785732602,816,2.72615740740739,2.72615740740739,2.45,2.45,0.18,0.18,1,1
1,2026-08-03 04:50:03.565431,1785732603,817,2.68078703703702,2.68078703703702,2.45,2.45,0.09,0.09,1,1
1,2026-08-03 04:50:04.580282,1785732604,818,2.63541666666665,2.63541666666665,2.45,2.45,0.9,0.9,1,1
1,2026-08-03 04:50:05.589720,1785732605,819,2.59004629629628,2.59004629629628,2.45,2.45,0.81,0.81,1,1
1,2026-08-03 04:50:06.592850,1785732606,820,2.5560185185185,2.5560185185185,2.45,2.45,0.72,0.72,1,1
1,2026-08-03 04:50:07.595433,1785732607,821,2.51064814814813,2.51064814814813,2.45,2.45,0.63,0.63,1,1
1,2026-08-03 04:50:08.597199,1785732608,822,3.055,3.055,2.45,2.45,0.54,0.54,1,1
1,2026-08-03 04:50:09.605460,1785732609,823,2.504,2.504,2.45,2.45,0.45,0.45,1,1
1,2026-08-03 04:50:10.608273,1785732610,824,2.3972222222222,2.3972222222222,2.45,2.45,0.36,0.36,1,1
1,2026-08-03 04:50:11.611175,1785732611,825,1.402,1.402,2.45,2.45,0.27,0.27,1,1
1,2026-08-03 04:50:12.621965,1785732612,826,0.851,0.851,2.45,2.45,0.18,0.18,1,1
1,2026-08-03 04:50:13.626669,1785732613,827,5.81,5.81,2.45,2.45,0.18,0.18,1,1
1,2026-08-03 04:50:14.631768,1785732614,828,5.259,5.259,2.45,2.45,0.09,0.09,1,1
1,2026-08-03 04:50:15.652342,1785732615,829,4.708,4.708,2.45,2.45,0.81,0.81,1,1
1,2026-08-03 04:50:16.672617,1785732616,830,4.157,4.157,2.45,2.45,0.72,0.72,1,1
1,2026-08-03 04:50:17.685999,1785732617,831,3.606,3.606,2.45,2.45,0.63,0.63,1,1
1,2026-08-03 04:50:18.688452,1785732618,832,3.055,3.055,2.45,2.45,0.63,0.63,1,1
1,2026-08-03 04:50:19.736652,1785732619,833,2.504,2.504,2.45,2.45,0.45,0.45,1,1
1,2026-08-03 04:50:20.739419,1785732620,834,1.953,1.953,2.45,2.45,0.36,0.36,1,1
1,2026-08-03 04:50:21.744496,1785732621,835,1.9321759259259,1.9321759259259,2.45,2.45,0.27,0.27,1,1
1,2026-08-03 04:50:22.771344,1785732622,836,1.88680555555553,1.88680555555553,2.45,2.45,0.27,0.27,1,1
1,2026-08-03 04:50:23.773191,1785732623,837,5.81,5.81,2.45,2.45,0.18,0.18,1,1
1,2026-08-03 04:50:24.783456,1785732624,838,5.259,5.259,2.45,2.45,0.09,0.09,1,1
1,2026-08-03 04:50:25.804861,1785732625,839,4.708,4.708,2.45,2.45,0.81,0.81,1,1
1,2026-08-03 04:50:26.818114,1785732626,840,4.157,4.157,2.45,2.45,0.72,0.72,1,1
1,2026-08-03 04:50:27.883117,1785732627,841,3.606,3.606,2.45,2.45,0.63,0.63,1,1
1,2026-08-03 04:50:28.916946,1785732628,842,1.63726851851849,1.63726851851849,2.45,2.45,0.54,0.54,1,1
1,2026-08-03 04:50:29.942250,1785732629,843,2.504,2.504,2.45,2.45,0.45,0.45,1,1
1,2026-08-03 04:50:30.971935,1785732630,844,1.54652777777775,1.54652777777775,2.45,2.45,0.36,0.36,1,1
1,2026-08-03 04:50:32.495802,1785732632,845,1.50115740740738,1.50115740740738,2.45,2.45,0.27,0.27,1,1
1,2026-08-03 04:50:33.526759,1785732633,846,1.45578703703701,1.45578703703701,2.45,2.45,0.18,0.18,1,1
1,2026-08-03 04:50:34.585301,1785732634,847,1.41041666666663,1.41041666666663,2.45,2.45,0.09,0.09,1,1
1,2026-08-03 04:50:35.587178,1785732635,848,1.37638888888886,1.37638888888886,2.45,2.45,0.9,0.9,1,1
1,2026-08-03 04:50:36.641343,1785732636,849,1.33101851851849,1.33101851851849,2.45,2.45,0.81,0.81,1,1
1,2026-08-03 04:50:37.670566,1785732637,850,1.28564814814812,1.28564814814812,2.45,2.45,0.72,0.72,1,1
1,2026-08-03 04:50:38.683349,1785732638,851,1.24027777777774,1.24027777777774,2.45,2.45,0.63,0.63,1,1
1,2026-08-03 04:50:39.684852,1785732639,852,1.19490740740737,1.19490740740737,2.45,2.45,0.54,0.54,1,1
1,2026-08-03 04:50:40.706073,1785732640,853,1.16087962962959,1.16087962962959,2.45,2.45,0.45,0.45,1,1
1,2026-08-03 04:50:41.755249,1785732641,854,1.11550925925922,1.11550925925922,2.45,2.45,0.36,0.36,1,1
1,2026-08-03 04:50:42.757172,1785732642,855,1.402,1.402,2.45,2.45,0.27,0.27,1,1
1,2026-08-03 04:50:43.770609,1785732643,856,0.851,0.851,2.45,2.45,0.18,0.18,1,1
1,2026-08-03 04:50:44.782217,1785732644,857,5.81,5.81,2.45,2.45,0.09,0.09,1,1
1,2026-08-03 04:50:45.793048,1785732645,858,5.259,5.259,2.45,2.45,0.9,0.9,1,1
1,2026-08-03 04:50:46.812291,1785732646,859,0.899999999999963,0.899999999999963,2.45,2.45,0.81,0.81,1,1
1,2026-08-03 04:50:47.868518,1785732647,860,0.854629629629593,0.854629629629593,2.45,2.45,0.72,0.72,1,1
1,2026-08-03 04:50:48.881517,1785732648,861,3.606,3.606,2.45,2.45,0.63,0.63,1,1
1,2026-08-03 04:50:49.886413,1785732649,862,3.055,3.055,2.45,2.45,0.54,0.54,1,1
1,2026-08-03 04:50:50.907727,1785732650,863,2.504,2.504,2.45,2.45,0.45,0.45,1,1
1,2026-08-03 04:50:51.956408,1785732651,864,1.953,1.953,2.45,2.45,0.36,0.36,1,1
1,2026-08-03 04:50:52.982697,1785732652,865,0.650462962962926,0.650462962962926,2.45,2.45,0.27,0.27,1,1
1,2026-08-03 04:50:54.006390,1785732654,866,0.605092592592556,0.605092592592556,2.45,2.45,0.27,0.27,1,1
1,2026-08-03 04:50:55.019330,1785732655,867,0.559722222222185,0.559722222222185,2.45,2.45,0.09,0.09,1,1
1,2026-08-03 04:50:56.047779,1785732656,868,0.525694444444408,0.525694444444408,2.45,2.45,0.9,0.9,1,1
1,2026-08-03 04:50:57.053706,1785732657,869,0.480324074074037,0.480324074074037,2.45,2.45,0.81,0.81,1,1
1,2026-08-03 04:50:58.060025,1785732658,870,0.44629629629626,0.44629629629626,2.45,2.45,0.72,0.72,1,1
1,2026-08-03 04:50:59.080943,1785732659,871,0.400925925925889,0.400925925925889,2.45,2.45,0.63,0.63,1,1
1,2026-08-03 04:51:00.082948,1785732660,872,0.366898148148112,0.366898148148112,2.45,2.45,0.54,0.54,1,1
1,2026-08-03 04:51:01.085736,1785732661,873,0.321527777777741,0.321527777777741,2.45,2.45,0.45,0.45,1,1
1,2026-08-03 04:51:02.106990,1785732662,874,0.298842592592556,0.298842592592556,2.45,2.45,0.36,0.36,1,1
1,2026-08-03 04:51:03.140614,1785732663,875,1.953,1.953,2.45,2.45,0.27,0.27,1,1
1,2026-08-03 04:51:04.667492,1785732664,876,5.8,5.8,2.45,2.45,0.18,0.18,1,1
1,2026-08-03 04:51:05.691202,1785732665,877,5.75462962962963,5.75462962962963,2.45,2.45,0.09,0.09,1,1
1,2026-08-03 04:51:06.811683,1785732666,878,5.70925925925926,5.70925925925926,2.45,2.45,0.9,0.9,1,1
1,2026-08-03 04:51:07.816121,1785732667,879,5.66388888888889,5.66388888888889,2.45,2.45,0.81,0.81,1,1
1,2026-08-03 04:51:08.846556,1785732668,880,5.62986111111112,5.62986111111112,2.45,2.45,0.72,0.72,1,1
1,2026-08-03 04:51:09.893203,1785732669,881,5.58449074074075,5.58449074074075,2.45,2.45,0.63,0.63,1,1
1,2026-08-03 04:51:10.895403,1785732670,882,5.53912037037038,5.53912037037038,2.45,2.45,0.54,0.54,1,1
1,2026-08-03 04:51:11.902814,1785732671,883,5.49375000000001,5.49375000000001,2.45,2.45,0.45,0.45,1,1
1,2026-08-03 04:51:12.909702,1785732672,884,5.44837962962964,5.44837962962964,2.45,2.45,0.36,0.36,1,1
1,2026-08-03 04:51:14.001545,1785732674,885,5.41435185185187,5.41435185185187,2.45,2.45,0.27,0.27,1,1
1,2026-08-03 04:51:15.003494,1785732675,886,0.851,0.851,2.45,2.45,0.18,0.18,1,1
1,2026-08-03 04:51:16.005485,1785732676,887,5.81,5.81,2.45,2.45,0.09,0.09,1,1
1,2026-08-03 04:51:17.015259,1785732677,888,5.27824074074076,5.27824074074076,2.45,2.45,0.9,0.9,1,1
1,2026-08-03 04:51:18.070420,1785732678,889,5.24421296296298,5.24421296296298,2.45,2.45,0.81,0.81,1,1
1,2026-08-03 04:51:19.072328,1785732679,890,4.157,4.157,2.45,2.45,0.72,0.72,1,1
1,2026-08-03 04:51:20.073906,1785732680,891,3.606,3.606,2.45,2.45,0.63,0.63,1,1
1,2026-08-03 04:51:21.084665,1785732681,892,3.055,3.055,2.45,2.45,0.54,0.54,1,1
1,2026-08-03 04:51:22.107722,1785732682,893,2.504,2.504,2.45,2.45,0.45,0.45,1,1
1,2026-08-03 04:51:23.111438,1785732683,894,1.953,1.953,2.45,2.45,0.36,0.36,1,1
1,2026-08-03 04:51:24.121303,1785732684,895,1.402,1.402,2.45,2.45,0.27,0.27,1,1
1,2026-08-03 04:51:25.150431,1785732685,896,0.851,0.851,2.45,2.45,0.18,0.18,1,1
1,2026-08-03 04:51:26.154771,1785732686,897,4.9039351851852,4.9039351851852,2.45,2.45,0.09,0.09,1,1
1,2026-08-03 04:51:27.177309,1785732687,898,4.85856481481483,4.85856481481483,2.45,2.45,0.9,0.9,1,1
1,2026-08-03 04:51:28.182267,1785732688,899,4.82453703703705,4.82453703703705,2.45,2.45,0.81,0.81,1,1
1,2026-08-03 04:51:29.259342,1785732689,900,4.77916666666668,4.77916666666668,2.45,2.45,0.72,0.72,1,1
1,2026-08-03 04:51:30.274598,1785732690,901,3.606,3.606,2.45,2.45,0.63,0.63,1,1
1,2026-08-03 04:51:31.285536,1785732691,902,3.055,3.055,2.45,2.45,0.54,0.54,1,1
1,2026-08-03 04:51:32.295647,1785732692,903,4.64305555555556,4.64305555555556,2.45,2.45,0.45,0.45,1,1
1,2026-08-03 04:51:33.396073,1785732693,904,1.953,1.953,2.45,2.45,0.36,0.36,1,1
1,2026-08-03 04:51:34.440154,1785732694,905,1.402,1.402,2.45,2.45,0.27,0.27,1,1
1,2026-08-03 04:51:35.444289,1785732695,906,0.851,0.851,2.45,2.45,0.18,0.18,1,1
1,2026-08-03 04:51:36.448129,1785732696,907,4.47291666666667,4.47291666666667,2.45,2.45,0.09,0.09,1,1
1,2026-08-03 04:51:37.968175,1785732697,908,4.4275462962963,4.4275462962963,2.45,2.45,0.9,0.9,1,1
1,2026-08-03 04:51:38.969964,1785732698,909,4.708,4.708,2.45,2.45,0.81,0.81,1,1
1,2026-08-03 04:51:39.982552,1785732699,910,4.34814814814815,4.34814814814815,2.45,2.45,0.72,0.72,1,1
1,2026-08-03 04:51:40.989416,1785732700,911,4.30277777777778,4.30277777777778,2.45,2.45,0.63,0.63,1,1
1,2026-08-03 04:51:42.002428,1785732702,912,3.055,3.055,2.45,2.45,0.54,0.54,1,1
1,2026-08-03 04:51:43.006236,1785732703,913,2.504,2.504,2.45,2.45,0.45,0.45,1,1
1,2026-08-03 04:51:44.014352,1785732704,914,1.953,1.953,2.45,2.45,0.36,0.36,1,1
1,2026-08-03 04:51:45.023881,1785732705,915,4.13263888888889,4.13263888888889,2.45,2.45,0.27,0.27,1,1
1,2026-08-03 04:51:46.026350,1785732706,916,0.851,0.851,2.45,2.45,0.18,0.18,1,1
1,2026-08-03 04:51:47.032868,1785732707,917,5.81,5.81,2.45,2.45,0.09,0.09,1,1
1,2026-08-03 04:51:48.037784,1785732708,918,5.259,5.259,2.45,2.45,0.9,0.9,1,1
1,2026-08-03 04:51:49.040501,1785732709,919,4.708,4.708,2.45,2.45,0.9,0.9,1,1
1,2026-08-03 04:51:50.084324,1785732710,920,4.157,4.157,2.45,2.45,0.72,0.72,1,1
1,2026-08-03 04:51:51.095578,1785732711,921,3.606,3.606,2.45,2.45,0.63,0.63,1,1
1,2026-08-03 04:51:52.098259,1785732712,922,3.055,3.055,2.45,2.45,0.54,0.54,1,1
1,2026-08-03 04:51:53.107857,1785732713,923,2.504,2.504,2.45,2.45,0.45,0.45,1,1
1,2026-08-03 04:51:54.163775,1785732714,924,3.74699074074074,3.74699074074074,2.45,2.45,0.36,0.36,1,1
1,2026-08-03 04:51:55.166629,1785732715,925,1.402,1.402,2.45,2.45,0.27,0.27,1,1
1,2026-08-03 04:51:56.168338,1785732716,926,0.851,0.851,2.45,2.45,0.18,0.18,1,1
1,2026-08-03 04:51:57.169262,1785732717,927,5.81,5.81,2.45,2.45,0.09,0.09,1,1
1,2026-08-03 04:51:58.231248,1785732718,928,3.57685185185185,3.57685185185185,2.45,2.45,0.9,0.9,1,1
1,2026-08-03 04:51:59.233445,1785732719,929,4.708,4.708,2.45,2.45,0.81,0.81,1,1
1,2026-08-03 04:52:00.263178,1785732720,930,4.157,4.157,2.45,2.45,0.72,0.72,1,1
1,2026-08-03 04:52:01.285120,1785732721,931,3.45208333333333,3.45208333333333,2.45,2.45,0.63,0.63,1,1
1,2026-08-03 04:52:02.286145,1785732722,932,3.40671296296296,3.40671296296296,2.45,2.45,0.54,0.54,1,1
1,2026-08-03 04:52:03.378993,1785732723,933,2.504,2.504,2.45,2.45,0.45,0.45,1,1
1,2026-08-03 04:52:04.426475,1785732724,934,1.953,1.953,2.45,2.45,0.36,0.36,1,1
1,2026-08-03 04:52:05.438104,1785732725,935,1.402,1.402,2.45,2.45,0.27,0.27,1,1
1,2026-08-03 04:52:06.448208,1785732726,936,0.851,0.851,2.45,2.45,0.18,0.18,1,1
1,2026-08-03 04:52:07.513478,1785732727,937,5.81,5.81,2.45,2.45,0.09,0.09,1,1
1,2026-08-03 04:52:08.515258,1785732728,938,5.259,5.259,2.45,2.45,0.9,0.9,1,1
1,2026-08-03 04:52:09.519494,1785732729,939,4.708,4.708,2.45,2.45,0.81,0.81,1,1
1,2026-08-03 04:52:11.055303,1785732731,940,3.06643518518517,3.06643518518517,2.45,2.45,0.72,0.72,1,1
1,2026-08-03 04:52:12.066601,1785732732,941,3.606,3.606,2.45,2.45,0.63,0.63,1,1
1,2026-08-03 04:52:13.077066,1785732733,942,3.055,3.055,2.45,2.45,0.54,0.54,1,1
1,2026-08-03 04:52:14.080115,1785732734,943,2.504,2.504,2.45,2.45,0.45,0.45,1,1
1,2026-08-03 04:52:15.117640,1785732735,944,1.953,1.953,2.45,2.45,0.36,0.36,1,1
1,2026-08-03 04:52:16.121178,1785732736,945,2.85092592592591,2.85092592592591,2.45,2.45,0.27,0.27,1,1
1,2026-08-03 04:52:17.131625,1785732737,946,2.80555555555554,2.80555555555554,2.45,2.45,0.18,0.18,1,1
1,2026-08-03 04:52:18.164193,1785732738,947,2.77152777777776,2.77152777777776,2.45,2.45,0.09,0.09,1,1
1,2026-08-03 04:52:19.167453,1785732739,948,2.72615740740739,2.72615740740739,2.45,2.45,0.9,0.9,1,1
1,2026-08-03 04:52:20.192679,1785732740,949,2.68078703703702,2.68078703703702,2.45,2.45,0.81,0.81,1,1
1,2026-08-03 04:52:21.212583,1785732741,950,4.157,4.157,2.45,2.45,0.72,0.72,1,1
1,2026-08-03 04:52:22.231870,1785732742,951,3.606,3.606,2.45,2.45,0.63,0.63,1,1
1,2026-08-03 04:52:23.252938,1785732743,952,2.54467592592591,2.54467592592591,2.45,2.45,0.54,0.54,1,1
1,2026-08-03 04:52:24.266345,1785732744,953,2.51064814814813,2.51064814814813,2.45,2.45,0.45,0.45,1,1
1,2026-08-03 04:52:25.307976,1785732745,954,2.46527777777776,2.46527777777776,2.45,2.45,0.36,0.36,1,1
1,2026-08-03 04:52:26.309836,1785732746,955,1.402,1.402,2.45,2.45,0.27,0.27,1,1
1,2026-08-03 04:52:27.316386,1785732747,956,0.851,0.851,2.45,2.45,0.18,0.18,1,1
1,2026-08-03 04:52:28.331076,1785732748,957,2.34050925925924,2.34050925925924,2.45,2.45,0.09,0.09,1,1
1,2026-08-03 04:52:29.358823,1785732749,958,2.29513888888887,2.29513888888887,2.45,2.45,0.9,0.9,1,1
1,2026-08-03 04:52:30.363606,1785732750,959,2.2497685185185,2.2497685185185,2.45,2.45,0.81,0.81,1,1
1,2026-08-03 04:52:31.395460,1785732751,960,2.21574074074072,2.21574074074072,2.45,2.45,0.72,0.72,1,1
1,2026-08-03 04:52:32.419772,1785732752,961,2.17037037037035,2.17037037037035,2.45,2.45,0.63,0.63,1,1
1,2026-08-03 04:52:33.459865,1785732753,962,2.12499999999998,2.12499999999998,2.45,2.45,0.54,0.54,1,1
1,2026-08-03 04:52:34.467362,1785732754,963,2.504,2.504,2.45,2.45,0.45,0.45,1,1
1,2026-08-03 04:52:35.472151,1785732755,964,1.953,1.953,2.45,2.45,0.36,0.36,1,1
1,2026-08-03 04:52:36.520161,1785732756,965,1.98888888888886,1.98888888888886,2.45,2.45,0.27,0.27,1,1
1,2026-08-03 04:52:37.530584,1785732757,966,0.851,0.851,2.45,2.45,0.18,0.18,1,1
1,2026-08-03 04:52:38.532495,1785732758,967,5.81,5.81,2.45,2.45,0.09,0.09,1,1
1,2026-08-03 04:52:39.557602,1785732759,968,5.259,5.259,2.45,2.45,0.9,0.9,1,1
1,2026-08-03 04:52:40.578906,1785732760,969,4.708,4.708,2.45,2.45,0.81,0.81,1,1
1,2026-08-03 04:52:41.580747,1785732761,970,1.79606481481479,1.79606481481479,2.45,2.45,0.72,0.72,1,1
1,2026-08-03 04:52:42.647656,1785732762,971,1.75069444444442,1.75069444444442,2.45,2.45,0.63,0.63,1,1
1,2026-08-03 04:52:44.171000,1785732764,972,3.055,3.055,2.45,2.45,0.54,0.54,1,1
1,2026-08-03 04:52:45.190499,1785732765,973,1.67129629629627,1.67129629629627,2.45,2.45,0.45,0.45,1,1
1,2026-08-03 04:52:46.195463,1785732766,974,1.953,1.953,2.45,2.45,0.36,0.36,1,1
1,2026-08-03 04:52:47.247097,1785732767,975,1.58055555555553,1.58055555555553,2.45,2.45,0.27,0.27,1,1
1,2026-08-03 04:52:48.258560,1785732768,976,1.54652777777775,1.54652777777775,2.45,2.45,0.18,0.18,1,1
1,2026-08-03 04:52:49.275691,1785732769,977,1.50115740740738,1.50115740740738,2.45,2.45,0.09,0.09,1,1
1,2026-08-03 04:52:50.293975,1785732770,978,1.45578703703701,1.45578703703701,2.45,2.45,0.9,0.9,1,1
1,2026-08-03 04:52:51.301670,1785732771,979,1.41041666666663,1.41041666666663,2.45,2.45,0.81,0.81,1,1
1,2026-08-03 04:52:52.339668,1785732772,980,4.157,4.157,2.45,2.45,0.72,0.72,1,1
1,2026-08-03 04:52:53.376621,1785732773,981,1.33101851851849,1.33101851851849,2.45,2.45,0.63,0.63,1,1
1,2026-08-03 04:52:54.378032,1785732774,982,3.055,3.055,2.45,2.45,0.54,0.54,1,1
1,2026-08-03 04:52:55.407958,1785732775,983,1.24027777777774,1.24027777777774,2.45,2.45,0.45,0.45,1,1
1,2026-08-03 04:52:56.427833,1785732776,984,1.19490740740737,1.19490740740737,2.45,2.45,0.36,0.36,1,1
1,2026-08-03 04:52:57.432292,1785732777,985,1.402,1.402,2.45,2.45,0.27,0.27,1,1
1,2026-08-03 04:52:58.462891,1785732778,986,1.11550925925922,1.11550925925922,2.45,2.45,0.18,0.18,1,1
1,2026-08-03 04:52:59.468645,1785732779,987,1.07013888888885,1.07013888888885,2.45,2.45,0.09,0.09,1,1
1,2026-08-03 04:53:00.494886,1785732780,988,5.259,5.259,2.45,2.45,0.9,0.9,1,1
1,2026-08-03 04:53:01.514147,1785732781,989,4.708,4.708,2.45,2.45,0.9,0.9,1,1
1,2026-08-03 04:53:02.533046,1785732782,990,4.157,4.157,2.45,2.45,0.81,0.81,1,1
1,2026-08-03 04:53:03.545003,1785732783,991,3.606,3.606,2.45,2.45,0.72,0.72,1,1
1,2026-08-03 04:53:04.600814,1785732784,992,0.865972222222185,0.865972222222185,2.45,2.45,0.63,0.63,1,1
1,2026-08-03 04:53:05.616944,1785732785,993,2.504,2.504,2.45,2.45,0.45,0.45,1,1
1,2026-08-03 04:53:06.622051,1785732786,994,1.953,1.953,2.45,2.45,0.36,0.36,1,1
1,2026-08-03 04:53:07.634933,1785732787,995,1.402,1.402,2.45,2.45,0.27,0.27,1,1
1,2026-08-03 04:53:08.647985,1785732788,996,0.851,0.851,2.45,2.45,0.18,0.18,1,1
1,2026-08-03 04:53:09.649922,1785732789,997,5.81,5.81,2.45,2.45,0.09,0.09,1,1
1,2026-08-03 04:53:10.679033,1785732790,998,5.259,5.259,2.45,2.45,0.9,0.9,1,1
1,2026-08-03 04:53:11.689151,1785732791,999,4.708,4.708,2.45,2.45,0.81,0.81,1,1
1,2026-08-03 04:53:12.690639,1785732792,1000,0.525694444444408,0.525694444444408,2.45,2.45,0.72,0.72,1,1
1,2026-08-03 04:53:13.796749,1785732793,1001,0.480324074074037,0.480324074074037,2.45,2.45,0.63,0.63,1,1
1,2026-08-03 04:53:14.798853,1785732794,1002,0.434953703703667,0.434953703703667,2.45,2.45,0.54,0.54,1,1
1,2026-08-03 04:53:15.809437,1785732795,1003,0.400925925925889,0.400925925925889,2.45,2.45,0.45,0.45,1,1
1,2026-08-03 04:53:17.332431,1785732797,1004,0.366898148148112,0.366898148148112,2.45,2.45,0.36,0.36,1,1
1,2026-08-03 04:53:18.339726,1785732798,1005,0.332870370370334,0.332870370370334,2.45,2.45,0.27,0.27,1,1
1,2026-08-03 04:53:19.341638,1785732799,1006,0.298842592592556,0.298842592592556,2.45,2.45,0.18,0.18,1,1
1,2026-08-03 04:53:20.368811,1785732800,1007,0.851,0.851,2.45,2.45,0.09,0.09,1,1
1,2026-08-03 04:53:21.384152,1785732801,1008,5.81,5.81,2.45,2.45,0.9,0.9,1,1
1,2026-08-03 04:53:22.405538,1785732802,1009,5.76597222222222,5.76597222222222,2.45,2.45,0.81,0.81,1,1
1,2026-08-03 04:53:23.418218,1785732803,1010,5.72060185185185,5.72060185185185,2.45,2.45,0.72,0.72,1,1
1,2026-08-03 04:53:24.423176,1785732804,1011,5.67523148148149,5.67523148148149,2.45,2.45,0.72,0.72,1,1
1,2026-08-03 04:53:25.453361,1785732805,1012,5.64120370370371,5.64120370370371,2.45,2.45,0.54,0.54,1,1
1,2026-08-03 04:53:26.476635,1785732806,1013,2.504,2.504,2.45,2.45,0.45,0.45,1,1
1,2026-08-03 04:53:27.537310,1785732807,1014,1.953,1.953,2.45,2.45,0.36,0.36,1,1
1,2026-08-03 04:53:28.553555,1785732808,1015,1.402,1.402,2.45,2.45,0.27,0.27,1,1
1,2026-08-03 04:53:29.570302,1785732809,1016,0.851,0.851,2.45,2.45,0.18,0.18,1,1
1,2026-08-03 04:53:30.633272,1785732810,1017,5.41435185185187,5.41435185185187,2.45,2.45,0.09,0.09,1,1
1,2026-08-03 04:53:31.641965,1785732811,1018,5.259,5.259,2.45,2.45,0.9,0.9,1,1
1,2026-08-03 04:53:32.770378,1785732812,1019,4.708,4.708,2.45,2.45,0.81,0.81,1,1
1,2026-08-03 04:53:33.785174,1785732813,1020,4.157,4.157,2.45,2.45,0.72,0.72,1,1
1,2026-08-03 04:53:34.793840,1785732814,1021,5.26689814814817,5.26689814814817,2.45,2.45,0.63,0.63,1,1
1,2026-08-03 04:53:35.796926,1785732815,1022,5.22152777777779,5.22152777777779,2.45,2.45,0.54,0.54,1,1
1,2026-08-03 04:53:36.801961,1785732816,1023,2.504,2.504,2.45,2.45,0.45,0.45,1,1
1,2026-08-03 04:53:37.803560,1785732817,1024,5.14212962962965,5.14212962962965,2.45,2.45,0.36,0.36,1,1
1,2026-08-03 04:53:38.805389,1785732818,1025,1.402,1.402,2.45,2.45,0.27,0.27,1,1
1,2026-08-03 04:53:39.807428,1785732819,1026,0.851,0.851,2.45,2.45,0.18,0.18,1,1
1,2026-08-03 04:53:40.809245,1785732820,1027,5.81,5.81,2.45,2.45,0.09,0.09,1,1
1,2026-08-03 04:53:41.813978,1785732821,1028,5.259,5.259,2.45,2.45,0.9,0.9,1,1
1,2026-08-03 04:53:42.852278,1785732822,1029,4.708,4.708,2.45,2.45,0.81,0.81,1,1
1,2026-08-03 04:53:43.854269,1785732823,1030,4.157,4.157,2.45,2.45,0.72,0.72,1,1
1,2026-08-03 04:53:44.855663,1785732824,1031,4.86990740740742,4.86990740740742,2.45,2.45,0.63,0.63,1,1
1,2026-08-03 04:53:45.892554,1785732825,1032,3.055,3.055,2.45,2.45,0.54,0.54,1,1
1,2026-08-03 04:53:46.902671,1785732826,1033,2.504,2.504,2.45,2.45,0.45,0.45,1,1
1,2026-08-03 04:53:47.941217,1785732827,1034,4.7451388888889,4.7451388888889,2.45,2.45,0.36,0.36,1,1
1,2026-08-03 04:53:48.947481,1785732828,1035,1.402,1.402,2.45,2.45,0.27,0.27,1,1
1,2026-08-03 04:53:50.482675,1785732830,1036,0.851,0.851,2.45,2.45,0.18,0.18,1,1
1,2026-08-03 04:53:51.515226,1785732831,1037,4.62037037037038,4.62037037037038,2.45,2.45,0.09,0.09,1,1
1,2026-08-03 04:53:52.551532,1785732832,1038,5.259,5.259,2.45,2.45,0.9,0.9,1,1
1,2026-08-03 04:53:53.659708,1785732833,1039,4.708,4.708,2.45,2.45,0.81,0.81,1,1
1,2026-08-03 04:53:54.664826,1785732834,1040,4.48425925925927,4.48425925925927,2.45,2.45,0.72,0.72,1,1
1,2026-08-03 04:53:55.674088,1785732835,1041,4.45023148148149,4.45023148148149,2.45,2.45,0.63,0.63,1,1
1,2026-08-03 04:53:56.679003,1785732836,1042,4.41620370370371,4.41620370370371,2.45,2.45,0.54,0.54,1,1
1,2026-08-03 04:53:57.723915,1785732837,1043,4.37083333333334,4.37083333333334,2.45,2.45,0.45,0.45,1,1
1,2026-08-03 04:53:58.726001,1785732838,1044,1.953,1.953,2.45,2.45,0.36,0.36,1,1
1,2026-08-03 04:53:59.742189,1785732839,1045,1.402,1.402,2.45,2.45,0.27,0.27,1,1
1,2026-08-03 04:54:00.768276,1785732840,1046,0.851,0.851,2.45,2.45,0.18,0.18,1,1
1,2026-08-03 04:54:01.771342,1785732841,1047,5.81,5.81,2.45,2.45,0.09,0.09,1,1
1,2026-08-03 04:54:02.807869,1785732842,1048,5.259,5.259,2.45,2.45,0.9,0.9,1,1
1,2026-08-03 04:54:03.818884,1785732843,1049,4.1212962962963,4.1212962962963,2.45,2.45,0.81,0.81,1,1
1,2026-08-03 04:54:04.830111,1785732844,1050,4.07592592592593,4.07592592592593,2.45,2.45,0.72,0.72,1,1
1,2026-08-03 04:54:05.862527,1785732845,1051,3.606,3.606,2.45,2.45,0.63,0.63,1,1
1,2026-08-03 04:54:06.864327,1785732846,1052,3.055,3.055,2.45,2.45,0.54,0.54,1,1
1,2026-08-03 04:54:07.875147,1785732847,1053,3.95115740740741,3.95115740740741,2.45,2.45,0.45,0.45,1,1
1,2026-08-03 04:54:08.891956,1785732848,1054,1.953,1.953,2.45,2.45,0.36,0.36,1,1
1,2026-08-03 04:54:09.983045,1785732849,1055,1.402,1.402,2.45,2.45,0.27,0.27,1,1
1,2026-08-03 04:54:10.985593,1785732850,1056,3.81504629629629,3.81504629629629,2.45,2.45,0.18,0.18,1,1
1,2026-08-03 04:54:12.002834,1785732852,1057,5.81,5.81,2.45,2.45,0.09,0.09,1,1
1,2026-08-03 04:54:13.008447,1785732853,1058,5.259,5.259,2.45,2.45,0.9,0.9,1,1
1,2026-08-03 04:54:14.108690,1785732854,1059,4.708,4.708,2.45,2.45,0.81,0.81,1,1
1,2026-08-03 04:54:15.121999,1785732855,1060,4.157,4.157,2.45,2.45,0.72,0.72,1,1
1,2026-08-03 04:54:16.139714,1785732856,1061,3.606,3.606,2.45,2.45,0.63,0.63,1,1
1,2026-08-03 04:54:17.149917,1785732857,1062,3.055,3.055,2.45,2.45,0.54,0.54,1,1
1,2026-08-03 04:54:18.175247,1785732858,1063,2.504,2.504,2.45,2.45,0.45,0.45,1,1
1,2026-08-03 04:54:19.193011,1785732859,1064,1.953,1.953,2.45,2.45,0.36,0.36,1,1
1,2026-08-03 04:54:20.195204,1785732860,1065,1.402,1.402,2.45,2.45,0.27,0.27,1,1
1,2026-08-03 04:54:21.239356,1785732861,1066,0.851,0.851,2.45,2.45,0.18,0.18,1,1
1,2026-08-03 04:54:22.811021,1785732862,1067,5.81,5.81,2.45,2.45,0.09,0.09,1,1
1,2026-08-03 04:54:23.819191,1785732863,1068,5.259,5.259,2.45,2.45,0.9,0.9,1,1
1,2026-08-03 04:54:24.832357,1785732864,1069,4.708,4.708,2.45,2.45,0.81,0.81,1,1
1,2026-08-03 04:54:25.842878,1785732865,1070,3.21388888888888,3.21388888888888,2.45,2.45,0.72,0.72,1,1
1,2026-08-03 04:54:26.884227,1785732866,1071,3.606,3.606,2.45,2.45,0.63,0.63,1,1
1,2026-08-03 04:54:28.141557,1785732868,1072,3.055,3.055,2.45,2.45,0.54,0.54,1,1
1,2026-08-03 04:54:29.265783,1785732869,1073,2.504,2.504,2.45,2.45,0.45,0.45,1,1
1,2026-08-03 04:54:30.278447,1785732870,1074,3.04374999999999,3.04374999999999,2.45,2.45,0.36,0.36,1,1
1,2026-08-03 04:54:31.286638,1785732871,1075,2.99837962962962,2.99837962962962,2.45,2.45,0.27,0.27,1,1
1,2026-08-03 04:54:32.293044,1785732872,1076,2.95300925925925,2.95300925925925,2.45,2.45,0.18,0.18,1,1
1,2026-08-03 04:54:33.294010,1785732873,1077,5.81,5.81,2.45,2.45,0.09,0.09,1,1
1,2026-08-03 04:54:34.355906,1785732874,1078,2.8736111111111,2.8736111111111,2.45,2.45,0.9,0.9,1,1
1,2026-08-03 04:54:35.372776,1785732875,1079,2.82824074074073,2.82824074074073,2.45,2.45,0.81,0.81,1,1
1,2026-08-03 04:54:36.373867,1785732876,1080,2.78287037037036,2.78287037037036,2.45,2.45,0.72,0.72,1,1
1,2026-08-03 04:54:37.376383,1785732877,1081,3.606,3.606,2.45,2.45,0.63,0.63,1,1
1,2026-08-03 04:54:38.378014,1785732878,1082,3.055,3.055,2.45,2.45,0.54,0.54,1,1
1,2026-08-03 04:54:39.386150,1785732879,1083,2.504,2.504,2.45,2.45,0.45,0.45,1,1
1,2026-08-03 04:54:40.387921,1785732880,1084,1.953,1.953,2.45,2.45,0.36,0.36,1,1
1,2026-08-03 04:54:41.461426,1785732881,1085,1.402,1.402,2.45,2.45,0.27,0.27,1,1
1,2026-08-03 04:54:42.476147,1785732882,1086,0.851,0.851,2.45,2.45,0.18,0.18,1,1
1,2026-08-03 04:54:43.520615,1785732883,1087,2.48796296296294,2.48796296296294,2.45,2.45,0.09,0.09,1,1
1,2026-08-03 04:54:44.541744,1785732884,1088,5.259,5.259,2.45,2.45,0.9,0.9,1,1
1,2026-08-03 04:54:45.587722,1785732885,1089,4.708,4.708,2.45,2.45,0.81,0.81,1,1
1,2026-08-03 04:54:46.600101,1785732886,1090,4.157,4.157,2.45,2.45,0.72,0.72,1,1
1,2026-08-03 04:54:47.634189,1785732887,1091,2.31782407407405,2.31782407407405,2.45,2.45,0.63,0.63,1,1
1,2026-08-03 04:54:48.637240,1785732888,1092,3.055,3.055,2.45,2.45,0.54,0.54,1,1
1,2026-08-03 04:54:49.646138,1785732889,1093,2.504,2.504,2.45,2.45,0.45,0.45,1,1
1,2026-08-03 04:54:50.699373,1785732890,1094,1.953,1.953,2.45,2.45,0.36,0.36,1,1
1,2026-08-03 04:54:51.743105,1785732891,1095,1.402,1.402,2.45,2.45,0.27,0.27,1,1
1,2026-08-03 04:54:52.793454,1785732892,1096,0.851,0.851,2.45,2.45,0.18,0.18,1,1
1,2026-08-03 04:54:53.827330,1785732893,1097,2.06828703703701,2.06828703703701,2.45,2.45,0.09,0.09,1,1
1,2026-08-03 04:54:54.850760,1785732894,1098,2.02291666666664,2.02291666666664,2.45,2.45,0.9,0.9,1,1
1,2026-08-03 04:54:56.375145,1785732896,1099,4.708,4.708,2.45,2.45,0.81,0.81,1,1
1,2026-08-03 04:54:57.387205,1785732897,1100,1.94351851851849,1.94351851851849,2.45,2.45,0.72,0.72,1,1
1,2026-08-03 04:54:58.466397,1785732898,1101,1.89814814814812,1.89814814814812,2.45,2.45,0.63,0.63,1,1
1,2026-08-03 04:54:59.468978,1785732899,1102,1.86412037037034,1.86412037037034,2.45,2.45,0.54,0.54,1,1
1,2026-08-03 04:55:00.492158,1785732900,1103,1.81874999999997,1.81874999999997,2.45,2.45,0.45,0.45,1,1
1,2026-08-03 04:55:01.531207,1785732901,1104,1.78472222222219,1.78472222222219,2.45,2.45,0.36,0.36,1,1
1,2026-08-03 04:55:02.532439,1785732902,1105,1.73935185185182,1.73935185185182,2.45,2.45,0.27,0.27,1,1
1,2026-08-03 04:55:03.544745,1785732903,1106,1.70532407407405,1.70532407407405,2.45,2.45,0.18,0.18,1,1
1,2026-08-03 04:55:04.551782,1785732904,1107,1.65995370370367,1.65995370370367,2.45,2.45,0.09,0.09,1,1
1,2026-08-03 04:55:05.563498,1785732905,1108,1.6145833333333,1.6145833333333,2.45,2.45,0.9,0.9,1,1
1,2026-08-03 04:55:06.565473,1785732906,1109,1.56921296296293,1.56921296296293,2.45,2.45,0.81,0.81,1,1
1,2026-08-03 04:55:07.569299,1785732907,1110,1.53518518518515,1.53518518518515,2.45,2.45,0.72,0.72,1,1
1,2026-08-03 04:55:08.581152,1785732908,1111,1.48981481481478,1.48981481481478,2.45,2.45,0.63,0.63,1,1
1,2026-08-03 04:55:09.582289,1785732909,1112,1.44444444444441,1.44444444444441,2.45,2.45,0.54,0.54,1,1
1,2026-08-03 04:55:10.585743,1785732910,1113,1.41041666666663,1.41041666666663,2.45,2.45,0.45,0.45,1,1
1,2026-08-03 04:55:11.593947,1785732911,1114,1.36504629629626,1.36504629629626,2.45,2.45,0.36,0.36,1,1
1,2026-08-03 04:55:12.681974,1785732912,1115,1.31967592592589,1.31967592592589,2.45,2.45,0.27,0.27,1,1
1,2026-08-03 04:55:13.847301,1785732913,1116,1.27430555555552,1.27430555555552,2.45,2.45,0.18,0.18,1,1
1,2026-08-03 04:55:14.850338,1785732914,1117,1.22893518518515,1.22893518518515,2.45,2.45,0.09,0.09,1,1
1,2026-08-03 04:55:15.853536,1785732915,1118,1.18356481481478,1.18356481481478,2.45,2.45,0.9,0.9,1,1
1,2026-08-03 04:55:16.861461,1785732916,1119,1.149537037037,1.149537037037,2.45,2.45,0.81,0.81,1,1
1,2026-08-03 04:55:17.868835,1785732917,1120,1.10416666666663,1.10416666666663,2.45,2.45,0.72,0.72,1,1
1,2026-08-03 04:55:18.873595,1785732918,1121,1.05879629629626,1.05879629629626,2.45,2.45,0.63,0.63,1,1
1,2026-08-03 04:55:19.883399,1785732919,1122,1.02476851851848,1.02476851851848,2.45,2.45,0.54,0.54,1,1
1,2026-08-03 04:55:20.886377,1785732920,1123,0.979398148148111,0.979398148148111,2.45,2.45,0.45,0.45,1,1
1,2026-08-03 04:55:21.890288,1785732921,1124,0.934027777777741,0.934027777777741,2.45,2.45,0.36,0.36,1,1
1,2026-08-03 04:55:22.894965,1785732922,1125,0.899999999999963,0.899999999999963,2.45,2.45,0.27,0.27,1,1
1,2026-08-03 04:55:23.896441,1785732923,1126,0.854629629629593,0.854629629629593,2.45,2.45,0.18,0.18,1,1
1,2026-08-03 04:55:24.902999,1785732924,1127,0.809259259259222,0.809259259259222,2.45,2.45,0.09,0.09,1,1
1,2026-08-03 04:55:25.905424,1785732925,1128,0.763888888888852,0.763888888888852,2.45,2.45,0.9,0.9,1,1
1,2026-08-03 04:55:26.919615,1785732926,1129,0.729861111111074,0.729861111111074,2.45,2.45,0.81,0.81,1,1
1,2026-08-03 04:55:27.922138,1785732927,1130,0.684490740740704,0.684490740740704,2.45,2.45,0.72,0.72,1,1
1,2026-08-03 04:55:29.533614,1785732929,1131,0.639120370370334,0.639120370370334,2.45,2.45,0.63,0.63,1,1
1,2026-08-03 04:55:30.535538,1785732930,1132,0.593749999999963,0.593749999999963,2.45,2.45,0.54,0.54,1,1
1,2026-08-03 04:55:31.700403,1785732931,1133,0.548379629629593,0.548379629629593,2.45,2.45,0.45,0.45,1,1
1,2026-08-03 04:55:32.773487,1785732932,1134,0.503009259259223,0.503009259259223,2.45,2.45,0.36,0.36,1,1
1,2026-08-03 04:55:33.775317,1785732933,1135,0.457638888888852,0.457638888888852,2.45,2.45,0.27,0.27,1,1
1,2026-08-03 04:55:34.785360,1785732934,1136,0.412268518518482,0.412268518518482,2.45,2.45,0.18,0.18,1,1
1,2026-08-03 04:55:35.877858,1785732935,1137,0.378240740740704,0.378240740740704,2.45,2.45,0.09,0.09,1,1
1,2026-08-03 04:55:36.887535,1785732936,1138,0.332870370370334,0.332870370370334,2.45,2.45,0.9,0.9,1,1
1,2026-08-03 04:55:37.889575,1785732937,1139,0.298842592592556,0.298842592592556,2.45,2.45,0.81,0.81,1,1
1,2026-08-03 04:55:38.893847,1785732938,1140,4.157,4.157,2.45,2.45,0.72,0.72,1,1
1,2026-08-03 04:55:39.896402,1785732939,1141,3.606,3.606,2.45,2.45,0.63,0.63,1,1
1,2026-08-03 04:55:40.919566,1785732940,1142,5.77731481481482,5.77731481481482,2.45,2.45,0.54,0.54,1,1
1,2026-08-03 04:55:41.931973,1785732941,1143,2.504,2.504,2.45,2.45,0.45,0.45,1,1
1,2026-08-03 04:55:42.946821,1785732942,1144,1.953,1.953,2.45,2.45,0.36,0.36,1,1
1,2026-08-03 04:55:43.951712,1785732943,1145,5.6525462962963,5.6525462962963,2.45,2.45,0.27,0.27,1,1
1,2026-08-03 04:55:44.995570,1785732944,1146,0.851,0.851,2.45,2.45,0.18,0.18,1,1
1,2026-08-03 04:55:46.001145,1785732946,1147,5.81,5.81,2.45,2.45,0.09,0.09,1,1
1,2026-08-03 04:55:47.003216,1785732947,1148,5.52777777777779,5.52777777777779,2.45,2.45,0.9,0.9,1,1
1,2026-08-03 04:55:48.010921,1785732948,1149,4.708,4.708,2.45,2.45,0.81,0.81,1,1
1,2026-08-03 04:55:49.020147,1785732949,1150,5.44837962962964,5.44837962962964,2.45,2.45,0.72,0.72,1,1
1,2026-08-03 04:55:50.024110,1785732950,1151,5.40300925925927,5.40300925925927,2.45,2.45,0.63,0.63,1,1
1,2026-08-03 04:55:51.032584,1785732951,1152,3.055,3.055,2.45,2.45,0.54,0.54,1,1
1,2026-08-03 04:55:52.044581,1785732952,1153,2.504,2.504,2.45,2.45,0.45,0.45,1,1
1,2026-08-03 04:55:53.046110,1785732953,1154,1.953,1.953,2.45,2.45,0.36,0.36,1,1
1,2026-08-03 04:55:54.058977,1785732954,1155,5.23287037037039,5.23287037037039,2.45,2.45,0.27,0.27,1,1
1,2026-08-03 04:55:55.076339,1785732955,1156,0.851,0.851,2.45,2.45,0.18,0.18,1,1
1,2026-08-03 04:55:56.082034,1785732956,1157,5.81,5.81,2.45,2.45,0.09,0.09,1,1
1,2026-08-03 04:55:57.093764,1785732957,1158,5.259,5.259,2.45,2.45,0.9,0.9,1,1
1,2026-08-03 04:55:58.119911,1785732958,1159,4.708,4.708,2.45,2.45,0.81,0.81,1,1
1,2026-08-03 04:55:59.123820,1785732959,1160,4.157,4.157,2.45,2.45,0.72,0.72,1,1
1,2026-08-03 04:56:00.131534,1785732960,1161,3.606,3.606,2.45,2.45,0.63,0.63,1,1
1,2026-08-03 04:56:01.132761,1785732961,1162,4.93796296296298,4.93796296296298,2.45,2.45,0.54,0.54,1,1
1,2026-08-03 04:56:02.658381,1785732962,1163,2.504,2.504,2.45,2.45,0.45,0.45,1,1
1,2026-08-03 04:56:03.687263,1785732963,1164,1.953,1.953,2.45,2.45,0.36,0.36,1,1
1,2026-08-03 04:56:04.717325,1785732964,1165,1.402,1.402,2.45,2.45,0.27,0.27,1,1
1,2026-08-03 04:56:05.722253,1785732965,1166,0.851,0.851,2.45,2.45,0.18,0.18,1,1
1,2026-08-03 04:56:06.742962,1785732966,1167,4.72245370370371,4.72245370370371,2.45,2.45,0.09,0.09,1,1
1,2026-08-03 04:56:07.744906,1785732967,1168,5.259,5.259,2.45,2.45,0.9,0.9,1,1
1,2026-08-03 04:56:08.764837,1785732968,1169,4.708,4.708,2.45,2.45,0.81,0.81,1,1
1,2026-08-03 04:56:09.767226,1785732969,1170,4.157,4.157,2.45,2.45,0.72,0.72,1,1
1,2026-08-03 04:56:10.785994,1785732970,1171,3.606,3.606,2.45,2.45,0.63,0.63,1,1
1,2026-08-03 04:56:11.791485,1785732971,1172,3.055,3.055,2.45,2.45,0.54,0.54,1,1
1,2026-08-03 04:56:12.802175,1785732972,1173,2.504,2.504,2.45,2.45,0.45,0.45,1,1
1,2026-08-03 04:56:13.815062,1785732973,1174,1.953,1.953,2.45,2.45,0.36,0.36,1,1
1,2026-08-03 04:56:14.821267,1785732974,1175,1.402,1.402,2.45,2.45,0.27,0.27,1,1
1,2026-08-03 04:56:15.835223,1785732975,1176,0.851,0.851,2.45,2.45,0.18,0.18,1,1
1,2026-08-03 04:56:16.857890,1785732976,1177,5.81,5.81,2.45,2.45,0.09,0.09,1,1
1,2026-08-03 04:56:17.887228,1785732977,1178,5.259,5.259,2.45,2.45,0.9,0.9,1,1
1,2026-08-03 04:56:18.889260,1785732978,1179,4.708,4.708,2.45,2.45,0.81,0.81,1,1
1,2026-08-03 04:56:19.905239,1785732979,1180,4.157,4.157,2.45,2.45,0.72,0.72,1,1
1,2026-08-03 04:56:20.945276,1785732980,1181,4.1212962962963,4.1212962962963,2.45,2.45,0.63,0.63,1,1
1,2026-08-03 04:56:21.948152,1785732981,1182,3.055,3.055,2.45,2.45,0.54,0.54,1,1
1,2026-08-03 04:56:22.952222,1785732982,1183,2.504,2.504,2.45,2.45,0.45,0.45,1,1
1,2026-08-03 04:56:23.959032,1785732983,1184,1.953,1.953,2.45,2.45,0.36,0.36,1,1
1,2026-08-03 04:56:24.962618,1785732984,1185,1.402,1.402,2.45,2.45,0.27,0.27,1,1
1,2026-08-03 04:56:25.964893,1785732985,1186,0.851,0.851,2.45,2.45,0.18,0.18,1,1
1,2026-08-03 04:56:26.979883,1785732986,1187,5.81,5.81,2.45,2.45,0.09,0.09,1,1
1,2026-08-03 04:56:27.995317,1785732987,1188,5.259,5.259,2.45,2.45,0.9,0.9,1,1
1,2026-08-03 04:56:28.997751,1785732988,1189,4.708,4.708,2.45,2.45,0.81,0.81,1,1
1,2026-08-03 04:56:30.013035,1785732990,1190,4.157,4.157,2.45,2.45,0.72,0.72,1,1
1,2026-08-03 04:56:31.024283,1785732991,1191,3.606,3.606,2.45,2.45,0.63,0.63,1,1
1,2026-08-03 04:56:32.034902,1785732992,1192,3.055,3.055,2.45,2.45,0.54,0.54,1,1
1,2026-08-03 04:56:33.040019,1785732993,1193,2.504,2.504,2.45,2.45,0.45,0.45,1,1
1,2026-08-03 04:56:34.052647,1785732994,1194,1.953,1.953,2.45,2.45,0.36,0.36,1,1
1,2026-08-03 04:56:35.571466,1785732995,1195,1.402,1.402,2.45,2.45,0.27,0.27,1,1
1,2026-08-03 04:56:36.575918,1785732996,1196,0.851,0.851,2.45,2.45,0.18,0.18,1,1
1,2026-08-03 04:56:37.588477,1785732997,1197,5.81,5.81,2.45,2.45,0.09,0.09,1,1
1,2026-08-03 04:56:38.601365,1785732998,1198,5.259,5.259,2.45,2.45,0.9,0.9,1,1
1,2026-08-03 04:56:39.603586,1785732999,1199,4.708,4.708,2.45,2.45,0.81,0.81,1,1
1,2026-08-03 04:56:40.619774,1785733000,1200,4.157,4.157,2.45,2.45,0.72,0.72,1,1
1,2026-08-03 04:56:41.622639,1785733001,1201,3.606,3.606,2.45,2.45,0.63,0.63,1,1
1,2026-08-03 04:56:42.633865,1785733002,1202,3.23657407407407,3.23657407407407,2.45,2.45,0.54,0.54,1,1
1,2026-08-03 04:56:43.644014,1785733003,1203,2.504,2.504,2.45,2.45,0.45,0.45,1,1
1,2026-08-03 04:56:44.673614,1785733004,1204,1.953,1.953,2.45,2.45,0.36,0.36,1,1
1,2026-08-03 04:56:45.677815,1785733005,1205,1.402,1.402,2.45,2.45,0.27,0.27,1,1
1,2026-08-03 04:56:46.690720,1785733006,1206,0.851,0.851,2.45,2.45,0.27,0.27,1,1
1,2026-08-03 04:56:47.714112,1785733007,1207,5.81,5.81,2.45,2.45,0.18,0.18,1,1
1,2026-08-03 04:56:48.728185,1785733008,1208,5.259,5.259,2.45,2.45,0.09,0.09,1,1
1,2026-08-03 04:56:49.774086,1785733009,1209,4.708,4.708,2.45,2.45,0.81,0.81,1,1
1,2026-08-03 04:56:50.776641,1785733010,1210,4.157,4.157,2.45,2.45,0.81,0.81,1,1
1,2026-08-03 04:56:51.834919,1785733011,1211,2.85092592592591,2.85092592592591,2.45,2.45,0.63,0.63,1,1
1,2026-08-03 04:56:52.847170,1785733012,1212,3.055,3.055,2.45,2.45,0.54,0.54,1,1
1,2026-08-03 04:56:53.858157,1785733013,1213,2.504,2.504,2.45,2.45,0.45,0.45,1,1
1,2026-08-03 04:56:54.860535,1785733014,1214,1.953,1.953,2.45,2.45,0.45,0.45,1,1
1,2026-08-03 04:56:55.882171,1785733015,1215,1.402,1.402,2.45,2.45,0.27,0.27,1,1
1,2026-08-03 04:56:56.947709,1785733016,1216,0.851,0.851,2.45,2.45,0.18,0.18,1,1
1,2026-08-03 04:56:57.951165,1785733017,1217,5.81,5.81,2.45,2.45,0.09,0.09,1,1
1,2026-08-03 04:56:58.954718,1785733018,1218,5.259,5.259,2.45,2.45,0.9,0.9,1,1
1,2026-08-03 04:56:59.958440,1785733019,1219,4.708,4.708,2.45,2.45,0.81,0.81,1,1
1,2026-08-03 04:57:00.992956,1785733020,1220,2.47662037037035,2.47662037037035,2.45,2.45,0.72,0.72,1,1
1,2026-08-03 04:57:02.008249,1785733022,1221,2.43124999999998,2.43124999999998,2.45,2.45,0.63,0.63,1,1
1,2026-08-03 04:57:03.011463,1785733023,1222,3.055,3.055,2.45,2.45,0.54,0.54,1,1
1,2026-08-03 04:57:04.021517,1785733024,1223,2.504,2.504,2.45,2.45,0.45,0.45,1,1
1,2026-08-03 04:57:05.037349,1785733025,1224,2.30648148148146,2.30648148148146,2.45,2.45,0.36,0.36,1,1
1,2026-08-03 04:57:06.065504,1785733026,1225,2.26111111111109,2.26111111111109,2.45,2.45,0.27,0.27,1,1
1,2026-08-03 04:57:07.092309,1785733027,1226,2.21574074074072,2.21574074074072,2.45,2.45,0.18,0.18,1,1
1,2026-08-03 04:57:08.634572,1785733028,1227,2.17037037037035,2.17037037037035,2.45,2.45,0.09,0.09,1,1
1,2026-08-03 04:57:09.657272,1785733029,1228,2.12499999999998,2.12499999999998,2.45,2.45,0.9,0.9,1,1
1,2026-08-03 04:57:10.671346,1785733030,1229,2.0909722222222,2.0909722222222,2.45,2.45,0.81,0.81,1,1
1,2026-08-03 04:57:11.691379,1785733031,1230,4.157,4.157,2.45,2.45,0.72,0.72,1,1
1,2026-08-03 04:57:12.698513,1785733032,1231,2.01157407407405,2.01157407407405,2.45,2.45,0.63,0.63,1,1
1,2026-08-03 04:57:13.724998,1785733033,1232,1.96620370370368,1.96620370370368,2.45,2.45,0.54,0.54,1,1
1,2026-08-03 04:57:14.737512,1785733034,1233,1.92083333333331,1.92083333333331,2.45,2.45,0.45,0.45,1,1
1,2026-08-03 04:57:15.753353,1785733035,1234,1.87546296296294,1.87546296296294,2.45,2.45,0.36,0.36,1,1
1,2026-08-03 04:57:16.797312,1785733036,1235,1.402,1.402,2.45,2.45,0.27,0.27,1,1
1,2026-08-03 04:57:17.805300,1785733037,1236,1.79606481481479,1.79606481481479,2.45,2.45,0.18,0.18,1,1
1,2026-08-03 04:57:18.820572,1785733038,1237,1.75069444444442,1.75069444444442,2.45,2.45,0.09,0.09,1,1
1,2026-08-03 04:57:19.841400,1785733039,1238,5.259,5.259,2.45,2.45,0.9,0.9,1,1
1,2026-08-03 04:57:20.865211,1785733040,1239,1.67129629629627,1.67129629629627,2.45,2.45,0.81,0.81,1,1
1,2026-08-03 04:57:21.960239,1785733041,1240,1.6259259259259,1.6259259259259,2.45,2.45,0.72,0.72,1,1
1,2026-08-03 04:57:22.968580,1785733042,1241,3.606,3.606,2.45,2.45,0.63,0.63,1,1
1,2026-08-03 04:57:23.971306,1785733043,1242,3.055,3.055,2.45,2.45,0.54,0.54,1,1
1,2026-08-03 04:57:24.974317,1785733044,1243,1.50115740740738,1.50115740740738,2.45,2.45,0.45,0.45,1,1
1,2026-08-03 04:57:25.976319,1785733045,1244,1.953,1.953,2.45,2.45,0.36,0.36,1,1
1,2026-08-03 04:57:26.990254,1785733046,1245,1.42175925925923,1.42175925925923,2.45,2.45,0.27,0.27,1,1
1,2026-08-03 04:57:27.993204,1785733047,1246,1.37638888888886,1.37638888888886,2.45,2.45,0.18,0.18,1,1
1,2026-08-03 04:57:29.019542,1785733049,1247,1.33101851851849,1.33101851851849,2.45,2.45,0.09,0.09,1,1
1,2026-08-03 04:57:30.027349,1785733050,1248,1.29699074074071,1.29699074074071,2.45,2.45,0.9,0.9,1,1
1,2026-08-03 04:57:31.086504,1785733051,1249,4.708,4.708,2.45,2.45,0.81,0.81,1,1
1,2026-08-03 04:57:32.089155,1785733052,1250,1.20624999999997,1.20624999999997,2.45,2.45,0.72,0.72,1,1
1,2026-08-03 04:57:33.114872,1785733053,1251,1.16087962962959,1.16087962962959,2.45,2.45,0.63,0.63,1,1
1,2026-08-03 04:57:34.116348,1785733054,1252,1.11550925925922,1.11550925925922,2.45,2.45,0.54,0.54,1,1
1,2026-08-03 04:57:35.151511,1785733055,1253,1.08148148148145,1.08148148148145,2.45,2.45,0.45,0.45,1,1
1,2026-08-03 04:57:36.211328,1785733056,1254,1.953,1.953,2.45,2.45,0.36,0.36,1,1
1,2026-08-03 04:57:37.227531,1785733057,1255,1.402,1.402,2.45,2.45,0.27,0.27,1,1
1,2026-08-03 04:57:38.247921,1785733058,1256,0.956712962962926,0.956712962962926,2.45,2.45,0.18,0.18,1,1
1,2026-08-03 04:57:39.255664,1785733059,1257,0.911342592592556,0.911342592592556,2.45,2.45,0.09,0.09,1,1
1,2026-08-03 04:57:40.863403,1785733060,1258,0.865972222222185,0.865972222222185,2.45,2.45,0.09,0.09,1,1
1,2026-08-03 04:57:41.865802,1785733061,1259,4.708,4.708,2.45,2.45,0.9,0.9,1,1
1,2026-08-03 04:57:42.883423,1785733062,1260,0.79791666666663,0.79791666666663,2.45,2.45,0.81,0.81,1,1
1,2026-08-03 04:57:43.888118,1785733063,1261,0.75254629629626,0.75254629629626,2.45,2.45,0.72,0.72,1,1
1,2026-08-03 04:57:45.001220,1785733065,1262,0.707175925925889,0.707175925925889,2.45,2.45,0.63,0.63,1,1
1,2026-08-03 04:57:46.002929,1785733066,1263,0.661805555555519,0.661805555555519,2.45,2.45,0.54,0.54,1,1
1,2026-08-03 04:57:47.010490,1785733067,1264,0.616435185185149,0.616435185185149,2.45,2.45,0.45,0.45,1,1
1,2026-08-03 04:57:48.015896,1785733068,1265,0.582407407407371,0.582407407407371,2.45,2.45,0.36,0.36,1,1
1,2026-08-03 04:57:49.024765,1785733069,1266,0.537037037037,0.537037037037,2.45,2.45,0.27,0.27,1,1
1,2026-08-03 04:57:50.221401,1785733070,1267,0.49166666666663,0.49166666666663,2.45,2.45,0.18,0.18,1,1
1,2026-08-03 04:57:51.377336,1785733071,1268,0.457638888888852,0.457638888888852,2.45,2.45,0.9,0.9,1,1
1,2026-08-03 04:57:52.383883,1785733072,1269,4.708,4.708,2.45,2.45,0.81,0.81,1,1
1,2026-08-03 04:57:53.403869,1785733073,1270,0.366898148148112,0.366898148148112,2.45,2.45,0.72,0.72,1,1
1,2026-08-03 04:57:54.486400,1785733074,1271,3.606,3.606,2.45,2.45,0.63,0.63,1,1
1,2026-08-03 04:57:55.488757,1785733075,1272,3.055,3.055,2.45,2.45,0.54,0.54,1,1
1,2026-08-03 04:57:56.504673,1785733076,1273,3.055,3.055,2.45,2.45,0.45,0.45,1,1
1,2026-08-03 04:57:57.580096,1785733077,1274,5.8,5.8,2.45,2.45,0.36,0.36,1,1
1,2026-08-03 04:57:58.581779,1785733078,1275,1.402,1.402,2.45,2.45,0.27,0.27,1,1
1,2026-08-03 04:57:59.585036,1785733079,1276,0.851,0.851,2.45,2.45,0.18,0.18,1,1
1,2026-08-03 04:58:00.591925,1785733080,1277,5.81,5.81,2.45,2.45,0.09,0.09,1,1
1,2026-08-03 04:58:01.593825,1785733081,1278,5.62986111111112,5.62986111111112,2.45,2.45,0.9,0.9,1,1
1,2026-08-03 04:58:02.630443,1785733082,1279,5.58449074074075,5.58449074074075,2.45,2.45,0.81,0.81,1,1
1,2026-08-03 04:58:03.642090,1785733083,1280,4.157,4.157,2.45,2.45,0.72,0.72,1,1
1,2026-08-03 04:58:04.647602,1785733084,1281,3.606,3.606,2.45,2.45,0.63,0.63,1,1
1,2026-08-03 04:58:05.693554,1785733085,1282,3.055,3.055,2.45,2.45,0.54,0.54,1,1
1,2026-08-03 04:58:06.728176,1785733086,1283,2.504,2.504,2.45,2.45,0.45,0.45,1,1
1,2026-08-03 04:58:07.730493,1785733087,1284,1.953,1.953,2.45,2.45,0.36,0.36,1,1
1,2026-08-03 04:58:08.766092,1785733088,1285,1.402,1.402,2.45,2.45,0.27,0.27,1,1
1,2026-08-03 04:58:09.821421,1785733089,1286,0.851,0.851,2.45,2.45,0.18,0.18,1,1
1,2026-08-03 04:58:10.825003,1785733090,1287,5.81,5.81,2.45,2.45,0.09,0.09,1,1
1,2026-08-03 04:58:11.836321,1785733091,1288,5.259,5.259,2.45,2.45,0.9,0.9,1,1
1,2026-08-03 04:58:12.860448,1785733092,1289,5.15347222222224,5.15347222222224,2.45,2.45,0.81,0.81,1,1
1,2026-08-03 04:58:14.414985,1785733094,1290,4.157,4.157,2.45,2.45,0.72,0.72,1,1
1,2026-08-03 04:58:15.460269,1785733095,1291,3.606,3.606,2.45,2.45,0.63,0.63,1,1
1,2026-08-03 04:58:16.484001,1785733096,1292,5.02870370370372,5.02870370370372,2.45,2.45,0.54,0.54,1,1
1,2026-08-03 04:58:17.511354,1785733097,1293,2.504,2.504,2.45,2.45,0.45,0.45,1,1
1,2026-08-03 04:58:18.515502,1785733098,1294,1.953,1.953,2.45,2.45,0.36,0.36,1,1
1,2026-08-03 04:58:19.516925,1785733099,1295,4.9039351851852,4.9039351851852,2.45,2.45,0.27,0.27,1,1
1,2026-08-03 04:58:20.597555,1785733100,1296,4.85856481481483,4.85856481481483,2.45,2.45,0.18,0.18,1,1
1,2026-08-03 04:58:21.611110,1785733101,1297,4.81319444444446,4.81319444444446,2.45,2.45,0.09,0.09,1,1
1,2026-08-03 04:58:22.645200,1785733102,1298,5.259,5.259,2.45,2.45,0.9,0.9,1,1
1,2026-08-03 04:58:23.663073,1785733103,1299,4.708,4.708,2.45,2.45,0.81,0.81,1,1
1,2026-08-03 04:58:24.676278,1785733104,1300,4.157,4.157,2.45,2.45,0.72,0.72,1,1
1,2026-08-03 04:58:25.679942,1785733105,1301,4.64305555555556,4.64305555555556,2.45,2.45,0.63,0.63,1,1
1,2026-08-03 04:58:26.683408,1785733106,1302,4.59768518518519,4.59768518518519,2.45,2.45,0.54,0.54,1,1
1,2026-08-03 04:58:27.704640,1785733107,1303,2.504,2.504,2.45,2.45,0.45,0.45,1,1
1,2026-08-03 04:58:28.714382,1785733108,1304,1.953,1.953,2.45,2.45,0.36,0.36,1,1
1,2026-08-03 04:58:29.730425,1785733109,1305,1.402,1.402,2.45,2.45,0.27,0.27,1,1
1,2026-08-03 04:58:30.762644,1785733110,1306,0.851,0.851,2.45,2.45,0.18,0.18,1,1
1,2026-08-03 04:58:31.779421,1785733111,1307,5.81,5.81,2.45,2.45,0.09,0.09,1,1
1,2026-08-03 04:58:32.780786,1785733112,1308,5.259,5.259,2.45,2.45,0.9,0.9,1,1
1,2026-08-03 04:58:33.782531,1785733113,1309,4.708,4.708,2.45,2.45,0.81,0.81,1,1
1,2026-08-03 04:58:34.817885,1785733114,1310,4.157,4.157,2.45,2.45,0.72,0.72,1,1
1,2026-08-03 04:58:35.829749,1785733115,1311,3.606,3.606,2.45,2.45,0.63,0.63,1,1
1,2026-08-03 04:58:36.844252,1785733116,1312,3.055,3.055,2.45,2.45,0.54,0.54,1,1
1,2026-08-03 04:58:37.848897,1785733117,1313,2.504,2.504,2.45,2.45,0.45,0.45,1,1
1,2026-08-03 04:58:38.879884,1785733118,1314,4.08726851851852,4.08726851851852,2.45,2.45,0.36,0.36,1,1
1,2026-08-03 04:58:39.949403,1785733119,1315,1.402,1.402,2.45,2.45,0.27,0.27,1,1
1,2026-08-03 04:58:41.011291,1785733121,1316,0.851,0.851,2.45,2.45,0.18,0.18,1,1
1,2026-08-03 04:58:42.013868,1785733122,1317,5.81,5.81,2.45,2.45,0.09,0.09,1,1
1,2026-08-03 04:58:43.016011,1785733123,1318,3.91712962962963,3.91712962962963,2.45,2.45,0.9,0.9,1,1
1,2026-08-03 04:58:44.021241,1785733124,1319,3.87175925925926,3.87175925925926,2.45,2.45,0.81,0.81,1,1
1,2026-08-03 04:58:45.028670,1785733125,1320,4.157,4.157,2.45,2.45,0.72,0.72,1,1
1,2026-08-03 04:58:46.034867,1785733126,1321,3.606,3.606,2.45,2.45,0.63,0.63,1,1
1,2026-08-03 04:58:47.563654,1785733127,1322,3.055,3.055,2.45,2.45,0.54,0.54,1,1
1,2026-08-03 04:58:48.570419,1785733128,1323,3.70162037037037,3.70162037037037,2.45,2.45,0.45,0.45,1,1
1,2026-08-03 04:58:49.581558,1785733129,1324,3.65625,3.65625,2.45,2.45,0.36,0.36,1,1
1,2026-08-03 04:58:50.595009,1785733130,1325,1.402,1.402,2.45,2.45,0.27,0.27,1,1
1,2026-08-03 04:58:51.596414,1785733131,1326,0.851,0.851,2.45,2.45,0.18,0.18,1,1
1,2026-08-03 04:58:52.601600,1785733132,1327,5.81,5.81,2.45,2.45,0.09,0.09,1,1
1,2026-08-03 04:58:53.617422,1785733133,1328,5.259,5.259,2.45,2.45,0.9,0.9,1,1
1,2026-08-03 04:58:54.618609,1785733134,1329,4.708,4.708,2.45,2.45,0.81,0.81,1,1
1,2026-08-03 04:58:55.653614,1785733135,1330,4.157,4.157,2.45,2.45,0.72,0.72,1,1
1,2026-08-03 04:58:56.657196,1785733136,1331,3.606,3.606,2.45,2.45,0.63,0.63,1,1
1,2026-08-03 04:58:57.662095,1785733137,1332,3.32731481481481,3.32731481481481,2.45,2.45,0.54,0.54,1,1
1,2026-08-03 04:58:58.690365,1785733138,1333,3.28194444444444,3.28194444444444,2.45,2.45,0.45,0.45,1,1
1,2026-08-03 04:58:59.731549,1785733139,1334,1.953,1.953,2.45,2.45,0.36,0.36,1,1
1,2026-08-03 04:59:00.737216,1785733140,1335,1.402,1.402,2.45,2.45,0.27,0.27,1,1
1,2026-08-03 04:59:01.739422,1785733141,1336,3.15717592592592,3.15717592592592,2.45,2.45,0.18,0.18,1,1
1,2026-08-03 04:59:02.762233,1785733142,1337,3.11180555555555,3.11180555555555,2.45,2.45,0.09,0.09,1,1
1,2026-08-03 04:59:03.764267,1785733143,1338,3.06643518518517,3.06643518518517,2.45,2.45,0.9,0.9,1,1
1,2026-08-03 04:59:04.789974,1785733144,1339,4.708,4.708,2.45,2.45,0.81,0.81,1,1
1,2026-08-03 04:59:05.826652,1785733145,1340,2.97569444444443,2.97569444444443,2.45,2.45,0.72,0.72,1,1
1,2026-08-03 04:59:06.838587,1785733146,1341,3.606,3.606,2.45,2.45,0.63,0.63,1,1
1,2026-08-03 04:59:07.859308,1785733147,1342,2.89629629629628,2.89629629629628,2.45,2.45,0.54,0.54,1,1
1,2026-08-03 04:59:08.864250,1785733148,1343,2.85092592592591,2.85092592592591,2.45,2.45,0.45,0.45,1,1
1,2026-08-03 04:59:09.903303,1785733149,1344,1.953,1.953,2.45,2.45,0.36,0.36,1,1
1,2026-08-03 04:59:10.908178,1785733150,1345,1.402,1.402,2.45,2.45,0.36,0.36,1,1
1,2026-08-03 04:59:11.939492,1785733151,1346,0.851,0.851,2.45,2.45,0.18,0.18,1,1
1,2026-08-03 04:59:12.950546,1785733152,1347,5.81,5.81,2.45,2.45,0.09,0.09,1,1
1,2026-08-03 04:59:13.955164,1785733153,1348,2.63541666666665,2.63541666666665,2.45,2.45,0.9,0.9,1,1
1,2026-08-03 04:59:14.999755,1785733154,1349,4.708,4.708,2.45,2.45,0.81,0.81,1,1
1,2026-08-03 04:59:16.022306,1785733156,1350,4.157,4.157,2.45,2.45,0.72,0.72,1,1
1,2026-08-03 04:59:17.064258,1785733157,1351,3.606,3.606,2.45,2.45,0.63,0.63,1,1
1,2026-08-03 04:59:18.075030,1785733158,1352,3.055,3.055,2.45,2.45,0.54,0.54,1,1
1,2026-08-03 04:59:19.076537,1785733159,1353,2.504,2.504,2.45,2.45,0.45,0.45,1,1
1,2026-08-03 04:59:20.633500,1785733160,1354,2.37453703703702,2.37453703703702,2.45,2.45,0.36,0.36,1,1
1,2026-08-03 04:59:21.634852,1785733161,1355,1.402,1.402,2.45,2.45,0.27,0.27,1,1
1,2026-08-03 04:59:22.655751,1785733162,1356,0.851,0.851,2.45,2.45,0.27,0.27,1,1
1,2026-08-03 04:59:23.657320,1785733163,1357,2.2497685185185,2.2497685185185,2.45,2.45,0.18,0.18,1,1
1,2026-08-03 04:59:24.680312,1785733164,1358,2.20439814814813,2.20439814814813,2.45,2.45,0.09,0.09,1,1
1,2026-08-03 04:59:25.684319,1785733165,1359,2.17037037037035,2.17037037037035,2.45,2.45,0.9,0.9,1,1
1,2026-08-03 04:59:26.693276,1785733166,1360,2.12499999999998,2.12499999999998,2.45,2.45,0.81,0.81,1,1
1,2026-08-03 04:59:27.694982,1785733167,1361,2.07962962962961,2.07962962962961,2.45,2.45,0.72,0.72,1,1
1,2026-08-03 04:59:28.697017,1785733168,1362,2.03425925925924,2.03425925925924,2.45,2.45,0.63,0.63,1,1
1,2026-08-03 04:59:29.704599,1785733169,1363,2.00023148148146,2.00023148148146,2.45,2.45,0.54,0.54,1,1
1,2026-08-03 04:59:30.710940,1785733170,1364,1.95486111111109,1.95486111111109,2.45,2.45,0.45,0.45,1,1
1,2026-08-03 04:59:31.722638,1785733171,1365,1.90949074074071,1.90949074074071,2.45,2.45,0.36,0.36,1,1
1,2026-08-03 04:59:32.727306,1785733172,1366,1.87546296296294,1.87546296296294,2.45,2.45,0.27,0.27,1,1
1,2026-08-03 04:59:33.738058,1785733173,1367,1.83009259259257,1.83009259259257,2.45,2.45,0.18,0.18,1,1
1,2026-08-03 04:59:34.741340,1785733174,1368,1.78472222222219,1.78472222222219,2.45,2.45,0.09,0.09,1,1
1,2026-08-03 04:59:35.742448,1785733175,1369,1.73935185185182,1.73935185185182,2.45,2.45,0.9,0.9,1,1
1,2026-08-03 04:59:36.749476,1785733176,1370,1.70532407407405,1.70532407407405,2.45,2.45,0.81,0.81,1,1
1,2026-08-03 04:59:37.763229,1785733177,1371,1.65995370370367,1.65995370370367,2.45,2.45,0.72,0.72,1,1
1,2026-08-03 04:59:38.770661,1785733178,1372,1.6145833333333,1.6145833333333,2.45,2.45,0.63,0.63,1,1
1,2026-08-03 04:59:39.771884,1785733179,1373,1.56921296296293,1.56921296296293,2.45,2.45,0.54,0.54,1,1
1,2026-08-03 04:59:40.773962,1785733180,1374,1.53518518518515,1.53518518518515,2.45,2.45,0.45,0.45,1,1
1,2026-08-03 04:59:41.788696,1785733181,1375,1.48981481481478,1.48981481481478,2.45,2.45,0.36,0.36,1,1
1,2026-08-03 04:59:42.806434,1785733182,1376,1.44444444444441,1.44444444444441,2.45,2.45,0.27,0.27,1,1
1,2026-08-03 04:59:43.808008,1785733183,1377,1.39907407407404,1.39907407407404,2.45,2.45,0.18,0.18,1,1
1,2026-08-03 04:59:44.811611,1785733184,1378,1.36504629629626,1.36504629629626,2.45,2.45,0.09,0.09,1,1
1,2026-08-03 04:59:45.827466,1785733185,1379,1.31967592592589,1.31967592592589,2.45,2.45,0.9,0.9,1,1
1,2026-08-03 04:59:46.832004,1785733186,1380,1.27430555555552,1.27430555555552,2.45,2.45,0.81,0.81,1,1
1,2026-08-03 04:59:47.840533,1785733187,1381,1.24027777777774,1.24027777777774,2.45,2.45,0.72,0.72,1,1
1,2026-08-03 04:59:48.852128,1785733188,1382,1.19490740740737,1.19490740740737,2.45,2.45,0.63,0.63,1,1
1,2026-08-03 04:59:49.886651,1785733189,1383,1.16087962962959,1.16087962962959,2.45,2.45,0.54,0.54,1,1
1,2026-08-03 04:59:50.951320,1785733190,1384,1.11550925925922,1.11550925925922,2.45,2.45,0.45,0.45,1,1
1,2026-08-03 04:59:51.954005,1785733191,1385,1.07013888888885,1.07013888888885,2.45,2.45,0.36,0.36,1,1
1,2026-08-03 04:59:53.478908,1785733193,1386,1.02476851851848,1.02476851851848,2.45,2.45,0.27,0.27,1,1
1,2026-08-03 04:59:54.488773,1785733194,1387,0.990740740740704,0.990740740740704,2.45,2.45,0.18,0.18,1,1
1,2026-08-03 04:59:55.491092,1785733195,1388,0.945370370370334,0.945370370370334,2.45,2.45,0.09,0.09,1,1
1,2026-08-03 04:59:56.506589,1785733196,1389,0.899999999999963,0.899999999999963,2.45,2.45,0.9,0.9,1,1
1,2026-08-03 04:59:57.516113,1785733197,1390,0.865972222222185,0.865972222222185,2.45,2.45,0.81,0.81,1,1
1,2026-08-03 04:59:58.533011,1785733198,1391,0.820601851851815,0.820601851851815,2.45,2.45,0.72,0.72,1,1
1,2026-08-03 04:59:59.534765,1785733199,1392,0.775231481481445,0.775231481481445,2.45,2.45,0.63,0.63,1,1
1,2026-08-03 05:00:00.580950,1785733200,1393,0.741203703703667,0.741203703703667,2.45,2.45,0.54,0.54,1,1
1,2026-08-03 05:00:01.582633,1785733201,1394,0.695833333333297,0.695833333333297,2.45,2.45,0.45,0.45,1,1
1,2026-08-03 05:00:02.586798,1785733202,1395,0.650462962962926,0.650462962962926,2.45,2.45,0.36,0.36,1,1
1,2026-08-03 05:00:03.644159,1785733203,1396,0.605092592592556,0.605092592592556,2.45,2.45,0.27,0.27,1,1
1,2026-08-03 05:00:04.648698,1785733204,1397,0.559722222222185,0.559722222222185,2.45,2.45,0.18,0.18,1,1
1,2026-08-03 05:00:05.650016,1785733205,1398,0.525694444444408,0.525694444444408,2.45,2.45,0.09,0.09,1,1
1,2026-08-03 05:00:06.706492,1785733206,1399,0.480324074074037,0.480324074074037,2.45,2.45,0.9,0.9,1,1
1,2026-08-03 05:00:07.718789,1785733207,1400,0.434953703703667,0.434953703703667,2.45,2.45,0.81,0.81,1,1
1,2026-08-03 05:00:08.720045,1785733208,1401,0.389583333333297,0.389583333333297,2.45,2.45,0.72,0.72,1,1
1,2026-08-03 05:00:09.740142,1785733209,1402,0.355555555555519,0.355555555555519,2.45,2.45,0.63,0.63,1,1
1,2026-08-03 05:00:10.754785,1785733210,1403,0.310185185185149,0.310185185185149,2.45,2.45,0.54,0.54,1,1
1,2026-08-03 05:00:11.867832,1785733211,1404,2.504,2.504,2.45,2.45,0.45,0.45,1,1
1,2026-08-03 05:00:12.869632,1785733212,1405,1.953,1.953,2.45,2.45,0.36,0.36,1,1
1,2026-08-03 05:00:13.871847,1785733213,1406,5.78865740740741,5.78865740740741,2.45,2.45,0.27,0.27,1,1
1,2026-08-03 05:00:14.872943,1785733214,1407,5.75462962962963,5.75462962962963,2.45,2.45,0.18,0.18,1,1
1,2026-08-03 05:00:15.878876,1785733215,1408,5.70925925925926,5.70925925925926,2.45,2.45,0.09,0.09,1,1
1,2026-08-03 05:00:16.900871,1785733216,1409,5.66388888888889,5.66388888888889,2.45,2.45,0.9,0.9,1,1
1,2026-08-03 05:00:17.917691,1785733217,1410,5.62986111111112,5.62986111111112,2.45,2.45,0.81,0.81,1,1
1,2026-08-03 05:00:18.931790,1785733218,1411,5.58449074074075,5.58449074074075,2.45,2.45,0.72,0.72,1,1
1,2026-08-03 05:00:19.935102,1785733219,1412,5.53912037037038,5.53912037037038,2.45,2.45,0.63,0.63,1,1
1,2026-08-03 05:00:20.971848,1785733220,1413,5.49375000000001,5.49375000000001,2.45,2.45,0.54,0.54,1,1
1,2026-08-03 05:00:22.080675,1785733222,1414,5.45972222222224,5.45972222222224,2.45,2.45,0.45,0.45,1,1
1,2026-08-03 05:00:23.099223,1785733223,1415,5.41435185185187,5.41435185185187,2.45,2.45,0.36,0.36,1,1
1,2026-08-03 05:00:24.106366,1785733224,1416,5.38032407407409,5.38032407407409,2.45,2.45,0.27,0.27,1,1
1,2026-08-03 05:00:25.175238,1785733225,1417,5.33495370370372,5.33495370370372,2.45,2.45,0.18,0.18,1,1
1,2026-08-03 05:00:26.773157,1785733226,1418,5.28958333333335,5.28958333333335,2.45,2.45,0.09,0.09,1,1
1,2026-08-03 05:00:27.792388,1785733227,1419,5.24421296296298,5.24421296296298,2.45,2.45,0.9,0.9,1,1
1,2026-08-03 05:00:28.821912,1785733228,1420,5.2101851851852,5.2101851851852,2.45,2.45,0.81,0.81,1,1
1,2026-08-03 05:00:29.925214,1785733229,1421,5.16481481481483,5.16481481481483,2.45,2.45,0.72,0.72,1,1
1,2026-08-03 05:00:31.039287,1785733231,1422,5.11944444444446,5.11944444444446,2.45,2.45,0.63,0.63,1,1
1,2026-08-03 05:00:32.059145,1785733232,1423,5.07407407407409,5.07407407407409,2.45,2.45,0.54,0.54,1,1
1,2026-08-03 05:00:33.068128,1785733233,1424,5.02870370370372,5.02870370370372,2.45,2.45,0.45,0.45,1,1
1,2026-08-03 05:00:34.075380,1785733234,1425,4.99467592592594,4.99467592592594,2.45,2.45,0.36,0.36,1,1
1,2026-08-03 05:00:35.096484,1785733235,1426,4.94930555555557,4.94930555555557,2.45,2.45,0.27,0.27,1,1
1,2026-08-03 05:00:36.098532,1785733236,1427,4.91527777777779,4.91527777777779,2.45,2.45,0.18,0.18,1,1
1,2026-08-03 05:00:37.100653,1785733237,1428,4.86990740740742,4.86990740740742,2.45,2.45,0.09,0.09,1,1
1,2026-08-03 05:00:38.110677,1785733238,1429,4.83587962962964,4.83587962962964,2.45,2.45,0.9,0.9,1,1
1,2026-08-03 05:00:39.117345,1785733239,1430,4.80185185185186,4.80185185185186,2.45,2.45,0.81,0.81,1,1
1,2026-08-03 05:00:40.127284,1785733240,1431,4.76782407407408,4.76782407407408,2.45,2.45,0.72,0.72,1,1
1,2026-08-03 05:00:41.138248,1785733241,1432,4.73379629629631,4.73379629629631,2.45,2.45,0.63,0.63,1,1
1,2026-08-03 05:00:42.154484,1785733242,1433,4.68842592592594,4.68842592592594,2.45,2.45,0.54,0.54,1,1
1,2026-08-03 05:00:43.156242,1785733243,1434,4.64305555555556,4.64305555555556,2.45,2.45,0.45,0.45,1,1
1,2026-08-03 05:00:44.157094,1785733244,1435,4.62037037037038,4.62037037037038,2.45,2.45,0.36,0.36,1,1
1,2026-08-03 05:00:45.183888,1785733245,1436,4.5863425925926,4.5863425925926,2.45,2.45,0.27,0.27,1,1
1,2026-08-03 05:00:46.185472,1785733246,1437,4.55231481481482,4.55231481481482,2.45,2.45,0.18,0.18,1,1
1,2026-08-03 05:00:47.193869,1785733247,1438,4.51828703703704,4.51828703703704,2.45,2.45,0.09,0.09,1,1
1,2026-08-03 05:00:48.195064,1785733248,1439,4.47291666666667,4.47291666666667,2.45,2.45,0.9,0.9,1,1
1,2026-08-03 05:00:49.197227,1785733249,1440,4.4275462962963,4.4275462962963,2.45,2.45,0.81,0.81,1,1
1,2026-08-03 05:00:50.202989,1785733250,1441,4.39351851851852,4.39351851851852,2.45,2.45,0.72,0.72,1,1
1,2026-08-03 05:00:51.205273,1785733251,1442,4.34814814814815,4.34814814814815,2.45,2.45,0.63,0.63,1,1
1,2026-08-03 05:00:52.213597,1785733252,1443,4.31412037037038,4.31412037037038,2.45,2.45,0.54,0.54,1,1
1,2026-08-03 05:00:53.215239,1785733253,1444,4.26875,4.26875,2.45,2.45,0.45,0.45,1,1
1,2026-08-03 05:00:54.218307,1785733254,1445,4.23472222222223,4.23472222222223,2.45,2.45,0.36,0.36,1,1
1,2026-08-03 05:00:55.239015,1785733255,1446,4.18935185185186,4.18935185185186,2.45,2.45,0.27,0.27,1,1
1,2026-08-03 05:00:56.240658,1785733256,1447,4.14398148148148,4.14398148148148,2.45,2.45,0.18,0.18,1,1
1,2026-08-03 05:00:57.247373,1785733257,1448,4.10995370370371,4.10995370370371,2.45,2.45,0.09,0.09,1,1
1,2026-08-03 05:00:58.249966,1785733258,1449,4.07592592592593,4.07592592592593,2.45,2.45,0.9,0.9,1,1
1,2026-08-03 05:00:59.771973,1785733259,1450,4.03055555555556,4.03055555555556,2.45,2.45,0.81,0.81,1,1
1,2026-08-03 05:01:00.780501,1785733260,1451,3.98518518518519,3.98518518518519,2.45,2.45,0.72,0.72,1,1
1,2026-08-03 05:01:01.785280,1785733261,1452,3.93981481481481,3.93981481481481,2.45,2.45,0.63,0.63,1,1
1,2026-08-03 05:01:02.798129,1785733262,1453,3.90578703703704,3.90578703703704,2.45,2.45,0.54,0.54,1,1
1,2026-08-03 05:01:03.803580,1785733263,1454,3.86041666666667,3.86041666666667,2.45,2.45,0.45,0.45,1,1
1,2026-08-03 05:01:04.807969,1785733264,1455,3.81504629629629,3.81504629629629,2.45,2.45,0.36,0.36,1,1
1,2026-08-03 05:01:05.823544,1785733265,1456,1.402,1.402,2.45,2.45,0.27,0.27,1,1
1,2026-08-03 05:01:06.829330,1785733266,1457,3.73564814814815,3.73564814814815,2.45,2.45,0.18,0.18,1,1
1,2026-08-03 05:01:07.832131,1785733267,1458,3.69027777777777,3.69027777777777,2.45,2.45,0.09,0.09,1,1
1,2026-08-03 05:01:08.847111,1785733268,1459,3.6449074074074,3.6449074074074,2.45,2.45,0.9,0.9,1,1
1,2026-08-03 05:01:09.849056,1785733269,1460,4.708,4.708,2.45,2.45,0.81,0.81,1,1
1,2026-08-03 05:01:10.861821,1785733270,1461,4.157,4.157,2.45,2.45,0.72,0.72,1,1
1,2026-08-03 05:01:11.867306,1785733271,1462,3.52013888888888,3.52013888888888,2.45,2.45,0.63,0.63,1,1
1,2026-08-03 05:01:12.869245,1785733272,1463,3.055,3.055,2.45,2.45,0.54,0.54,1,1
1,2026-08-03 05:01:13.871182,1785733273,1464,3.44074074074073,3.44074074074073,2.45,2.45,0.45,0.45,1,1
1,2026-08-03 05:01:14.876321,1785733274,1465,3.39537037037036,3.39537037037036,2.45,2.45,0.36,0.36,1,1
1,2026-08-03 05:01:15.879910,1785733275,1466,1.402,1.402,2.45,2.45,0.27,0.27,1,1
1,2026-08-03 05:01:16.882133,1785733276,1467,0.851,0.851,2.45,2.45,0.18,0.18,1,1
1,2026-08-03 05:01:17.884166,1785733277,1468,5.81,5.81,2.45,2.45,0.09,0.09,1,1
1,2026-08-03 05:01:18.899069,1785733278,1469,3.23657407407407,3.23657407407407,2.45,2.45,0.9,0.9,1,1
1,2026-08-03 05:01:19.933177,1785733279,1470,4.708,4.708,2.45,2.45,0.81,0.81,1,1
1,2026-08-03 05:01:20.940196,1785733280,1471,4.157,4.157,2.45,2.45,0.72,0.72,1,1
1,2026-08-03 05:01:22.001216,1785733282,1472,3.606,3.606,2.45,2.45,0.63,0.63,1,1
1,2026-08-03 05:01:23.013305,1785733283,1473,3.055,3.055,2.45,2.45,0.54,0.54,1,1
1,2026-08-03 05:01:24.048935,1785733284,1474,3.0324074074074,3.0324074074074,2.45,2.45,0.45,0.45,1,1
1,2026-08-03 05:01:25.057287,1785733285,1475,1.953,1.953,2.45,2.45,0.36,0.36,1,1
1,2026-08-03 05:01:26.059041,1785733286,1476,2.95300925925925,2.95300925925925,2.45,2.45,0.27,0.27,1,1
1,2026-08-03 05:01:27.068506,1785733287,1477,2.90763888888888,2.90763888888888,2.45,2.45,0.18,0.18,1,1
1,2026-08-03 05:01:28.106746,1785733288,1478,5.81,5.81,2.45,2.45,0.09,0.09,1,1
1,2026-08-03 05:01:29.111367,1785733289,1479,2.82824074074073,2.82824074074073,2.45,2.45,0.9,0.9,1,1
1,2026-08-03 05:01:30.155858,1785733290,1480,2.78287037037036,2.78287037037036,2.45,2.45,0.81,0.81,1,1
1,2026-08-03 05:01:31.162933,1785733291,1481,2.73749999999998,2.73749999999998,2.45,2.45,0.72,0.72,1,1
1,2026-08-03 05:01:32.694679,1785733292,1482,3.606,3.606,2.45,2.45,0.63,0.63,1,1
1,2026-08-03 05:01:33.723016,1785733293,1483,2.65810185185184,2.65810185185184,2.45,2.45,0.54,0.54,1,1
1,2026-08-03 05:01:34.741849,1785733294,1484,2.61273148148146,2.61273148148146,2.45,2.45,0.45,0.45,1,1
1,2026-08-03 05:01:35.760010,1785733295,1485,2.56736111111109,2.56736111111109,2.45,2.45,0.36,0.36,1,1
1,2026-08-03 05:01:36.763195,1785733296,1486,2.52199074074072,2.52199074074072,2.45,2.45,0.27,0.27,1,1
1,2026-08-03 05:01:37.803039,1785733297,1487,0.851,0.851,2.45,2.45,0.18,0.18,1,1
1,2026-08-03 05:01:38.805973,1785733298,1488,5.81,5.81,2.45,2.45,0.18,0.18,1,1
1,2026-08-03 05:01:39.829943,1785733299,1489,5.259,5.259,2.45,2.45,0.9,0.9,1,1
1,2026-08-03 05:01:40.830868,1785733300,1490,4.708,4.708,2.45,2.45,0.81,0.81,1,1
1,2026-08-03 05:01:41.844842,1785733301,1491,4.157,4.157,2.45,2.45,0.81,0.81,1,1
1,2026-08-03 05:01:42.875273,1785733302,1492,3.606,3.606,2.45,2.45,0.63,0.63,1,1
1,2026-08-03 05:01:43.886789,1785733303,1493,3.055,3.055,2.45,2.45,0.54,0.54,1,1
1,2026-08-03 05:01:44.927022,1785733304,1494,2.504,2.504,2.45,2.45,0.45,0.45,1,1
1,2026-08-03 05:01:45.951589,1785733305,1495,1.953,1.953,2.45,2.45,0.36,0.36,1,1
1,2026-08-03 05:01:46.989892,1785733306,1496,1.402,1.402,2.45,2.45,0.27,0.27,1,1
1,2026-08-03 05:01:47.994371,1785733307,1497,0.851,0.851,2.45,2.45,0.18,0.18,1,1
1,2026-08-03 05:01:49.004474,1785733309,1498,5.81,5.81,2.45,2.45,0.09,0.09,1,1
1,2026-08-03 05:01:50.111928,1785733310,1499,5.259,5.259,2.45,2.45,0.9,0.9,1,1
1,2026-08-03 05:01:51.136445,1785733311,1500,4.708,4.708,2.45,2.45,0.81,0.81,1,1
1,2026-08-03 05:01:52.141793,1785733312,1501,4.157,4.157,2.45,2.45,0.72,0.72,1,1
1,2026-08-03 05:01:53.145029,1785733313,1502,3.606,3.606,2.45,2.45,0.63,0.63,1,1
1,2026-08-03 05:01:54.158566,1785733314,1503,1.80740740740738,1.80740740740738,2.45,2.45,0.54,0.54,1,1
1,2026-08-03 05:01:55.160706,1785733315,1504,2.504,2.504,2.45,2.45,0.45,0.45,1,1
1,2026-08-03 05:01:56.172077,1785733316,1505,1.953,1.953,2.45,2.45,0.36,0.36,1,1
1,2026-08-03 05:01:57.178036,1785733317,1506,1.402,1.402,2.45,2.45,0.27,0.27,1,1
1,2026-08-03 05:01:58.190215,1785733318,1507,1.63726851851849,1.63726851851849,2.45,2.45,0.18,0.18,1,1
1,2026-08-03 05:01:59.193519,1785733319,1508,5.81,5.81,2.45,2.45,0.09,0.09,1,1
1,2026-08-03 05:02:00.204534,1785733320,1509,5.259,5.259,2.45,2.45,0.9,0.9,1,1
1,2026-08-03 05:02:01.273869,1785733321,1510,4.708,4.708,2.45,2.45,0.81,0.81,1,1
1,2026-08-03 05:02:02.275438,1785733322,1511,1.48981481481478,1.48981481481478,2.45,2.45,0.72,0.72,1,1
1,2026-08-03 05:02:03.329325,1785733323,1512,1.44444444444441,1.44444444444441,2.45,2.45,0.63,0.63,1,1
1,2026-08-03 05:02:04.339053,1785733324,1513,3.055,3.055,2.45,2.45,0.54,0.54,1,1
1,2026-08-03 05:02:05.860632,1785733325,1514,2.504,2.504,2.45,2.45,0.45,0.45,1,1
1,2026-08-03 05:02:06.915749,1785733326,1515,1.31967592592589,1.31967592592589,2.45,2.45,0.36,0.36,1,1
1,2026-08-03 05:02:07.928277,1785733327,1516,1.402,1.402,2.45,2.45,0.27,0.27,1,1
1,2026-08-03 05:02:08.930177,1785733328,1517,0.851,0.851,2.45,2.45,0.18,0.18,1,1
1,2026-08-03 05:02:09.965569,1785733329,1518,1.18356481481478,1.18356481481478,2.45,2.45,0.09,0.09,1,1
1,2026-08-03 05:02:10.971457,1785733330,1519,5.259,5.259,2.45,2.45,0.9,0.9,1,1
1,2026-08-03 05:02:11.994555,1785733331,1520,1.10416666666663,1.10416666666663,2.45,2.45,0.81,0.81,1,1
1,2026-08-03 05:02:13.043336,1785733333,1521,4.157,4.157,2.45,2.45,0.72,0.72,1,1
1,2026-08-03 05:02:14.073565,1785733334,1522,3.606,3.606,2.45,2.45,0.63,0.63,1,1
1,2026-08-03 05:02:15.075500,1785733335,1523,3.055,3.055,2.45,2.45,0.54,0.54,1,1
1,2026-08-03 05:02:16.095465,1785733336,1524,2.504,2.504,2.45,2.45,0.45,0.45,1,1
1,2026-08-03 05:02:17.102624,1785733337,1525,0.888657407407371,0.888657407407371,2.45,2.45,0.36,0.36,1,1
1,2026-08-03 05:02:18.133478,1785733338,1526,1.402,1.402,2.45,2.45,0.27,0.27,1,1
1,2026-08-03 05:02:19.333431,1785733339,1527,0.851,0.851,2.45,2.45,0.27,0.27,1,1
1,2026-08-03 05:02:20.430636,1785733340,1528,0.775231481481445,0.775231481481445,2.45,2.45,0.09,0.09,1,1
1,2026-08-03 05:02:21.446222,1785733341,1529,0.729861111111074,0.729861111111074,2.45,2.45,0.9,0.9,1,1
1,2026-08-03 05:02:22.487030,1785733342,1530,0.684490740740704,0.684490740740704,2.45,2.45,0.81,0.81,1,1
1,2026-08-03 05:02:23.508209,1785733343,1531,4.157,4.157,2.45,2.45,0.72,0.72,1,1
1,2026-08-03 05:02:24.521161,1785733344,1532,3.606,3.606,2.45,2.45,0.63,0.63,1,1
1,2026-08-03 05:02:25.550400,1785733345,1533,3.055,3.055,2.45,2.45,0.54,0.54,1,1
1,2026-08-03 05:02:26.569225,1785733346,1534,0.514351851851815,0.514351851851815,2.45,2.45,0.45,0.45,1,1
1,2026-08-03 05:02:27.597581,1785733347,1535,1.953,1.953,2.45,2.45,0.36,0.36,1,1
1,2026-08-03 05:02:28.624632,1785733348,1536,1.402,1.402,2.45,2.45,0.27,0.27,1,1
1,2026-08-03 05:02:29.646533,1785733349,1537,0.378240740740704,0.378240740740704,2.45,2.45,0.18,0.18,1,1
1,2026-08-03 05:02:30.667145,1785733350,1538,0.344212962962926,0.344212962962926,2.45,2.45,0.09,0.09,1,1
1,2026-08-03 05:02:31.724475,1785733351,1539,0.298842592592556,0.298842592592556,2.45,2.45,0.9,0.9,1,1
1,2026-08-03 05:02:32.727459,1785733352,1540,5.259,5.259,2.45,2.45,0.81,0.81,1,1
1,2026-08-03 05:02:33.745511,1785733353,1541,4.708,4.708,2.45,2.45,0.72,0.72,1,1
1,2026-08-03 05:02:34.788354,1785733354,1542,5.77731481481482,5.77731481481482,2.45,2.45,0.63,0.63,1,1
1,2026-08-03 05:02:35.793484,1785733355,1543,3.055,3.055,2.45,2.45,0.54,0.54,1,1
1,2026-08-03 05:02:36.824359,1785733356,1544,5.69791666666667,5.69791666666667,2.45,2.45,0.45,0.45,1,1
1,2026-08-03 05:02:38.420597,1785733358,1545,1.953,1.953,2.45,2.45,0.36,0.36,1,1
1,2026-08-03 05:02:39.421722,1785733359,1546,1.402,1.402,2.45,2.45,0.27,0.27,1,1
1,2026-08-03 05:02:40.456721,1785733360,1547,0.851,0.851,2.45,2.45,0.18,0.18,1,1
1,2026-08-03 05:02:41.487672,1785733361,1548,5.5164351851852,5.5164351851852,2.45,2.45,0.09,0.09,1,1
1,2026-08-03 05:02:42.500437,1785733362,1549,5.259,5.259,2.45,2.45,0.9,0.9,1,1
1,2026-08-03 05:02:43.514532,1785733363,1550,4.708,4.708,2.45,2.45,0.81,0.81,1,1
1,2026-08-03 05:02:44.519892,1785733364,1551,4.157,4.157,2.45,2.45,0.72,0.72,1,1
1,2026-08-03 05:02:45.523603,1785733365,1552,5.34629629629631,5.34629629629631,2.45,2.45,0.63,0.63,1,1
1,2026-08-03 05:02:46.570461,1785733366,1553,3.055,3.055,2.45,2.45,0.54,0.54,1,1
1,2026-08-03 05:02:47.571680,1785733367,1554,2.504,2.504,2.45,2.45,0.45,0.45,1,1
1,2026-08-03 05:02:48.576447,1785733368,1555,1.953,1.953,2.45,2.45,0.36,0.36,1,1
1,2026-08-03 05:02:49.577941,1785733369,1556,1.402,1.402,2.45,2.45,0.27,0.27,1,1
1,2026-08-03 05:02:50.617809,1785733370,1557,0.851,0.851,2.45,2.45,0.18,0.18,1,1
1,2026-08-03 05:02:51.618763,1785733371,1558,5.81,5.81,2.45,2.45,0.09,0.09,1,1
1,2026-08-03 05:02:52.623158,1785733372,1559,5.259,5.259,2.45,2.45,0.9,0.9,1,1
1,2026-08-03 05:02:53.688858,1785733373,1560,5.00601851851853,5.00601851851853,2.45,2.45,0.81,0.81,1,1
1,2026-08-03 05:02:54.690709,1785733374,1561,4.157,4.157,2.45,2.45,0.72,0.72,1,1
1,2026-08-03 05:02:55.700794,1785733375,1562,3.606,3.606,2.45,2.45,0.63,0.63,1,1
1,2026-08-03 05:02:56.705202,1785733376,1563,4.88125000000001,4.88125000000001,2.45,2.45,0.54,0.54,1,1
1,2026-08-03 05:02:57.735785,1785733377,1564,2.504,2.504,2.45,2.45,0.45,0.45,1,1
1,2026-08-03 05:02:58.758244,1785733378,1565,4.79050925925927,4.79050925925927,2.45,2.45,0.36,0.36,1,1
1,2026-08-03 05:02:59.794949,1785733379,1566,4.75648148148149,4.75648148148149,2.45,2.45,0.27,0.27,1,1
1,2026-08-03 05:03:00.836203,1785733380,1567,4.71111111111112,4.71111111111112,2.45,2.45,0.18,0.18,1,1
1,2026-08-03 05:03:01.846684,1785733381,1568,5.81,5.81,2.45,2.45,0.09,0.09,1,1
1,2026-08-03 05:03:02.847732,1785733382,1569,4.62037037037038,4.62037037037038,2.45,2.45,0.9,0.9,1,1
1,2026-08-03 05:03:03.872663,1785733383,1570,4.5863425925926,4.5863425925926,2.45,2.45,0.81,0.81,1,1
1,2026-08-03 05:03:04.929340,1785733384,1571,4.54097222222223,4.54097222222223,2.45,2.45,0.72,0.72,1,1
1,2026-08-03 05:03:05.934643,1785733385,1572,3.606,3.606,2.45,2.45,0.63,0.63,1,1
1,2026-08-03 05:03:06.956570,1785733386,1573,4.45023148148149,4.45023148148149,2.45,2.45,0.54,0.54,1,1
1,2026-08-03 05:03:07.957660,1785733387,1574,4.40486111111112,4.40486111111112,2.45,2.45,0.45,0.45,1,1
1,2026-08-03 05:03:08.958784,1785733388,1575,4.37083333333334,4.37083333333334,2.45,2.45,0.45,0.45,1,1
1,2026-08-03 05:03:09.960495,1785733389,1576,4.32546296296297,4.32546296296297,2.45,2.45,0.36,0.36,1,1
1,2026-08-03 05:03:11.511007,1785733391,1577,4.2800925925926,4.2800925925926,2.45,2.45,0.27,0.27,1,1
1,2026-08-03 05:03:12.521343,1785733392,1578,4.23472222222223,4.23472222222223,2.45,2.45,0.18,0.18,1,1
1,2026-08-03 05:03:13.556122,1785733393,1579,4.18935185185186,4.18935185185186,2.45,2.45,0.9,0.9,1,1
1,2026-08-03 05:03:14.582300,1785733394,1580,4.15532407407408,4.15532407407408,2.45,2.45,0.81,0.81,1,1
1,2026-08-03 05:03:15.616638,1785733395,1581,4.10995370370371,4.10995370370371,2.45,2.45,0.72,0.72,1,1
1,2026-08-03 05:03:16.621674,1785733396,1582,3.606,3.606,2.45,2.45,0.63,0.63,1,1
1,2026-08-03 05:03:17.668170,1785733397,1583,3.055,3.055,2.45,2.45,0.54,0.54,1,1
1,2026-08-03 05:03:18.669305,1785733398,1584,3.97384259259259,3.97384259259259,2.45,2.45,0.45,0.45,1,1
1,2026-08-03 05:03:19.700699,1785733399,1585,1.953,1.953,2.45,2.45,0.36,0.36,1,1
1,2026-08-03 05:03:20.733112,1785733400,1586,3.89444444444444,3.89444444444444,2.45,2.45,0.27,0.27,1,1
1,2026-08-03 05:03:21.741204,1785733401,1587,0.851,0.851,2.45,2.45,0.27,0.27,1,1
1,2026-08-03 05:03:22.801320,1785733402,1588,3.8037037037037,3.8037037037037,2.45,2.45,0.09,0.09,1,1
1,2026-08-03 05:03:23.803673,1785733403,1589,5.259,5.259,2.45,2.45,0.9,0.9,1,1
1,2026-08-03 05:03:24.834257,1785733404,1590,3.71296296296296,3.71296296296296,2.45,2.45,0.9,0.9,1,1
1,2026-08-03 05:03:25.840052,1785733405,1591,4.157,4.157,2.45,2.45,0.81,0.81,1,1
1,2026-08-03 05:03:26.866194,1785733406,1592,3.606,3.606,2.45,2.45,0.63,0.63,1,1
1,2026-08-03 05:03:27.894271,1785733407,1593,3.055,3.055,2.45,2.45,0.54,0.54,1,1
1,2026-08-03 05:03:28.903132,1785733408,1594,2.504,2.504,2.45,2.45,0.45,0.45,1,1
1,2026-08-03 05:03:29.924149,1785733409,1595,1.953,1.953,2.45,2.45,0.45,0.45,1,1
1,2026-08-03 05:03:30.928948,1785733410,1596,1.402,1.402,2.45,2.45,0.27,0.27,1,1
1,2026-08-03 05:03:31.948282,1785733411,1597,0.851,0.851,2.45,2.45,0.18,0.18,1,1
1,2026-08-03 05:03:33.009890,1785733413,1598,3.37268518518518,3.37268518518518,2.45,2.45,0.09,0.09,1,1
1,2026-08-03 05:03:34.014187,1785733414,1599,5.259,5.259,2.45,2.45,0.9,0.9,1,1
1,2026-08-03 05:03:35.020152,1785733415,1600,4.708,4.708,2.45,2.45,0.81,0.81,1,1
1,2026-08-03 05:03:36.026296,1785733416,1601,4.157,4.157,2.45,2.45,0.72,0.72,1,1
1,2026-08-03 05:03:37.047623,1785733417,1602,3.20254629629629,3.20254629629629,2.45,2.45,0.63,0.63,1,1
1,2026-08-03 05:03:38.049302,1785733418,1603,3.055,3.055,2.45,2.45,0.63,0.63,1,1
1,2026-08-03 05:03:39.094758,1785733419,1604,2.504,2.504,2.45,2.45,0.45,0.45,1,1
1,2026-08-03 05:03:40.096517,1785733420,1605,1.953,1.953,2.45,2.45,0.36,0.36,1,1
1,2026-08-03 05:03:41.098142,1785733421,1606,1.402,1.402,2.45,2.45,0.27,0.27,1,1
1,2026-08-03 05:03:42.102679,1785733422,1607,2.98703703703702,2.98703703703702,2.45,2.45,0.18,0.18,1,1
1,2026-08-03 05:03:43.114040,1785733423,1608,2.95300925925925,2.95300925925925,2.45,2.45,0.09,0.09,1,1
1,2026-08-03 05:03:44.661849,1785733424,1609,2.90763888888888,2.90763888888888,2.45,2.45,0.9,0.9,1,1
1,2026-08-03 05:03:45.677091,1785733425,1610,2.8622685185185,2.8622685185185,2.45,2.45,0.81,0.81,1,1
1,2026-08-03 05:03:46.729472,1785733426,1611,2.82824074074073,2.82824074074073,2.45,2.45,0.72,0.72,1,1
1,2026-08-03 05:03:47.768020,1785733427,1612,2.77152777777776,2.77152777777776,2.45,2.45,0.63,0.63,1,1
1,2026-08-03 05:03:48.772608,1785733428,1613,2.73749999999998,2.73749999999998,2.45,2.45,0.54,0.54,1,1
1,2026-08-03 05:03:49.798669,1785733429,1614,2.69212962962961,2.69212962962961,2.45,2.45,0.45,0.45,1,1
1,2026-08-03 05:03:50.840245,1785733430,1615,2.65810185185184,2.65810185185184,2.45,2.45,0.36,0.36,1,1
1,2026-08-03 05:03:51.858876,1785733431,1616,2.61273148148146,2.61273148148146,2.45,2.45,0.27,0.27,1,1
1,2026-08-03 05:03:52.888014,1785733432,1617,0.851,0.851,2.45,2.45,0.18,0.18,1,1
1,2026-08-03 05:03:53.915561,1785733433,1618,2.52199074074072,2.52199074074072,2.45,2.45,0.09,0.09,1,1
1,2026-08-03 05:03:54.926030,1785733434,1619,2.47662037037035,2.47662037037035,2.45,2.45,0.09,0.09,1,1
1,2026-08-03 05:03:55.966501,1785733435,1620,2.44259259259257,2.44259259259257,2.45,2.45,0.81,0.81,1,1
1,2026-08-03 05:03:56.978933,1785733436,1621,4.157,4.157,2.45,2.45,0.72,0.72,1,1
1,2026-08-03 05:03:57.993930,1785733437,1622,2.35185185185183,2.35185185185183,2.45,2.45,0.63,0.63,1,1
1,2026-08-03 05:03:58.998973,1785733438,1623,3.055,3.055,2.45,2.45,0.54,0.54,1,1
1,2026-08-03 05:04:00.035649,1785733440,1624,2.26111111111109,2.26111111111109,2.45,2.45,0.45,0.45,1,1
1,2026-08-03 05:04:01.037315,1785733441,1625,2.22708333333331,2.22708333333331,2.45,2.45,0.36,0.36,1,1
1,2026-08-03 05:04:02.061444,1785733442,1626,2.18171296296294,2.18171296296294,2.45,2.45,0.27,0.27,1,1
1,2026-08-03 05:04:03.062835,1785733443,1627,0.851,0.851,2.45,2.45,0.18,0.18,1,1
1,2026-08-03 05:04:04.073089,1785733444,1628,5.81,5.81,2.45,2.45,0.18,0.18,1,1
1,2026-08-03 05:04:05.145642,1785733445,1629,5.259,5.259,2.45,2.45,0.9,0.9,1,1
1,2026-08-03 05:04:06.154518,1785733446,1630,4.708,4.708,2.45,2.45,0.81,0.81,1,1
1,2026-08-03 05:04:07.163262,1785733447,1631,4.157,4.157,2.45,2.45,0.72,0.72,1,1
1,2026-08-03 05:04:08.166952,1785733448,1632,3.606,3.606,2.45,2.45,0.63,0.63,1,1
1,2026-08-03 05:04:09.171726,1785733449,1633,1.88680555555553,1.88680555555553,2.45,2.45,0.54,0.54,1,1
1,2026-08-03 05:04:10.216875,1785733450,1634,1.84143518518516,1.84143518518516,2.45,2.45,0.45,0.45,1,1
1,2026-08-03 05:04:11.229069,1785733451,1635,1.953,1.953,2.45,2.45,0.36,0.36,1,1
1,2026-08-03 05:04:12.242809,1785733452,1636,1.402,1.402,2.45,2.45,0.27,0.27,1,1
1,2026-08-03 05:04:13.244658,1785733453,1637,0.851,0.851,2.45,2.45,0.18,0.18,1,1
1,2026-08-03 05:04:14.275547,1785733454,1638,1.67129629629627,1.67129629629627,2.45,2.45,0.09,0.09,1,1
1,2026-08-03 05:04:15.278026,1785733455,1639,5.259,5.259,2.45,2.45,0.9,0.9,1,1
1,2026-08-03 05:04:16.287315,1785733456,1640,4.708,4.708,2.45,2.45,0.81,0.81,1,1
1,2026-08-03 05:04:17.828327,1785733457,1641,4.157,4.157,2.45,2.45,0.72,0.72,1,1
1,2026-08-03 05:04:18.838879,1785733458,1642,1.50115740740738,1.50115740740738,2.45,2.45,0.63,0.63,1,1
1,2026-08-03 05:04:19.885432,1785733459,1643,3.055,3.055,2.45,2.45,0.54,0.54,1,1
1,2026-08-03 05:04:20.897817,1785733460,1644,2.504,2.504,2.45,2.45,0.45,0.45,1,1
1,2026-08-03 05:04:21.900007,1785733461,1645,1.953,1.953,2.45,2.45,0.36,0.36,1,1
1,2026-08-03 05:04:22.913157,1785733462,1646,1.402,1.402,2.45,2.45,0.27,0.27,1,1
1,2026-08-03 05:04:23.918846,1785733463,1647,1.28564814814812,1.28564814814812,2.45,2.45,0.18,0.18,1,1
1,2026-08-03 05:04:24.988561,1785733464,1648,1.24027777777774,1.24027777777774,2.45,2.45,0.09,0.09,1,1
1,2026-08-03 05:04:26.015177,1785733466,1649,5.259,5.259,2.45,2.45,0.9,0.9,1,1
1,2026-08-03 05:04:27.028713,1785733467,1650,4.708,4.708,2.45,2.45,0.81,0.81,1,1
1,2026-08-03 05:04:28.039255,1785733468,1651,4.157,4.157,2.45,2.45,0.72,0.72,1,1
1,2026-08-03 05:04:29.072840,1785733469,1652,1.07013888888885,1.07013888888885,2.45,2.45,0.63,0.63,1,1
1,2026-08-03 05:04:30.078778,1785733470,1653,1.02476851851848,1.02476851851848,2.45,2.45,0.54,0.54,1,1
1,2026-08-03 05:04:31.084964,1785733471,1654,0.979398148148111,0.979398148148111,2.45,2.45,0.45,0.45,1,1
1,2026-08-03 05:04:32.106415,1785733472,1655,0.934027777777741,0.934027777777741,2.45,2.45,0.36,0.36,1,1
1,2026-08-03 05:04:33.169962,1785733473,1656,1.402,1.402,2.45,2.45,0.27,0.27,1,1
1,2026-08-03 05:04:34.174465,1785733474,1657,0.851,0.851,2.45,2.45,0.18,0.18,1,1
1,2026-08-03 05:04:35.177318,1785733475,1658,5.81,5.81,2.45,2.45,0.09,0.09,1,1
1,2026-08-03 05:04:36.181715,1785733476,1659,0.763888888888852,0.763888888888852,2.45,2.45,0.09,0.09,1,1
1,2026-08-03 05:04:37.183816,1785733477,1660,0.729861111111074,0.729861111111074,2.45,2.45,0.9,0.9,1,1
1,2026-08-03 05:04:38.185814,1785733478,1661,0.684490740740704,0.684490740740704,2.45,2.45,0.81,0.81,1,1
1,2026-08-03 05:04:39.187531,1785733479,1662,0.650462962962926,0.650462962962926,2.45,2.45,0.72,0.72,1,1
1,2026-08-03 05:04:40.188585,1785733480,1663,0.605092592592556,0.605092592592556,2.45,2.45,0.63,0.63,1,1
1,2026-08-03 05:04:41.190572,1785733481,1664,0.571064814814778,0.571064814814778,2.45,2.45,0.54,0.54,1,1
1,2026-08-03 05:04:42.192463,1785733482,1665,0.525694444444408,0.525694444444408,2.45,2.45,0.45,0.45,1,1
1,2026-08-03 05:04:43.217910,1785733483,1666,0.480324074074037,0.480324074074037,2.45,2.45,0.36,0.36,1,1
1,2026-08-03 05:04:44.221744,1785733484,1667,0.44629629629626,0.44629629629626,2.45,2.45,0.27,0.27,1,1
1,2026-08-03 05:04:45.244528,1785733485,1668,0.400925925925889,0.400925925925889,2.45,2.45,0.18,0.18,1,1
1,2026-08-03 05:04:46.252175,1785733486,1669,0.366898148148112,0.366898148148112,2.45,2.45,0.09,0.09,1,1
1,2026-08-03 05:04:47.259185,1785733487,1670,0.321527777777741,0.321527777777741,2.45,2.45,0.9,0.9,1,1
1,2026-08-03 05:04:48.263412,1785733488,1671,0.298842592592556,0.298842592592556,2.45,2.45,0.81,0.81,1,1
1,2026-08-03 05:04:49.273863,1785733489,1672,4.157,4.157,2.45,2.45,0.72,0.72,1,1
1,2026-08-03 05:04:50.795012,1785733490,1673,5.8,5.8,2.45,2.45,0.63,0.63,1,1
1,2026-08-03 05:04:51.797797,1785733491,1674,5.75462962962963,5.75462962962963,2.45,2.45,0.54,0.54,1,1
1,2026-08-03 05:04:52.799282,1785733492,1675,5.72060185185185,5.72060185185185,2.45,2.45,0.45,0.45,1,1
1,2026-08-03 05:04:53.802853,1785733493,1676,5.67523148148149,5.67523148148149,2.45,2.45,0.36,0.36,1,1
1,2026-08-03 05:04:54.840234,1785733494,1677,5.64120370370371,5.64120370370371,2.45,2.45,0.27,0.27,1,1
1,2026-08-03 05:04:55.850404,1785733495,1678,5.59583333333334,5.59583333333334,2.45,2.45,0.18,0.18,1,1
1,2026-08-03 05:04:56.852208,1785733496,1679,5.55046296296297,5.55046296296297,2.45,2.45,0.09,0.09,1,1
1,2026-08-03 05:04:57.855650,1785733497,1680,5.5164351851852,5.5164351851852,2.45,2.45,0.9,0.9,1,1
1,2026-08-03 05:04:58.857986,1785733498,1681,5.47106481481483,5.47106481481483,2.45,2.45,0.81,0.81,1,1
1,2026-08-03 05:04:59.860224,1785733499,1682,5.42569444444446,5.42569444444446,2.45,2.45,0.72,0.72,1,1
1,2026-08-03 05:05:00.862137,1785733500,1683,5.38032407407409,5.38032407407409,2.45,2.45,0.63,0.63,1,1
1,2026-08-03 05:05:01.866370,1785733501,1684,5.34629629629631,5.34629629629631,2.45,2.45,0.54,0.54,1,1
1,2026-08-03 05:05:02.903506,1785733502,1685,5.30092592592594,5.30092592592594,2.45,2.45,0.45,0.45,1,1
1,2026-08-03 05:05:03.904926,1785733503,1686,5.25555555555557,5.25555555555557,2.45,2.45,0.36,0.36,1,1
1,2026-08-03 05:05:04.906594,1785733504,1687,5.2101851851852,5.2101851851852,2.45,2.45,0.27,0.27,1,1
1,2026-08-03 05:05:05.908466,1785733505,1688,5.17615740740742,5.17615740740742,2.45,2.45,0.18,0.18,1,1
1,2026-08-03 05:05:06.911314,1785733506,1689,5.13078703703705,5.13078703703705,2.45,2.45,0.09,0.09,1,1
1,2026-08-03 05:05:07.929261,1785733507,1690,5.09675925925927,5.09675925925927,2.45,2.45,0.9,0.9,1,1
1,2026-08-03 05:05:08.931138,1785733508,1691,5.0513888888889,5.0513888888889,2.45,2.45,0.81,0.81,1,1
1,2026-08-03 05:05:09.946219,1785733509,1692,4.157,4.157,2.45,2.45,0.72,0.72,1,1
1,2026-08-03 05:05:10.947317,1785733510,1693,4.97199074074075,4.97199074074075,2.45,2.45,0.63,0.63,1,1
1,2026-08-03 05:05:11.950631,1785733511,1694,3.055,3.055,2.45,2.45,0.54,0.54,1,1
1,2026-08-03 05:05:12.952962,1785733512,1695,4.8925925925926,4.8925925925926,2.45,2.45,0.45,0.45,1,1
1,2026-08-03 05:05:13.959156,1785733513,1696,1.953,1.953,2.45,2.45,0.36,0.36,1,1
1,2026-08-03 05:05:14.967873,1785733514,1697,1.402,1.402,2.45,2.45,0.27,0.27,1,1
1,2026-08-03 05:05:15.969512,1785733515,1698,0.851,0.851,2.45,2.45,0.18,0.18,1,1
1,2026-08-03 05:05:16.971277,1785733516,1699,4.72245370370371,4.72245370370371,2.45,2.45,0.09,0.09,1,1
1,2026-08-03 05:05:17.980450,1785733517,1700,5.259,5.259,2.45,2.45,0.9,0.9,1,1
1,2026-08-03 05:05:18.992919,1785733518,1701,4.708,4.708,2.45,2.45,0.81,0.81,1,1
1,2026-08-03 05:05:20.004476,1785733520,1702,4.157,4.157,2.45,2.45,0.72,0.72,1,1
1,2026-08-03 05:05:21.006123,1785733521,1703,4.55231481481482,4.55231481481482,2.45,2.45,0.63,0.63,1,1
1,2026-08-03 05:05:22.011178,1785733522,1704,3.055,3.055,2.45,2.45,0.54,0.54,1,1
1,2026-08-03 05:05:23.549589,1785733523,1705,2.504,2.504,2.45,2.45,0.54,0.54,1,1
1,2026-08-03 05:05:24.553153,1785733524,1706,4.4275462962963,4.4275462962963,2.45,2.45,0.45,0.45,1,1
1,2026-08-03 05:05:25.554941,1785733525,1707,4.38217592592593,4.38217592592593,2.45,2.45,0.36,0.36,1,1
1,2026-08-03 05:05:26.564196,1785733526,1708,4.34814814814815,4.34814814814815,2.45,2.45,0.27,0.27,1,1
1,2026-08-03 05:05:27.567042,1785733527,1709,4.30277777777778,4.30277777777778,2.45,2.45,0.18,0.18,1,1
1,2026-08-03 05:05:28.579065,1785733528,1710,4.25740740740741,4.25740740740741,2.45,2.45,0.09,0.09,1,1
1,2026-08-03 05:05:29.580923,1785733529,1711,4.21203703703704,4.21203703703704,2.45,2.45,0.9,0.9,1,1
1,2026-08-03 05:05:30.582621,1785733530,1712,4.17800925925926,4.17800925925926,2.45,2.45,0.81,0.81,1,1
1,2026-08-03 05:05:31.591329,1785733531,1713,4.13263888888889,4.13263888888889,2.45,2.45,0.72,0.72,1,1
1,2026-08-03 05:05:32.597643,1785733532,1714,4.08726851851852,4.08726851851852,2.45,2.45,0.63,0.63,1,1
1,2026-08-03 05:05:33.619400,1785733533,1715,4.04189814814815,4.04189814814815,2.45,2.45,0.54,0.54,1,1
1,2026-08-03 05:05:34.620256,1785733534,1716,4.00787037037037,4.00787037037037,2.45,2.45,0.45,0.45,1,1
1,2026-08-03 05:05:35.622359,1785733535,1717,3.9625,3.9625,2.45,2.45,0.36,0.36,1,1
1,2026-08-03 05:05:36.636489,1785733536,1718,3.91712962962963,3.91712962962963,2.45,2.45,0.27,0.27,1,1
1,2026-08-03 05:05:37.637979,1785733537,1719,3.87175925925926,3.87175925925926,2.45,2.45,0.18,0.18,1,1
1,2026-08-03 05:05:38.639800,1785733538,1720,3.83773148148148,3.83773148148148,2.45,2.45,0.09,0.09,1,1
1,2026-08-03 05:05:39.652037,1785733539,1721,3.79236111111111,3.79236111111111,2.45,2.45,0.9,0.9,1,1
1,2026-08-03 05:05:40.653701,1785733540,1722,3.74699074074074,3.74699074074074,2.45,2.45,0.81,0.81,1,1
1,2026-08-03 05:05:41.674531,1785733541,1723,3.70162037037037,3.70162037037037,2.45,2.45,0.72,0.72,1,1
1,2026-08-03 05:05:42.676696,1785733542,1724,3.66759259259259,3.66759259259259,2.45,2.45,0.63,0.63,1,1
1,2026-08-03 05:05:43.680552,1785733543,1725,3.62222222222222,3.62222222222222,2.45,2.45,0.54,0.54,1,1
1,2026-08-03 05:05:44.684883,1785733544,1726,3.57685185185185,3.57685185185185,2.45,2.45,0.45,0.45,1,1
1,2026-08-03 05:05:45.689687,1785733545,1727,3.54282407407407,3.54282407407407,2.45,2.45,0.36,0.36,1,1
1,2026-08-03 05:05:46.695836,1785733546,1728,3.52013888888888,3.52013888888888,2.45,2.45,0.27,0.27,1,1
1,2026-08-03 05:05:47.718106,1785733547,1729,3.4974537037037,3.4974537037037,2.45,2.45,0.18,0.18,1,1
1,2026-08-03 05:05:48.731935,1785733548,1730,3.45208333333333,3.45208333333333,2.45,2.45,0.09,0.09,1,1
1,2026-08-03 05:05:49.732956,1785733549,1731,3.41805555555555,3.41805555555555,2.45,2.45,0.9,0.9,1,1
1,2026-08-03 05:05:50.789470,1785733550,1732,3.38402777777777,3.38402777777777,2.45,2.45,0.81,0.81,1,1
1,2026-08-03 05:05:51.791096,1785733551,1733,3.3386574074074,3.3386574074074,2.45,2.45,0.72,0.72,1,1
1,2026-08-03 05:05:52.792335,1785733552,1734,3.29328703703703,3.29328703703703,2.45,2.45,0.63,0.63,1,1
1,2026-08-03 05:05:53.794137,1785733553,1735,3.055,3.055,2.45,2.45,0.54,0.54,1,1
1,2026-08-03 05:05:54.796367,1785733554,1736,2.504,2.504,2.45,2.45,0.45,0.45,1,1
1,2026-08-03 05:05:56.318758,1785733556,1737,1.953,1.953,2.45,2.45,0.36,0.36,1,1
1,2026-08-03 05:05:57.339561,1785733557,1738,3.12314814814814,3.12314814814814,2.45,2.45,0.27,0.27,1,1
1,2026-08-03 05:05:58.345321,1785733558,1739,0.851,0.851,2.45,2.45,0.18,0.18,1,1
1,2026-08-03 05:05:59.357114,1785733559,1740,5.81,5.81,2.45,2.45,0.09,0.09,1,1
1,2026-08-03 05:06:00.361982,1785733560,1741,5.259,5.259,2.45,2.45,0.9,0.9,1,1
1,2026-08-03 05:06:01.375316,1785733561,1742,4.708,4.708,2.45,2.45,0.81,0.81,1,1
1,2026-08-03 05:06:02.378314,1785733562,1743,4.157,4.157,2.45,2.45,0.72,0.72,1,1
1,2026-08-03 05:06:03.393500,1785733563,1744,3.606,3.606,2.45,2.45,0.63,0.63,1,1
1,2026-08-03 05:06:04.395374,1785733564,1745,3.055,3.055,2.45,2.45,0.54,0.54,1,1
1,2026-08-03 05:06:05.412334,1785733565,1746,2.79421296296295,2.79421296296295,2.45,2.45,0.45,0.45,1,1
1,2026-08-03 05:06:06.438470,1785733566,1747,1.953,1.953,2.45,2.45,0.36,0.36,1,1
1,2026-08-03 05:06:07.440046,1785733567,1748,2.70347222222221,2.70347222222221,2.45,2.45,0.27,0.27,1,1
1,2026-08-03 05:06:08.461642,1785733568,1749,0.851,0.851,2.45,2.45,0.18,0.18,1,1
1,2026-08-03 05:06:09.472226,1785733569,1750,2.62407407407406,2.62407407407406,2.45,2.45,0.18,0.18,1,1
1,2026-08-03 05:06:10.521593,1785733570,1751,2.59004629629628,2.59004629629628,2.45,2.45,0.9,0.9,1,1
1,2026-08-03 05:06:11.523479,1785733571,1752,4.708,4.708,2.45,2.45,0.81,0.81,1,1
1,2026-08-03 05:06:12.541631,1785733572,1753,2.49930555555554,2.49930555555554,2.45,2.45,0.72,0.72,1,1
1,2026-08-03 05:06:13.546501,1785733573,1754,2.46527777777776,2.46527777777776,2.45,2.45,0.63,0.63,1,1
1,2026-08-03 05:06:14.551819,1785733574,1755,2.41990740740739,2.41990740740739,2.45,2.45,0.63,0.63,1,1
1,2026-08-03 05:06:15.560236,1785733575,1756,2.38587962962961,2.38587962962961,2.45,2.45,0.54,0.54,1,1
1,2026-08-03 05:06:16.567393,1785733576,1757,2.34050925925924,2.34050925925924,2.45,2.45,0.45,0.45,1,1
1,2026-08-03 05:06:17.568770,1785733577,1758,2.29513888888887,2.29513888888887,2.45,2.45,0.36,0.36,1,1
1,2026-08-03 05:06:18.569726,1785733578,1759,2.26111111111109,2.26111111111109,2.45,2.45,0.27,0.27,1,1
1,2026-08-03 05:06:19.570962,1785733579,1760,2.21574074074072,2.21574074074072,2.45,2.45,0.18,0.18,1,1
1,2026-08-03 05:06:20.647845,1785733580,1761,2.17037037037035,2.17037037037035,2.45,2.45,0.09,0.09,1,1
1,2026-08-03 05:06:21.701146,1785733581,1762,2.12499999999998,2.12499999999998,2.45,2.45,0.9,0.9,1,1
1,2026-08-03 05:06:22.730666,1785733582,1763,2.07962962962961,2.07962962962961,2.45,2.45,0.72,0.72,1,1
1,2026-08-03 05:06:23.751106,1785733583,1764,3.606,3.606,2.45,2.45,0.63,0.63,1,1
1,2026-08-03 05:06:24.756606,1785733584,1765,2.00023148148146,2.00023148148146,2.45,2.45,0.54,0.54,1,1
1,2026-08-03 05:06:25.790728,1785733585,1766,1.95486111111109,1.95486111111109,2.45,2.45,0.45,0.45,1,1
1,2026-08-03 05:06:26.804278,1785733586,1767,1.90949074074071,1.90949074074071,2.45,2.45,0.36,0.36,1,1
1,2026-08-03 05:06:27.806956,1785733587,1768,1.402,1.402,2.45,2.45,0.27,0.27,1,1
1,2026-08-03 05:06:29.385300,1785733589,1769,0.851,0.851,2.45,2.45,0.18,0.18,1,1
1,2026-08-03 05:06:30.387215,1785733590,1770,1.78472222222219,1.78472222222219,2.45,2.45,0.09,0.09,1,1
1,2026-08-03 05:06:31.428278,1785733591,1771,1.73935185185182,1.73935185185182,2.45,2.45,0.9,0.9,1,1
1,2026-08-03 05:06:32.443787,1785733592,1772,1.69398148148145,1.69398148148145,2.45,2.45,0.81,0.81,1,1
1,2026-08-03 05:06:33.445039,1785733593,1773,4.157,4.157,2.45,2.45,0.72,0.72,1,1
1,2026-08-03 05:06:34.468709,1785733594,1774,1.6259259259259,1.6259259259259,2.45,2.45,0.63,0.63,1,1
1,2026-08-03 05:06:35.474173,1785733595,1775,3.055,3.055,2.45,2.45,0.54,0.54,1,1
1,2026-08-03 05:06:36.493916,1785733596,1776,2.504,2.504,2.45,2.45,0.45,0.45,1,1
1,2026-08-03 05:06:37.516260,1785733597,1777,1.953,1.953,2.45,2.45,0.36,0.36,1,1
1,2026-08-03 05:06:38.518054,1785733598,1778,1.47847222222219,1.47847222222219,2.45,2.45,0.27,0.27,1,1
1,2026-08-03 05:06:39.553019,1785733599,1779,0.851,0.851,2.45,2.45,0.18,0.18,1,1
1,2026-08-03 05:06:40.554115,1785733600,1780,1.38773148148145,1.38773148148145,2.45,2.45,0.09,0.09,1,1
1,2026-08-03 05:06:41.807267,1785733601,1781,1.35370370370367,1.35370370370367,2.45,2.45,0.9,0.9,1,1
1,2026-08-03 05:06:42.982676,1785733602,1782,1.29699074074071,1.29699074074071,2.45,2.45,0.81,0.81,1,1
1,2026-08-03 05:06:44.060636,1785733604,1783,1.25162037037034,1.25162037037034,2.45,2.45,0.72,0.72,1,1
1,2026-08-03 05:06:45.065061,1785733605,1784,1.20624999999997,1.20624999999997,2.45,2.45,0.63,0.63,1,1
1,2026-08-03 05:06:46.307600,1785733606,1785,1.18356481481478,1.18356481481478,2.45,2.45,0.54,0.54,1,1
1,2026-08-03 05:06:47.558195,1785733607,1786,1.13819444444441,1.13819444444441,2.45,2.45,0.45,0.45,1,1
1,2026-08-03 05:06:48.560496,1785733608,1787,1.953,1.953,2.45,2.45,0.36,0.36,1,1
1,2026-08-03 05:06:50.130565,1785733610,1788,1.402,1.402,2.45,2.45,0.27,0.27,1,1
1,2026-08-03 05:06:51.191791,1785733611,1789,1.01342592592589,1.01342592592589,2.45,2.45,0.18,0.18,1,1
1,2026-08-03 05:06:52.324753,1785733612,1790,0.979398148148111,0.979398148148111,2.45,2.45,0.09,0.09,1,1
1,2026-08-03 05:06:53.387864,1785733613,1791,0.934027777777741,0.934027777777741,2.45,2.45,0.9,0.9,1,1
1,2026-08-03 05:06:54.397203,1785733614,1792,0.888657407407371,0.888657407407371,2.45,2.45,0.81,0.81,1,1
1,2026-08-03 05:06:55.398056,1785733615,1793,0.843287037037,0.843287037037,2.45,2.45,0.72,0.72,1,1
1,2026-08-03 05:06:56.399561,1785733616,1794,0.809259259259222,0.809259259259222,2.45,2.45,0.63,0.63,1,1
1,2026-08-03 05:06:57.403587,1785733617,1795,0.763888888888852,0.763888888888852,2.45,2.45,0.54,0.54,1,1
1,2026-08-03 05:06:58.426811,1785733618,1796,0.718518518518482,0.718518518518482,2.45,2.45,0.45,0.45,1,1
1,2026-08-03 05:06:59.511261,1785733619,1797,0.684490740740704,0.684490740740704,2.45,2.45,0.36,0.36,1,1
1,2026-08-03 05:07:00.524121,1785733620,1798,0.639120370370334,0.639120370370334,2.45,2.45,0.27,0.27,1,1
1,2026-08-03 05:07:01.526157,1785733621,1799,0.593749999999963,0.593749999999963,2.45,2.45,0.18,0.18,1,1
1,2026-08-03 05:07:03.048722,1785733623,1800,0.548379629629593,0.548379629629593,2.45,2.45,0.09,0.09,1,1
1,2026-08-03 05:07:04.051588,1785733624,1801,0.514351851851815,0.514351851851815,2.45,2.45,0.9,0.9,1,1
1,2026-08-03 05:07:05.052501,1785733625,1802,0.468981481481445,0.468981481481445,2.45,2.45,0.81,0.81,1,1
1,2026-08-03 05:07:06.069639,1785733626,1803,0.423611111111074,0.423611111111074,2.45,2.45,0.72,0.72,1,1
1,2026-08-03 05:07:07.073738,1785733627,1804,0.378240740740704,0.378240740740704,2.45,2.45,0.63,0.63,1,1
1,2026-08-03 05:07:08.081043,1785733628,1805,0.344212962962926,0.344212962962926,2.45,2.45,0.54,0.54,1,1
1,2026-08-03 05:07:09.082603,1785733629,1806,0.298842592592556,0.298842592592556,2.45,2.45,0.45,0.45,1,1
1,2026-08-03 05:07:10.158020,1785733630,1807,1.953,1.953,2.45,2.45,0.36,0.36,1,1
1,2026-08-03 05:07:11.159727,1785733631,1808,1.402,1.402,2.45,2.45,0.27,0.27,1,1
1,2026-08-03 05:07:12.174178,1785733632,1809,5.77731481481482,5.77731481481482,2.45,2.45,0.18,0.18,1,1
1,2026-08-03 05:07:13.183536,1785733633,1810,5.73194444444445,5.73194444444445,2.45,2.45,0.09,0.09,1,1
1,2026-08-03 05:07:14.194426,1785733634,1811,5.68657407407408,5.68657407407408,2.45,2.45,0.9,0.9,1,1
1,2026-08-03 05:07:15.207489,1785733635,1812,5.64120370370371,5.64120370370371,2.45,2.45,0.81,0.81,1,1
1,2026-08-03 05:07:16.215678,1785733636,1813,5.60717592592593,5.60717592592593,2.45,2.45,0.72,0.72,1,1
1,2026-08-03 05:07:17.217901,1785733637,1814,5.56180555555556,5.56180555555556,2.45,2.45,0.63,0.63,1,1
1,2026-08-03 05:07:18.224669,1785733638,1815,5.5164351851852,5.5164351851852,2.45,2.45,0.54,0.54,1,1
1,2026-08-03 05:07:19.226898,1785733639,1816,5.48240740740742,5.48240740740742,2.45,2.45,0.45,0.45,1,1
1,2026-08-03 05:07:20.229215,1785733640,1817,5.43703703703705,5.43703703703705,2.45,2.45,0.36,0.36,1,1
1,2026-08-03 05:07:21.236763,1785733641,1818,5.39166666666668,5.39166666666668,2.45,2.45,0.27,0.27,1,1
1,2026-08-03 05:07:22.237943,1785733642,1819,5.35763888888891,5.35763888888891,2.45,2.45,0.18,0.18,1,1
1,2026-08-03 05:07:23.248197,1785733643,1820,5.31226851851854,5.31226851851854,2.45,2.45,0.09,0.09,1,1
1,2026-08-03 05:07:24.255475,1785733644,1821,5.26689814814817,5.26689814814817,2.45,2.45,0.9,0.9,1,1
1,2026-08-03 05:07:25.262585,1785733645,1822,5.22152777777779,5.22152777777779,2.45,2.45,0.81,0.81,1,1
1,2026-08-03 05:07:26.264708,1785733646,1823,5.18750000000002,5.18750000000002,2.45,2.45,0.72,0.72,1,1
1,2026-08-03 05:07:27.272340,1785733647,1824,5.14212962962965,5.14212962962965,2.45,2.45,0.63,0.63,1,1
1,2026-08-03 05:07:28.287059,1785733648,1825,5.09675925925927,5.09675925925927,2.45,2.45,0.54,0.54,1,1
1,2026-08-03 05:07:29.307952,1785733649,1826,5.0513888888889,5.0513888888889,2.45,2.45,0.45,0.45,1,1
1,2026-08-03 05:07:30.317557,1785733650,1827,1.953,1.953,2.45,2.45,0.36,0.36,1,1
1,2026-08-03 05:07:31.318755,1785733651,1828,4.97199074074075,4.97199074074075,2.45,2.45,0.27,0.27,1,1
1,2026-08-03 05:07:32.320667,1785733652,1829,4.92662037037038,4.92662037037038,2.45,2.45,0.18,0.18,1,1
1,2026-08-03 05:07:33.325073,1785733653,1830,5.81,5.81,2.45,2.45,0.09,0.09,1,1
1,2026-08-03 05:07:34.335544,1785733654,1831,5.259,5.259,2.45,2.45,0.9,0.9,1,1
1,2026-08-03 05:07:35.860473,1785733655,1832,4.81319444444446,4.81319444444446,2.45,2.45,0.81,0.81,1,1
1,2026-08-03 05:07:36.861656,1785733656,1833,4.157,4.157,2.45,2.45,0.72,0.72,1,1
1,2026-08-03 05:07:37.867505,1785733657,1834,3.606,3.606,2.45,2.45,0.63,0.63,1,1
1,2026-08-03 05:07:38.869765,1785733658,1835,4.68842592592594,4.68842592592594,2.45,2.45,0.54,0.54,1,1
1,2026-08-03 05:07:39.918412,1785733659,1836,2.504,2.504,2.45,2.45,0.45,0.45,1,1
1,2026-08-03 05:07:40.969445,1785733660,1837,1.953,1.953,2.45,2.45,0.36,0.36,1,1
1,2026-08-03 05:07:41.973050,1785733661,1838,1.402,1.402,2.45,2.45,0.27,0.27,1,1
1,2026-08-03 05:07:42.984357,1785733662,1839,0.851,0.851,2.45,2.45,0.18,0.18,1,1
1,2026-08-03 05:07:44.002600,1785733664,1840,5.81,5.81,2.45,2.45,0.09,0.09,1,1
1,2026-08-03 05:07:45.003519,1785733665,1841,4.4275462962963,4.4275462962963,2.45,2.45,0.9,0.9,1,1
1,2026-08-03 05:07:46.016095,1785733666,1842,4.39351851851852,4.39351851851852,2.45,2.45,0.81,0.81,1,1
1,2026-08-03 05:07:47.046051,1785733667,1843,4.35949074074075,4.35949074074075,2.45,2.45,0.72,0.72,1,1
1,2026-08-03 05:07:48.080969,1785733668,1844,4.31412037037038,4.31412037037038,2.45,2.45,0.63,0.63,1,1
1,2026-08-03 05:07:49.125231,1785733669,1845,4.26875,4.26875,2.45,2.45,0.54,0.54,1,1
1,2026-08-03 05:07:50.127262,1785733670,1846,4.22337962962963,4.22337962962963,2.45,2.45,0.45,0.45,1,1
1,2026-08-03 05:07:51.143896,1785733671,1847,4.17800925925926,4.17800925925926,2.45,2.45,0.45,0.45,1,1
1,2026-08-03 05:07:52.172282,1785733672,1848,4.14398148148148,4.14398148148148,2.45,2.45,0.27,0.27,1,1
1,2026-08-03 05:07:53.194888,1785733673,1849,4.09861111111111,4.09861111111111,2.45,2.45,0.18,0.18,1,1
1,2026-08-03 05:07:54.222302,1785733674,1850,5.81,5.81,2.45,2.45,0.09,0.09,1,1
1,2026-08-03 05:07:55.229474,1785733675,1851,4.00787037037037,4.00787037037037,2.45,2.45,0.9,0.9,1,1
1,2026-08-03 05:07:56.271457,1785733676,1852,3.97384259259259,3.97384259259259,2.45,2.45,0.81,0.81,1,1
1,2026-08-03 05:07:57.277408,1785733677,1853,3.92847222222222,3.92847222222222,2.45,2.45,0.72,0.72,1,1
1,2026-08-03 05:07:58.323683,1785733678,1854,3.606,3.606,2.45,2.45,0.63,0.63,1,1
1,2026-08-03 05:07:59.326619,1785733679,1855,3.055,3.055,2.45,2.45,0.54,0.54,1,1
1,2026-08-03 05:08:00.330805,1785733680,1856,2.504,2.504,2.45,2.45,0.54,0.54,1,1
1,2026-08-03 05:08:01.382323,1785733681,1857,3.74699074074074,3.74699074074074,2.45,2.45,0.36,0.36,1,1
1,2026-08-03 05:08:02.387549,1785733682,1858,1.402,1.402,2.45,2.45,0.27,0.27,1,1
1,2026-08-03 05:08:03.409988,1785733683,1859,3.66759259259259,3.66759259259259,2.45,2.45,0.18,0.18,1,1
1,2026-08-03 05:08:04.417025,1785733684,1860,3.62222222222222,3.62222222222222,2.45,2.45,0.09,0.09,1,1
1,2026-08-03 05:08:05.428572,1785733685,1861,3.57685185185185,3.57685185185185,2.45,2.45,0.09,0.09,1,1
1,2026-08-03 05:08:06.431964,1785733686,1862,3.54282407407407,3.54282407407407,2.45,2.45,0.9,0.9,1,1
1,2026-08-03 05:08:07.435789,1785733687,1863,3.4974537037037,3.4974537037037,2.45,2.45,0.81,0.81,1,1
1,2026-08-03 05:08:08.990526,1785733688,1864,3.45208333333333,3.45208333333333,2.45,2.45,0.72,0.72,1,1
1,2026-08-03 05:08:09.998202,1785733689,1865,3.40671296296296,3.40671296296296,2.45,2.45,0.63,0.63,1,1
1,2026-08-03 05:08:11.000245,1785733691,1866,3.37268518518518,3.37268518518518,2.45,2.45,0.54,0.54,1,1
1,2026-08-03 05:08:12.088404,1785733692,1867,3.32731481481481,3.32731481481481,2.45,2.45,0.45,0.45,1,1
1,2026-08-03 05:08:13.098765,1785733693,1868,3.28194444444444,3.28194444444444,2.45,2.45,0.36,0.36,1,1
1,2026-08-03 05:08:14.104684,1785733694,1869,3.23657407407407,3.23657407407407,2.45,2.45,0.27,0.27,1,1
1,2026-08-03 05:08:15.106673,1785733695,1870,3.20254629629629,3.20254629629629,2.45,2.45,0.18,0.18,1,1
1,2026-08-03 05:08:16.133170,1785733696,1871,3.15717592592592,3.15717592592592,2.45,2.45,0.09,0.09,1,1
1,2026-08-03 05:08:17.135467,1785733697,1872,3.11180555555555,3.11180555555555,2.45,2.45,0.9,0.9,1,1
1,2026-08-03 05:08:18.138190,1785733698,1873,3.06643518518517,3.06643518518517,2.45,2.45,0.81,0.81,1,1
1,2026-08-03 05:08:19.183655,1785733699,1874,3.0324074074074,3.0324074074074,2.45,2.45,0.72,0.72,1,1
1,2026-08-03 05:08:20.184594,1785733700,1875,2.98703703703702,2.98703703703702,2.45,2.45,0.63,0.63,1,1
1,2026-08-03 05:08:21.309323,1785733701,1876,2.94166666666665,2.94166666666665,2.45,2.45,0.54,0.54,1,1
1,2026-08-03 05:08:22.317474,1785733702,1877,2.89629629629628,2.89629629629628,2.45,2.45,0.45,0.45,1,1
1,2026-08-03 05:08:23.337520,1785733703,1878,2.85092592592591,2.85092592592591,2.45,2.45,0.36,0.36,1,1
1,2026-08-03 05:08:24.339425,1785733704,1879,2.80555555555554,2.80555555555554,2.45,2.45,0.27,0.27,1,1
1,2026-08-03 05:08:25.374560,1785733705,1880,2.77152777777776,2.77152777777776,2.45,2.45,0.18,0.18,1,1
1,2026-08-03 05:08:26.376474,1785733706,1881,2.72615740740739,2.72615740740739,2.45,2.45,0.09,0.09,1,1
1,2026-08-03 05:08:27.450094,1785733707,1882,2.68078703703702,2.68078703703702,2.45,2.45,0.9,0.9,1,1
1,2026-08-03 05:08:28.464465,1785733708,1883,2.63541666666665,2.63541666666665,2.45,2.45,0.81,0.81,1,1
1,2026-08-03 05:08:29.472017,1785733709,1884,2.60138888888887,2.60138888888887,2.45,2.45,0.72,0.72,1,1
1,2026-08-03 05:08:30.497418,1785733710,1885,2.5560185185185,2.5560185185185,2.45,2.45,0.63,0.63,1,1
1,2026-08-03 05:08:31.505165,1785733711,1886,2.51064814814813,2.51064814814813,2.45,2.45,0.54,0.54,1,1
1,2026-08-03 05:08:32.516497,1785733712,1887,2.46527777777776,2.46527777777776,2.45,2.45,0.45,0.45,1,1
1,2026-08-03 05:08:33.537535,1785733713,1888,2.41990740740739,2.41990740740739,2.45,2.45,0.36,0.36,1,1
1,2026-08-03 05:08:34.548682,1785733714,1889,2.38587962962961,2.38587962962961,2.45,2.45,0.27,0.27,1,1
1,2026-08-03 05:08:35.562532,1785733715,1890,2.34050925925924,2.34050925925924,2.45,2.45,0.18,0.18,1,1
1,2026-08-03 05:08:36.583323,1785733716,1891,2.29513888888887,2.29513888888887,2.45,2.45,0.09,0.09,1,1
1,2026-08-03 05:08:37.594953,1785733717,1892,2.2497685185185,2.2497685185185,2.45,2.45,0.9,0.9,1,1
1,2026-08-03 05:08:38.596880,1785733718,1893,2.21574074074072,2.21574074074072,2.45,2.45,0.81,0.81,1,1
1,2026-08-03 05:08:39.602744,1785733719,1894,2.17037037037035,2.17037037037035,2.45,2.45,0.72,0.72,1,1
1,2026-08-03 05:08:41.123932,1785733721,1895,2.12499999999998,2.12499999999998,2.45,2.45,0.63,0.63,1,1
1,2026-08-03 05:08:42.125282,1785733722,1896,2.07962962962961,2.07962962962961,2.45,2.45,0.54,0.54,1,1
1,2026-08-03 05:08:43.141111,1785733723,1897,2.04560185185183,2.04560185185183,2.45,2.45,0.45,0.45,1,1
1,2026-08-03 05:08:44.142267,1785733724,1898,2.00023148148146,2.00023148148146,2.45,2.45,0.36,0.36,1,1
1,2026-08-03 05:08:45.146195,1785733725,1899,1.95486111111109,1.95486111111109,2.45,2.45,0.27,0.27,1,1
1,2026-08-03 05:08:46.148379,1785733726,1900,1.90949074074071,1.90949074074071,2.45,2.45,0.18,0.18,1,1
1,2026-08-03 05:08:47.157148,1785733727,1901,1.87546296296294,1.87546296296294,2.45,2.45,0.09,0.09,1,1
1,2026-08-03 05:08:48.206062,1785733728,1902,1.83009259259257,1.83009259259257,2.45,2.45,0.9,0.9,1,1
1,2026-08-03 05:08:49.220136,1785733729,1903,1.78472222222219,1.78472222222219,2.45,2.45,0.81,0.81,1,1
1,2026-08-03 05:08:50.263855,1785733730,1904,1.73935185185182,1.73935185185182,2.45,2.45,0.72,0.72,1,1
1,2026-08-03 05:08:51.299259,1785733731,1905,1.70532407407405,1.70532407407405,2.45,2.45,0.63,0.63,1,1
1,2026-08-03 05:08:52.301313,1785733732,1906,1.65995370370367,1.65995370370367,2.45,2.45,0.54,0.54,1,1
1,2026-08-03 05:08:53.314320,1785733733,1907,1.6145833333333,1.6145833333333,2.45,2.45,0.45,0.45,1,1
1,2026-08-03 05:08:54.317684,1785733734,1908,1.56921296296293,1.56921296296293,2.45,2.45,0.36,0.36,1,1
1,2026-08-03 05:08:55.322133,1785733735,1909,1.52384259259256,1.52384259259256,2.45,2.45,0.27,0.27,1,1
1,2026-08-03 05:08:56.340223,1785733736,1910,0.851,0.851,2.45,2.45,0.18,0.18,1,1
1,2026-08-03 05:08:57.344509,1785733737,1911,5.81,5.81,2.45,2.45,0.09,0.09,1,1
1,2026-08-03 05:08:58.349646,1785733738,1912,1.39907407407404,1.39907407407404,2.45,2.45,0.9,0.9,1,1
1,2026-08-03 05:08:59.358078,1785733739,1913,1.35370370370367,1.35370370370367,2.45,2.45,0.81,0.81,1,1
1,2026-08-03 05:09:00.365972,1785733740,1914,4.157,4.157,2.45,2.45,0.72,0.72,1,1
1,2026-08-03 05:09:01.368662,1785733741,1915,3.606,3.606,2.45,2.45,0.63,0.63,1,1
1,2026-08-03 05:09:02.407484,1785733742,1916,1.22893518518515,1.22893518518515,2.45,2.45,0.54,0.54,1,1
1,2026-08-03 05:09:03.427625,1785733743,1917,1.18356481481478,1.18356481481478,2.45,2.45,0.45,0.45,1,1
1,2026-08-03 05:09:04.429147,1785733744,1918,1.953,1.953,2.45,2.45,0.36,0.36,1,1
1,2026-08-03 05:09:05.432252,1785733745,1919,1.402,1.402,2.45,2.45,0.27,0.27,1,1
1,2026-08-03 05:09:06.451463,1785733746,1920,0.851,0.851,2.45,2.45,0.18,0.18,1,1
1,2026-08-03 05:09:07.462549,1785733747,1921,1.02476851851848,1.02476851851848,2.45,2.45,0.09,0.09,1,1
1,2026-08-03 05:09:08.499338,1785733748,1922,5.259,5.259,2.45,2.45,0.9,0.9,1,1
1,2026-08-03 05:09:09.510473,1785733749,1923,4.708,4.708,2.45,2.45,0.81,0.81,1,1
1,2026-08-03 05:09:10.523101,1785733750,1924,0.899999999999963,0.899999999999963,2.45,2.45,0.72,0.72,1,1
1,2026-08-03 05:09:11.549062,1785733751,1925,3.606,3.606,2.45,2.45,0.63,0.63,1,1
1,2026-08-03 05:09:12.555318,1785733752,1926,3.055,3.055,2.45,2.45,0.54,0.54,1,1
1,2026-08-03 05:09:13.556527,1785733753,1927,2.504,2.504,2.45,2.45,0.45,0.45,1,1
1,2026-08-03 05:09:15.080740,1785733755,1928,0.729861111111074,0.729861111111074,2.45,2.45,0.36,0.36,1,1
1,2026-08-03 05:09:16.084619,1785733756,1929,1.402,1.402,2.45,2.45,0.27,0.27,1,1
1,2026-08-03 05:09:17.182046,1785733757,1930,0.650462962962926,0.650462962962926,2.45,2.45,0.18,0.18,1,1
1,2026-08-03 05:09:18.187442,1785733758,1931,5.81,5.81,2.45,2.45,0.09,0.09,1,1
1,2026-08-03 05:09:19.206679,1785733759,1932,0.559722222222185,0.559722222222185,2.45,2.45,0.9,0.9,1,1
1,2026-08-03 05:09:20.208698,1785733760,1933,0.514351851851815,0.514351851851815,2.45,2.45,0.81,0.81,1,1
1,2026-08-03 05:09:21.222119,1785733761,1934,4.157,4.157,2.45,2.45,0.72,0.72,1,1
1,2026-08-03 05:09:22.229304,1785733762,1935,3.606,3.606,2.45,2.45,0.63,0.63,1,1
1,2026-08-03 05:09:23.234132,1785733763,1936,0.389583333333297,0.389583333333297,2.45,2.45,0.54,0.54,1,1
1,2026-08-03 05:09:24.239654,1785733764,1937,0.344212962962926,0.344212962962926,2.45,2.45,0.45,0.45,1,1
1,2026-08-03 05:09:25.280417,1785733765,1938,1.953,1.953,2.45,2.45,0.36,0.36,1,1
1,2026-08-03 05:09:26.293136,1785733766,1939,1.402,1.402,2.45,2.45,0.27,0.27,1,1
1,2026-08-03 05:09:27.300108,1785733767,1940,0.851,0.851,2.45,2.45,0.18,0.18,1,1
1,2026-08-03 05:09:28.301374,1785733768,1941,5.81,5.81,2.45,2.45,0.09,0.09,1,1
1,2026-08-03 05:09:29.302717,1785733769,1942,5.259,5.259,2.45,2.45,0.9,0.9,1,1
1,2026-08-03 05:09:30.319955,1785733770,1943,5.69791666666667,5.69791666666667,2.45,2.45,0.81,0.81,1,1
1,2026-08-03 05:09:31.321477,1785733771,1944,5.6525462962963,5.6525462962963,2.45,2.45,0.72,0.72,1,1
1,2026-08-03 05:09:32.335112,1785733772,1945,3.606,3.606,2.45,2.45,0.63,0.63,1,1
1,2026-08-03 05:09:33.340429,1785733773,1946,3.055,3.055,2.45,2.45,0.54,0.54,1,1
1,2026-08-03 05:09:34.349472,1785733774,1947,2.504,2.504,2.45,2.45,0.45,0.45,1,1
1,2026-08-03 05:09:35.351689,1785733775,1948,5.48240740740742,5.48240740740742,2.45,2.45,0.36,0.36,1,1
1,2026-08-03 05:09:36.352790,1785733776,1949,1.402,1.402,2.45,2.45,0.27,0.27,1,1
1,2026-08-03 05:09:37.366655,1785733777,1950,0.851,0.851,2.45,2.45,0.18,0.18,1,1
1,2026-08-03 05:09:38.368739,1785733778,1951,5.81,5.81,2.45,2.45,0.09,0.09,1,1
1,2026-08-03 05:09:39.370378,1785733779,1952,5.31226851851854,5.31226851851854,2.45,2.45,0.9,0.9,1,1
1,2026-08-03 05:09:40.371575,1785733780,1953,4.708,4.708,2.45,2.45,0.81,0.81,1,1
1,2026-08-03 05:09:41.372455,1785733781,1954,5.23287037037039,5.23287037037039,2.45,2.45,0.81,0.81,1,1
1,2026-08-03 05:09:42.418094,1785733782,1955,3.606,3.606,2.45,2.45,0.63,0.63,1,1
1,2026-08-03 05:09:43.418978,1785733783,1956,5.15347222222224,5.15347222222224,2.45,2.45,0.54,0.54,1,1
1,2026-08-03 05:09:44.426286,1785733784,1957,5.10810185185187,5.10810185185187,2.45,2.45,0.45,0.45,1,1
1,2026-08-03 05:09:45.457307,1785733785,1958,5.0627314814815,5.0627314814815,2.45,2.45,0.36,0.36,1,1
1,2026-08-03 05:09:46.462546,1785733786,1959,1.402,1.402,2.45,2.45,0.36,0.36,1,1
1,2026-08-03 05:09:47.983305,1785733787,1960,4.98333333333335,4.98333333333335,2.45,2.45,0.27,0.27,1,1
1,2026-08-03 05:09:48.993277,1785733788,1961,4.93796296296298,4.93796296296298,2.45,2.45,0.18,0.18,1,1
1,2026-08-03 05:09:49.998946,1785733789,1962,4.9039351851852,4.9039351851852,2.45,2.45,0.09,0.09,1,1
1,2026-08-03 05:09:51.004826,1785733791,1963,4.85856481481483,4.85856481481483,2.45,2.45,0.9,0.9,1,1
1,2026-08-03 05:09:52.012284,1785733792,1964,4.81319444444446,4.81319444444446,2.45,2.45,0.81,0.81,1,1
1,2026-08-03 05:09:53.021059,1785733793,1965,4.76782407407408,4.76782407407408,2.45,2.45,0.72,0.72,1,1
1,2026-08-03 05:09:54.026998,1785733794,1966,4.73379629629631,4.73379629629631,2.45,2.45,0.63,0.63,1,1
1,2026-08-03 05:09:55.034361,1785733795,1967,4.68842592592594,4.68842592592594,2.45,2.45,0.54,0.54,1,1
1,2026-08-03 05:09:56.047506,1785733796,1968,4.64305555555556,4.64305555555556,2.45,2.45,0.45,0.45,1,1
1,2026-08-03 05:09:57.052307,1785733797,1969,4.59768518518519,4.59768518518519,2.45,2.45,0.36,0.36,1,1
1,2026-08-03 05:09:58.053769,1785733798,1970,4.56365740740742,4.56365740740742,2.45,2.45,0.27,0.27,1,1
1,2026-08-03 05:09:59.065744,1785733799,1971,4.51828703703704,4.51828703703704,2.45,2.45,0.18,0.18,1,1
1,2026-08-03 05:10:00.075924,1785733800,1972,4.48425925925927,4.48425925925927,2.45,2.45,0.09,0.09,1,1
1,2026-08-03 05:10:01.092026,1785733801,1973,4.4388888888889,4.4388888888889,2.45,2.45,0.9,0.9,1,1
1,2026-08-03 05:10:02.152176,1785733802,1974,4.39351851851852,4.39351851851852,2.45,2.45,0.81,0.81,1,1
1,2026-08-03 05:10:03.174085,1785733803,1975,4.34814814814815,4.34814814814815,2.45,2.45,0.72,0.72,1,1
1,2026-08-03 05:10:04.175858,1785733804,1976,4.31412037037038,4.31412037037038,2.45,2.45,0.63,0.63,1,1
1,2026-08-03 05:10:05.189143,1785733805,1977,4.26875,4.26875,2.45,2.45,0.54,0.54,1,1
1,2026-08-03 05:10:06.198961,1785733806,1978,4.23472222222223,4.23472222222223,2.45,2.45,0.45,0.45,1,1
1,2026-08-03 05:10:07.200717,1785733807,1979,4.20069444444445,4.20069444444445,2.45,2.45,0.36,0.36,1,1
1,2026-08-03 05:10:08.211245,1785733808,1980,4.15532407407408,4.15532407407408,2.45,2.45,0.27,0.27,1,1
1,2026-08-03 05:10:09.217908,1785733809,1981,4.10995370370371,4.10995370370371,2.45,2.45,0.18,0.18,1,1
1,2026-08-03 05:10:10.222216,1785733810,1982,4.07592592592593,4.07592592592593,2.45,2.45,0.09,0.09,1,1
1,2026-08-03 05:10:11.225836,1785733811,1983,4.03055555555556,4.03055555555556,2.45,2.45,0.9,0.9,1,1
1,2026-08-03 05:10:12.228035,1785733812,1984,3.98518518518519,3.98518518518519,2.45,2.45,0.81,0.81,1,1
1,2026-08-03 05:10:13.241956,1785733813,1985,3.93981481481481,3.93981481481481,2.45,2.45,0.72,0.72,1,1
1,2026-08-03 05:10:14.246211,1785733814,1986,3.90578703703704,3.90578703703704,2.45,2.45,0.63,0.63,1,1
1,2026-08-03 05:10:15.257630,1785733815,1987,3.86041666666667,3.86041666666667,2.45,2.45,0.54,0.54,1,1
1,2026-08-03 05:10:16.268672,1785733816,1988,3.81504629629629,3.81504629629629,2.45,2.45,0.45,0.45,1,1
1,2026-08-03 05:10:17.325077,1785733817,1989,3.78101851851852,3.78101851851852,2.45,2.45,0.36,0.36,1,1
1,2026-08-03 05:10:18.334040,1785733818,1990,3.73564814814815,3.73564814814815,2.45,2.45,0.27,0.27,1,1
1,2026-08-03 05:10:19.337192,1785733819,1991,3.69027777777777,3.69027777777777,2.45,2.45,0.18,0.18,1,1
1,2026-08-03 05:10:20.863792,1785733820,1992,3.6449074074074,3.6449074074074,2.45,2.45,0.09,0.09,1,1
1,2026-08-03 05:10:21.865028,1785733821,1993,3.61087962962963,3.61087962962963,2.45,2.45,0.9,0.9,1,1
1,2026-08-03 05:10:22.867475,1785733822,1994,3.56550925925925,3.56550925925925,2.45,2.45,0.81,0.81,1,1
1,2026-08-03 05:10:23.879617,1785733823,1995,3.52013888888888,3.52013888888888,2.45,2.45,0.72,0.72,1,1
1,2026-08-03 05:10:24.903933,1785733824,1996,3.47476851851851,3.47476851851851,2.45,2.45,0.63,0.63,1,1
1,2026-08-03 05:10:25.916919,1785733825,1997,3.44074074074073,3.44074074074073,2.45,2.45,0.54,0.54,1,1
1,2026-08-03 05:10:26.918060,1785733826,1998,3.39537037037036,3.39537037037036,2.45,2.45,0.45,0.45,1,1
1,2026-08-03 05:10:27.919123,1785733827,1999,3.34999999999999,3.34999999999999,2.45,2.45,0.36,0.36,1,1
1,2026-08-03 05:10:28.946969,1785733828,2000,3.30462962962962,3.30462962962962,2.45,2.45,0.27,0.27,1,1
1,2026-08-03 05:10:29.950078,1785733829,2001,3.27060185185184,3.27060185185184,2.45,2.45,0.18,0.18,1,1
1,2026-08-03 05:10:30.967553,1785733830,2002,3.22523148148147,3.22523148148147,2.45,2.45,0.09,0.09,1,1
1,2026-08-03 05:10:31.978020,1785733831,2003,3.1798611111111,3.1798611111111,2.45,2.45,0.9,0.9,1,1
1,2026-08-03 05:10:32.982104,1785733832,2004,3.14583333333332,3.14583333333332,2.45,2.45,0.81,0.81,1,1
1,2026-08-03 05:10:33.989872,1785733833,2005,3.11180555555555,3.11180555555555,2.45,2.45,0.72,0.72,1,1
1,2026-08-03 05:10:35.001921,1785733835,2006,3.06643518518517,3.06643518518517,2.45,2.45,0.63,0.63,1,1
1,2026-08-03 05:10:36.011969,1785733836,2007,3.0210648148148,3.0210648148148,2.45,2.45,0.54,0.54,1,1
1,2026-08-03 05:10:37.013111,1785733837,2008,2.97569444444443,2.97569444444443,2.45,2.45,0.45,0.45,1,1
1,2026-08-03 05:10:38.019154,1785733838,2009,2.94166666666665,2.94166666666665,2.45,2.45,0.36,0.36,1,1
1,2026-08-03 05:10:39.021289,1785733839,2010,2.89629629629628,2.89629629629628,2.45,2.45,0.27,0.27,1,1
1,2026-08-03 05:10:40.030970,1785733840,2011,2.85092592592591,2.85092592592591,2.45,2.45,0.18,0.18,1,1
1,2026-08-03 05:10:41.032587,1785733841,2012,2.81689814814813,2.81689814814813,2.45,2.45,0.09,0.09,1,1
1,2026-08-03 05:10:42.037643,1785733842,2013,2.77152777777776,2.77152777777776,2.45,2.45,0.9,0.9,1,1
1,2026-08-03 05:10:43.052902,1785733843,2014,2.72615740740739,2.72615740740739,2.45,2.45,0.81,0.81,1,1
1,2026-08-03 05:10:44.060465,1785733844,2015,2.68078703703702,2.68078703703702,2.45,2.45,0.72,0.72,1,1
1,2026-08-03 05:10:45.067422,1785733845,2016,2.64675925925924,2.64675925925924,2.45,2.45,0.63,0.63,1,1
1,2026-08-03 05:10:46.072096,1785733846,2017,2.60138888888887,2.60138888888887,2.45,2.45,0.54,0.54,1,1
1,2026-08-03 05:10:47.080208,1785733847,2018,2.5560185185185,2.5560185185185,2.45,2.45,0.45,0.45,1,1
1,2026-08-03 05:10:48.101333,1785733848,2019,2.51064814814813,2.51064814814813,2.45,2.45,0.36,0.36,1,1
1,2026-08-03 05:10:49.124654,1785733849,2020,2.47662037037035,2.47662037037035,2.45,2.45,0.27,0.27,1,1
1,2026-08-03 05:10:50.133248,1785733850,2021,2.43124999999998,2.43124999999998,2.45,2.45,0.18,0.18,1,1
1,2026-08-03 05:10:51.143150,1785733851,2022,2.38587962962961,2.38587962962961,2.45,2.45,0.09,0.09,1,1
1,2026-08-03 05:10:52.168451,1785733852,2023,2.34050925925924,2.34050925925924,2.45,2.45,0.9,0.9,1,1
1,2026-08-03 05:10:53.688613,1785733853,2024,2.30648148148146,2.30648148148146,2.45,2.45,0.81,0.81,1,1
1,2026-08-03 05:10:54.701638,1785733854,2025,2.26111111111109,2.26111111111109,2.45,2.45,0.72,0.72,1,1
1,2026-08-03 05:10:55.709340,1785733855,2026,2.21574074074072,2.21574074074072,2.45,2.45,0.63,0.63,1,1
1,2026-08-03 05:10:56.747901,1785733856,2027,2.18171296296294,2.18171296296294,2.45,2.45,0.54,0.54,1,1
1,2026-08-03 05:10:57.749869,1785733857,2028,2.13634259259257,2.13634259259257,2.45,2.45,0.45,0.45,1,1
1,2026-08-03 05:10:58.762162,1785733858,2029,2.0909722222222,2.0909722222222,2.45,2.45,0.36,0.36,1,1
1,2026-08-03 05:10:59.764033,1785733859,2030,2.04560185185183,2.04560185185183,2.45,2.45,0.27,0.27,1,1
1,2026-08-03 05:11:00.772993,1785733860,2031,2.01157407407405,2.01157407407405,2.45,2.45,0.18,0.18,1,1
1,2026-08-03 05:11:01.779845,1785733861,2032,1.96620370370368,1.96620370370368,2.45,2.45,0.09,0.09,1,1
1,2026-08-03 05:11:02.788882,1785733862,2033,1.92083333333331,1.92083333333331,2.45,2.45,0.9,0.9,1,1
1,2026-08-03 05:11:03.790435,1785733863,2034,1.87546296296294,1.87546296296294,2.45,2.45,0.81,0.81,1,1
1,2026-08-03 05:11:04.797263,1785733864,2035,1.84143518518516,1.84143518518516,2.45,2.45,0.72,0.72,1,1
1,2026-08-03 05:11:05.804825,1785733865,2036,1.79606481481479,1.79606481481479,2.45,2.45,0.63,0.63,1,1
1,2026-08-03 05:11:06.808139,1785733866,2037,1.75069444444442,1.75069444444442,2.45,2.45,0.54,0.54,1,1
1,2026-08-03 05:11:07.822813,1785733867,2038,1.70532407407405,1.70532407407405,2.45,2.45,0.45,0.45,1,1
1,2026-08-03 05:11:08.831859,1785733868,2039,1.67129629629627,1.67129629629627,2.45,2.45,0.36,0.36,1,1
1,2026-08-03 05:11:09.848804,1785733869,2040,1.6259259259259,1.6259259259259,2.45,2.45,0.27,0.27,1,1
1,2026-08-03 05:11:10.866247,1785733870,2041,1.58055555555553,1.58055555555553,2.45,2.45,0.18,0.18,1,1
1,2026-08-03 05:11:11.873291,1785733871,2042,1.53518518518515,1.53518518518515,2.45,2.45,0.09,0.09,1,1
1,2026-08-03 05:11:12.900871,1785733872,2043,1.50115740740738,1.50115740740738,2.45,2.45,0.9,0.9,1,1
1,2026-08-03 05:11:13.902694,1785733873,2044,1.45578703703701,1.45578703703701,2.45,2.45,0.81,0.81,1,1
1,2026-08-03 05:11:14.904613,1785733874,2045,1.41041666666663,1.41041666666663,2.45,2.45,0.72,0.72,1,1
1,2026-08-03 05:11:15.907250,1785733875,2046,1.37638888888886,1.37638888888886,2.45,2.45,0.63,0.63,1,1
1,2026-08-03 05:11:16.917056,1785733876,2047,1.33101851851849,1.33101851851849,2.45,2.45,0.54,0.54,1,1
1,2026-08-03 05:11:17.919845,1785733877,2048,1.28564814814812,1.28564814814812,2.45,2.45,0.45,0.45,1,1
1,2026-08-03 05:11:18.928042,1785733878,2049,1.24027777777774,1.24027777777774,2.45,2.45,0.36,0.36,1,1
1,2026-08-03 05:11:19.934182,1785733879,2050,1.402,1.402,2.45,2.45,0.27,0.27,1,1
1,2026-08-03 05:11:20.939930,1785733880,2051,1.16087962962959,1.16087962962959,2.45,2.45,0.18,0.18,1,1
1,2026-08-03 05:11:21.949891,1785733881,2052,1.11550925925922,1.11550925925922,2.45,2.45,0.09,0.09,1,1
1,2026-08-03 05:11:22.980360,1785733882,2053,5.259,5.259,2.45,2.45,0.9,0.9,1,1
1,2026-08-03 05:11:23.982816,1785733883,2054,4.708,4.708,2.45,2.45,0.81,0.81,1,1
1,2026-08-03 05:11:24.985685,1785733884,2055,1.0020833333333,1.0020833333333,2.45,2.45,0.72,0.72,1,1
1,2026-08-03 05:11:26.508991,1785733886,2056,0.968055555555519,0.968055555555519,2.45,2.45,0.63,0.63,1,1
1,2026-08-03 05:11:27.538035,1785733887,2057,3.055,3.055,2.45,2.45,0.54,0.54,1,1
1,2026-08-03 05:11:28.550002,1785733888,2058,2.504,2.504,2.45,2.45,0.45,0.45,1,1
1,2026-08-03 05:11:29.551982,1785733889,2059,0.843287037037,0.843287037037,2.45,2.45,0.36,0.36,1,1
1,2026-08-03 05:11:30.553128,1785733890,2060,0.79791666666663,0.79791666666663,2.45,2.45,0.27,0.27,1,1
1,2026-08-03 05:11:31.558536,1785733891,2061,0.851,0.851,2.45,2.45,0.18,0.18,1,1
1,2026-08-03 05:11:32.560659,1785733892,2062,5.81,5.81,2.45,2.45,0.09,0.09,1,1
1,2026-08-03 05:11:33.565256,1785733893,2063,5.259,5.259,2.45,2.45,0.9,0.9,1,1
1,2026-08-03 05:11:34.588060,1785733894,2064,0.627777777777741,0.627777777777741,2.45,2.45,0.81,0.81,1,1
1,2026-08-03 05:11:35.594144,1785733895,2065,4.157,4.157,2.45,2.45,0.72,0.72,1,1
1,2026-08-03 05:11:36.602802,1785733896,2066,3.606,3.606,2.45,2.45,0.63,0.63,1,1
1,2026-08-03 05:11:37.605195,1785733897,2067,3.055,3.055,2.45,2.45,0.54,0.54,1,1
1,2026-08-03 05:11:38.619586,1785733898,2068,2.504,2.504,2.45,2.45,0.54,0.54,1,1
1,2026-08-03 05:11:39.631433,1785733899,2069,1.953,1.953,2.45,2.45,0.45,0.45,1,1
1,2026-08-03 05:11:40.651602,1785733900,2070,1.402,1.402,2.45,2.45,0.27,0.27,1,1
1,2026-08-03 05:11:41.652991,1785733901,2071,0.851,0.851,2.45,2.45,0.18,0.18,1,1
1,2026-08-03 05:11:42.689353,1785733902,2072,5.81,5.81,2.45,2.45,0.09,0.09,1,1
1,2026-08-03 05:11:43.691404,1785733903,2073,5.259,5.259,2.45,2.45,0.09,0.09,1,1
1,2026-08-03 05:11:44.714748,1785733904,2074,4.708,4.708,2.45,2.45,0.9,0.9,1,1
1,2026-08-03 05:11:45.772718,1785733905,2075,4.157,4.157,2.45,2.45,0.72,0.72,1,1
1,2026-08-03 05:11:46.775156,1785733906,2076,3.606,3.606,2.45,2.45,0.63,0.63,1,1
1,2026-08-03 05:11:47.789741,1785733907,2077,3.055,3.055,2.45,2.45,0.54,0.54,1,1
1,2026-08-03 05:11:48.792065,1785733908,2078,2.504,2.504,2.45,2.45,0.45,0.45,1,1
1,2026-08-03 05:11:49.812021,1785733909,2079,1.953,1.953,2.45,2.45,0.45,0.45,1,1
1,2026-08-03 05:11:50.860162,1785733910,2080,1.402,1.402,2.45,2.45,0.36,0.36,1,1
1,2026-08-03 05:11:51.862163,1785733911,2081,0.851,0.851,2.45,2.45,0.27,0.27,1,1
1,2026-08-03 05:11:52.901111,1785733912,2082,5.81,5.81,2.45,2.45,0.09,0.09,1,1
1,2026-08-03 05:11:53.911606,1785733913,2083,5.259,5.259,2.45,2.45,0.9,0.9,1,1
1,2026-08-03 05:11:54.916504,1785733914,2084,4.708,4.708,2.45,2.45,0.9,0.9,1,1
1,2026-08-03 05:11:55.954271,1785733915,2085,4.157,4.157,2.45,2.45,0.72,0.72,1,1
1,2026-08-03 05:11:56.968954,1785733916,2086,3.606,3.606,2.45,2.45,0.72,0.72,1,1
1,2026-08-03 05:11:57.992756,1785733917,2087,3.055,3.055,2.45,2.45,0.54,0.54,1,1
1,2026-08-03 05:11:59.512143,1785733919,2088,2.504,2.504,2.45,2.45,0.54,0.54,1,1
1,2026-08-03 05:12:00.555422,1785733920,2089,5.16481481481483,5.16481481481483,2.45,2.45,0.36,0.36,1,1
1,2026-08-03 05:12:01.575999,1785733921,2090,1.402,1.402,2.45,2.45,0.27,0.27,1,1
1,2026-08-03 05:12:02.611482,1785733922,2091,0.851,0.851,2.45,2.45,0.18,0.18,1,1
1,2026-08-03 05:12:03.635501,1785733923,2092,5.81,5.81,2.45,2.45,0.09,0.09,1,1
1,2026-08-03 05:12:04.650430,1785733924,2093,5.259,5.259,2.45,2.45,0.9,0.9,1,1
1,2026-08-03 05:12:05.653702,1785733925,2094,4.708,4.708,2.45,2.45,0.81,0.81,1,1
1,2026-08-03 05:12:06.673044,1785733926,2095,4.157,4.157,2.45,2.45,0.72,0.72,1,1
1,2026-08-03 05:12:07.677660,1785733927,2096,3.606,3.606,2.45,2.45,0.72,0.72,1,1
1,2026-08-03 05:12:08.706723,1785733928,2097,4.82453703703705,4.82453703703705,2.45,2.45,0.54,0.54,1,1
1,2026-08-03 05:12:09.731767,1785733929,2098,4.79050925925927,4.79050925925927,2.45,2.45,0.45,0.45,1,1
1,2026-08-03 05:12:10.754029,1785733930,2099,4.75648148148149,4.75648148148149,2.45,2.45,0.36,0.36,1,1
1,2026-08-03 05:12:11.794920,1785733931,2100,1.402,1.402,2.45,2.45,0.27,0.27,1,1
1,2026-08-03 05:12:12.807781,1785733932,2101,0.851,0.851,2.45,2.45,0.18,0.18,1,1
1,2026-08-03 05:12:13.812455,1785733933,2102,4.65439814814816,4.65439814814816,2.45,2.45,0.09,0.09,1,1
1,2026-08-03 05:12:14.860872,1785733934,2103,5.259,5.259,2.45,2.45,0.9,0.9,1,1
1,2026-08-03 05:12:15.872368,1785733935,2104,4.708,4.708,2.45,2.45,0.81,0.81,1,1
1,2026-08-03 05:12:16.908179,1785733936,2105,4.157,4.157,2.45,2.45,0.72,0.72,1,1
1,2026-08-03 05:12:17.926725,1785733937,2106,3.606,3.606,2.45,2.45,0.63,0.63,1,1
1,2026-08-03 05:12:18.968897,1785733938,2107,4.4388888888889,4.4388888888889,2.45,2.45,0.54,0.54,1,1
1,2026-08-03 05:12:19.979078,1785733939,2108,2.504,2.504,2.45,2.45,0.54,0.54,1,1
1,2026-08-03 05:12:21.003415,1785733941,2109,4.37083333333334,4.37083333333334,2.45,2.45,0.45,0.45,1,1
1,2026-08-03 05:12:22.025078,1785733942,2110,1.402,1.402,2.45,2.45,0.36,0.36,1,1
1,2026-08-03 05:12:23.055296,1785733943,2111,0.851,0.851,2.45,2.45,0.18,0.18,1,1
1,2026-08-03 05:12:24.058240,1785733944,2112,5.81,5.81,2.45,2.45,0.09,0.09,1,1
1,2026-08-03 05:12:25.068880,1785733945,2113,5.259,5.259,2.45,2.45,0.09,0.09,1,1
1,2026-08-03 05:12:26.098995,1785733946,2114,4.708,4.708,2.45,2.45,0.9,0.9,1,1
1,2026-08-03 05:12:27.119802,1785733947,2115,4.157,4.157,2.45,2.45,0.72,0.72,1,1
1,2026-08-03 05:12:28.124564,1785733948,2116,3.606,3.606,2.45,2.45,0.63,0.63,1,1
1,2026-08-03 05:12:29.145763,1785733949,2117,4.01921296296296,4.01921296296296,2.45,2.45,0.54,0.54,1,1
1,2026-08-03 05:12:30.171957,1785733950,2118,2.504,2.504,2.45,2.45,0.45,0.45,1,1
1,2026-08-03 05:12:31.209697,1785733951,2119,1.953,1.953,2.45,2.45,0.36,0.36,1,1
1,2026-08-03 05:12:32.733865,1785733952,2120,3.89444444444444,3.89444444444444,2.45,2.45,0.27,0.27,1,1
1,2026-08-03 05:12:33.772370,1785733953,2121,3.84907407407407,3.84907407407407,2.45,2.45,0.18,0.18,1,1
1,2026-08-03 05:12:34.816929,1785733954,2122,3.81504629629629,3.81504629629629,2.45,2.45,0.09,0.09,1,1
1,2026-08-03 05:12:35.829537,1785733955,2123,5.259,5.259,2.45,2.45,0.9,0.9,1,1
1,2026-08-03 05:12:36.867967,1785733956,2124,4.708,4.708,2.45,2.45,0.81,0.81,1,1
1,2026-08-03 05:12:37.880044,1785733957,2125,4.157,4.157,2.45,2.45,0.72,0.72,1,1
1,2026-08-03 05:12:38.904121,1785733958,2126,3.606,3.606,2.45,2.45,0.63,0.63,1,1
1,2026-08-03 05:12:39.907314,1785733959,2127,3.58819444444444,3.58819444444444,2.45,2.45,0.63,0.63,1,1
1,2026-08-03 05:12:41.014100,1785733961,2128,2.504,2.504,2.45,2.45,0.45,0.45,1,1
1,2026-08-03 05:12:42.017346,1785733962,2129,1.953,1.953,2.45,2.45,0.36,0.36,1,1
1,2026-08-03 05:12:43.028537,1785733963,2130,1.402,1.402,2.45,2.45,0.27,0.27,1,1
1,2026-08-03 05:12:44.033709,1785733964,2131,0.851,0.851,2.45,2.45,0.18,0.18,1,1
1,2026-08-03 05:12:45.047061,1785733965,2132,3.37268518518518,3.37268518518518,2.45,2.45,0.09,0.09,1,1
1,2026-08-03 05:12:46.057684,1785733966,2133,5.259,5.259,2.45,2.45,0.9,0.9,1,1
1,2026-08-03 05:12:47.068098,1785733967,2134,4.708,4.708,2.45,2.45,0.81,0.81,1,1
1,2026-08-03 05:12:48.071322,1785733968,2135,4.157,4.157,2.45,2.45,0.72,0.72,1,1
1,2026-08-03 05:12:49.073391,1785733969,2136,3.606,3.606,2.45,2.45,0.72,0.72,1,1
1,2026-08-03 05:12:50.091001,1785733970,2137,3.055,3.055,2.45,2.45,0.63,0.63,1,1
1,2026-08-03 05:12:51.141714,1785733971,2138,2.504,2.504,2.45,2.45,0.45,0.45,1,1
1,2026-08-03 05:12:52.143854,1785733972,2139,1.953,1.953,2.45,2.45,0.36,0.36,1,1
1,2026-08-03 05:12:53.145748,1785733973,2140,1.402,1.402,2.45,2.45,0.27,0.27,1,1
1,2026-08-03 05:12:54.166675,1785733974,2141,0.851,0.851,2.45,2.45,0.27,0.27,1,1
1,2026-08-03 05:12:55.194385,1785733975,2142,5.81,5.81,2.45,2.45,0.18,0.18,1,1
1,2026-08-03 05:12:56.213265,1785733976,2143,5.259,5.259,2.45,2.45,0.09,0.09,1,1
1,2026-08-03 05:12:57.241070,1785733977,2144,4.708,4.708,2.45,2.45,0.81,0.81,1,1
1,2026-08-03 05:12:58.242490,1785733978,2145,2.81689814814813,2.81689814814813,2.45,2.45,0.72,0.72,1,1
1,2026-08-03 05:12:59.294443,1785733979,2146,3.606,3.606,2.45,2.45,0.63,0.63,1,1
1,2026-08-03 05:13:00.295697,1785733980,2147,3.055,3.055,2.45,2.45,0.54,0.54,1,1
1,2026-08-03 05:13:01.389813,1785733981,2148,2.504,2.504,2.45,2.45,0.45,0.45,1,1
1,2026-08-03 05:13:02.394393,1785733982,2149,1.953,1.953,2.45,2.45,0.36,0.36,1,1
1,2026-08-03 05:13:03.422539,1785733983,2150,1.402,1.402,2.45,2.45,0.27,0.27,1,1
1,2026-08-03 05:13:04.423749,1785733984,2151,0.851,0.851,2.45,2.45,0.18,0.18,1,1
1,2026-08-03 05:13:06.011177,1785733986,2152,2.5560185185185,2.5560185185185,2.45,2.45,0.09,0.09,1,1
1,2026-08-03 05:13:07.012115,1785733987,2153,2.51064814814813,2.51064814814813,2.45,2.45,0.9,0.9,1,1
1,2026-08-03 05:13:08.016729,1785733988,2154,4.708,4.708,2.45,2.45,0.81,0.81,1,1
1,2026-08-03 05:13:09.022602,1785733989,2155,4.157,4.157,2.45,2.45,0.72,0.72,1,1
1,2026-08-03 05:13:10.099198,1785733990,2156,3.606,3.606,2.45,2.45,0.63,0.63,1,1
1,2026-08-03 05:13:11.104861,1785733991,2157,3.055,3.055,2.45,2.45,0.54,0.54,1,1
1,2026-08-03 05:13:12.115155,1785733992,2158,2.29513888888887,2.29513888888887,2.45,2.45,0.45,0.45,1,1
1,2026-08-03 05:13:13.116692,1785733993,2159,1.953,1.953,2.45,2.45,0.36,0.36,1,1
1,2026-08-03 05:13:14.123829,1785733994,2160,2.22708333333331,2.22708333333331,2.45,2.45,0.27,0.27,1,1
1,2026-08-03 05:13:15.360862,1785733995,2161,2.18171296296294,2.18171296296294,2.45,2.45,0.18,0.18,1,1
1,2026-08-03 05:13:16.362221,1785733996,2162,2.13634259259257,2.13634259259257,2.45,2.45,0.09,0.09,1,1
1,2026-08-03 05:13:17.366446,1785733997,2163,2.0909722222222,2.0909722222222,2.45,2.45,0.9,0.9,1,1
1,2026-08-03 05:13:18.371448,1785733998,2164,4.708,4.708,2.45,2.45,0.81,0.81,1,1
1,2026-08-03 05:13:19.381586,1785733999,2165,2.01157407407405,2.01157407407405,2.45,2.45,0.72,0.72,1,1
1,2026-08-03 05:13:20.385047,1785734000,2166,3.606,3.606,2.45,2.45,0.63,0.63,1,1
1,2026-08-03 05:13:21.387286,1785734001,2167,3.055,3.055,2.45,2.45,0.54,0.54,1,1
1,2026-08-03 05:13:22.397821,1785734002,2168,2.504,2.504,2.45,2.45,0.45,0.45,1,1
1,2026-08-03 05:13:23.402273,1785734003,2169,1.953,1.953,2.45,2.45,0.36,0.36,1,1
1,2026-08-03 05:13:24.432590,1785734004,2170,1.80740740740738,1.80740740740738,2.45,2.45,0.27,0.27,1,1
1,2026-08-03 05:13:25.435240,1785734005,2171,1.76203703703701,1.76203703703701,2.45,2.45,0.18,0.18,1,1
1,2026-08-03 05:13:26.439775,1785734006,2172,1.72800925925923,1.72800925925923,2.45,2.45,0.18,0.18,1,1
1,2026-08-03 05:13:27.502722,1785734007,2173,1.69398148148145,1.69398148148145,2.45,2.45,0.09,0.09,1,1
1,2026-08-03 05:13:28.507785,1785734008,2174,4.708,4.708,2.45,2.45,0.81,0.81,1,1
1,2026-08-03 05:13:29.527878,1785734009,2175,4.157,4.157,2.45,2.45,0.72,0.72,1,1
1,2026-08-03 05:13:30.530177,1785734010,2176,3.606,3.606,2.45,2.45,0.72,0.72,1,1
1,2026-08-03 05:13:31.561941,1785734011,2177,3.055,3.055,2.45,2.45,0.54,0.54,1,1
1,2026-08-03 05:13:32.599425,1785734012,2178,2.504,2.504,2.45,2.45,0.45,0.45,1,1
1,2026-08-03 05:13:33.611145,1785734013,2179,1.953,1.953,2.45,2.45,0.36,0.36,1,1
1,2026-08-03 05:13:34.614004,1785734014,2180,1.38773148148145,1.38773148148145,2.45,2.45,0.27,0.27,1,1
1,2026-08-03 05:13:35.634208,1785734015,2181,1.35370370370367,1.35370370370367,2.45,2.45,0.18,0.18,1,1
1,2026-08-03 05:13:36.661186,1785734016,2182,5.81,5.81,2.45,2.45,0.09,0.09,1,1
1,2026-08-03 05:13:37.671696,1785734017,2183,5.259,5.259,2.45,2.45,0.9,0.9,1,1
1,2026-08-03 05:13:39.193474,1785734019,2184,4.708,4.708,2.45,2.45,0.81,0.81,1,1
1,2026-08-03 05:13:40.204459,1785734020,2185,1.17222222222219,1.17222222222219,2.45,2.45,0.81,0.81,1,1
1,2026-08-03 05:13:41.259217,1785734021,2186,3.606,3.606,2.45,2.45,0.63,0.63,1,1
1,2026-08-03 05:13:42.270291,1785734022,2187,1.09282407407404,1.09282407407404,2.45,2.45,0.54,0.54,1,1
1,2026-08-03 05:13:43.281679,1785734023,2188,1.04745370370367,1.04745370370367,2.45,2.45,0.45,0.45,1,1
1,2026-08-03 05:13:44.301938,1785734024,2189,1.953,1.953,2.45,2.45,0.36,0.36,1,1
1,2026-08-03 05:13:45.312161,1785734025,2190,0.968055555555519,0.968055555555519,2.45,2.45,0.27,0.27,1,1
1,2026-08-03 05:13:46.334384,1785734026,2191,0.922685185185148,0.922685185185148,2.45,2.45,0.18,0.18,1,1
1,2026-08-03 05:13:47.357534,1785734027,2192,0.877314814814778,0.877314814814778,2.45,2.45,0.09,0.09,1,1
1,2026-08-03 05:13:48.388017,1785734028,2193,0.831944444444408,0.831944444444408,2.45,2.45,0.9,0.9,1,1
1,2026-08-03 05:13:49.399665,1785734029,2194,4.708,4.708,2.45,2.45,0.81,0.81,1,1
1,2026-08-03 05:13:50.454373,1785734030,2195,4.157,4.157,2.45,2.45,0.72,0.72,1,1
1,2026-08-03 05:13:51.456706,1785734031,2196,3.606,3.606,2.45,2.45,0.63,0.63,1,1
1,2026-08-03 05:13:52.486796,1785734032,2197,3.055,3.055,2.45,2.45,0.54,0.54,1,1
1,2026-08-03 05:13:53.491311,1785734033,2198,0.616435185185149,0.616435185185149,2.45,2.45,0.45,0.45,1,1
1,2026-08-03 05:13:54.496520,1785734034,2199,0.571064814814778,0.571064814814778,2.45,2.45,0.36,0.36,1,1
1,2026-08-03 05:13:55.519600,1785734035,2200,0.537037037037,0.537037037037,2.45,2.45,0.27,0.27,1,1
1,2026-08-03 05:13:56.568445,1785734036,2201,0.851,0.851,2.45,2.45,0.18,0.18,1,1
1,2026-08-03 05:13:57.570565,1785734037,2202,5.81,5.81,2.45,2.45,0.09,0.09,1,1
1,2026-08-03 05:13:58.575582,1785734038,2203,5.259,5.259,2.45,2.45,0.9,0.9,1,1
1,2026-08-03 05:13:59.577404,1785734039,2204,0.366898148148112,0.366898148148112,2.45,2.45,0.81,0.81,1,1
1,2026-08-03 05:14:00.604433,1785734040,2205,0.321527777777741,0.321527777777741,2.45,2.45,0.72,0.72,1,1
1,2026-08-03 05:14:01.617294,1785734041,2206,0.298842592592556,0.298842592592556,2.45,2.45,0.63,0.63,1,1
1,2026-08-03 05:14:02.655896,1785734042,2207,3.055,3.055,2.45,2.45,0.54,0.54,1,1
1,2026-08-03 05:14:03.668365,1785734043,2208,2.504,2.504,2.45,2.45,0.45,0.45,1,1
1,2026-08-03 05:14:04.674383,1785734044,2209,1.953,1.953,2.45,2.45,0.36,0.36,1,1
1,2026-08-03 05:14:05.687108,1785734045,2210,1.402,1.402,2.45,2.45,0.27,0.27,1,1
1,2026-08-03 05:14:06.700142,1785734046,2211,0.851,0.851,2.45,2.45,0.18,0.18,1,1
1,2026-08-03 05:14:07.724638,1785734047,2212,5.81,5.81,2.45,2.45,0.09,0.09,1,1
1,2026-08-03 05:14:08.750687,1785734048,2213,5.59583333333334,5.59583333333334,2.45,2.45,0.9,0.9,1,1
1,2026-08-03 05:14:09.764351,1785734049,2214,5.55046296296297,5.55046296296297,2.45,2.45,0.81,0.81,1,1
1,2026-08-03 05:14:11.305767,1785734051,2215,5.5050925925926,5.5050925925926,2.45,2.45,0.72,0.72,1,1
1,2026-08-03 05:14:12.317515,1785734052,2216,5.47106481481483,5.47106481481483,2.45,2.45,0.63,0.63,1,1
1,2026-08-03 05:14:13.330113,1785734053,2217,5.42569444444446,5.42569444444446,2.45,2.45,0.54,0.54,1,1
1,2026-08-03 05:14:14.405436,1785734054,2218,5.39166666666668,5.39166666666668,2.45,2.45,0.45,0.45,1,1
1,2026-08-03 05:14:15.428828,1785734055,2219,5.34629629629631,5.34629629629631,2.45,2.45,0.36,0.36,1,1
1,2026-08-03 05:14:16.439427,1785734056,2220,1.402,1.402,2.45,2.45,0.27,0.27,1,1
1,2026-08-03 05:14:17.447370,1785734057,2221,0.851,0.851,2.45,2.45,0.18,0.18,1,1
1,2026-08-03 05:14:18.461988,1785734058,2222,5.81,5.81,2.45,2.45,0.09,0.09,1,1
1,2026-08-03 05:14:19.547758,1785734059,2223,5.259,5.259,2.45,2.45,0.9,0.9,1,1
1,2026-08-03 05:14:20.559642,1785734060,2224,4.708,4.708,2.45,2.45,0.81,0.81,1,1
1,2026-08-03 05:14:21.589943,1785734061,2225,4.157,4.157,2.45,2.45,0.72,0.72,1,1
1,2026-08-03 05:14:22.591718,1785734062,2226,3.606,3.606,2.45,2.45,0.63,0.63,1,1
1,2026-08-03 05:14:23.639747,1785734063,2227,3.055,3.055,2.45,2.45,0.54,0.54,1,1
1,2026-08-03 05:14:24.648678,1785734064,2228,2.504,2.504,2.45,2.45,0.45,0.45,1,1
1,2026-08-03 05:14:25.653931,1785734065,2229,1.953,1.953,2.45,2.45,0.36,0.36,1,1
1,2026-08-03 05:14:26.664995,1785734066,2230,1.402,1.402,2.45,2.45,0.27,0.27,1,1
1,2026-08-03 05:14:27.667395,1785734067,2231,0.851,0.851,2.45,2.45,0.18,0.18,1,1
1,2026-08-03 05:14:28.677480,1785734068,2232,5.81,5.81,2.45,2.45,0.09,0.09,1,1
1,2026-08-03 05:14:29.679906,1785734069,2233,5.259,5.259,2.45,2.45,0.9,0.9,1,1
1,2026-08-03 05:14:30.689594,1785734070,2234,4.708,4.708,2.45,2.45,0.81,0.81,1,1
1,2026-08-03 05:14:31.700511,1785734071,2235,4.157,4.157,2.45,2.45,0.72,0.72,1,1
1,2026-08-03 05:14:32.738660,1785734072,2236,4.64305555555556,4.64305555555556,2.45,2.45,0.63,0.63,1,1
1,2026-08-03 05:14:33.740745,1785734073,2237,3.055,3.055,2.45,2.45,0.54,0.54,1,1
1,2026-08-03 05:14:34.753748,1785734074,2238,2.504,2.504,2.45,2.45,0.45,0.45,1,1
1,2026-08-03 05:14:35.789659,1785734075,2239,4.50694444444445,4.50694444444445,2.45,2.45,0.36,0.36,1,1
1,2026-08-03 05:14:36.819091,1785734076,2240,1.402,1.402,2.45,2.45,0.27,0.27,1,1
1,2026-08-03 05:14:37.870059,1785734077,2241,0.851,0.851,2.45,2.45,0.18,0.18,1,1
1,2026-08-03 05:14:38.938341,1785734078,2242,4.38217592592593,4.38217592592593,2.45,2.45,0.09,0.09,1,1
1,2026-08-03 05:14:39.973414,1785734079,2243,4.33680555555556,4.33680555555556,2.45,2.45,0.9,0.9,1,1
1,2026-08-03 05:14:40.979834,1785734080,2244,4.29143518518519,4.29143518518519,2.45,2.45,0.81,0.81,1,1
1,2026-08-03 05:14:41.990904,1785734081,2245,4.24606481481482,4.24606481481482,2.45,2.45,0.72,0.72,1,1
1,2026-08-03 05:14:42.992128,1785734082,2246,4.20069444444445,4.20069444444445,2.45,2.45,0.72,0.72,1,1
1,2026-08-03 05:14:44.586758,1785734084,2247,4.16666666666667,4.16666666666667,2.45,2.45,0.54,0.54,1,1
1,2026-08-03 05:14:45.588664,1785734085,2248,2.504,2.504,2.45,2.45,0.45,0.45,1,1
1,2026-08-03 05:14:46.654572,1785734086,2249,1.953,1.953,2.45,2.45,0.36,0.36,1,1
1,2026-08-03 05:14:47.661863,1785734087,2250,1.402,1.402,2.45,2.45,0.27,0.27,1,1
1,2026-08-03 05:14:48.663676,1785734088,2251,0.851,0.851,2.45,2.45,0.18,0.18,1,1
1,2026-08-03 05:14:49.664612,1785734089,2252,5.81,5.81,2.45,2.45,0.18,0.18,1,1
1,2026-08-03 05:14:50.672460,1785734090,2253,5.259,5.259,2.45,2.45,0.09,0.09,1,1
1,2026-08-03 05:14:51.678575,1785734091,2254,4.708,4.708,2.45,2.45,0.9,0.9,1,1
1,2026-08-03 05:14:52.713235,1785734092,2255,3.82638888888889,3.82638888888889,2.45,2.45,0.81,0.81,1,1
1,2026-08-03 05:14:53.726102,1785734093,2256,3.606,3.606,2.45,2.45,0.72,0.72,1,1
1,2026-08-03 05:14:54.751360,1785734094,2257,3.73564814814815,3.73564814814815,2.45,2.45,0.63,0.63,1,1
1,2026-08-03 05:14:55.765338,1785734095,2258,3.69027777777777,3.69027777777777,2.45,2.45,0.54,0.54,1,1
1,2026-08-03 05:14:56.780241,1785734096,2259,1.953,1.953,2.45,2.45,0.45,0.45,1,1
1,2026-08-03 05:14:57.782551,1785734097,2260,3.61087962962963,3.61087962962963,2.45,2.45,0.36,0.36,1,1
1,2026-08-03 05:14:58.786034,1785734098,2261,3.56550925925925,3.56550925925925,2.45,2.45,0.27,0.27,1,1
1,2026-08-03 05:14:59.790212,1785734099,2262,3.53148148148148,3.53148148148148,2.45,2.45,0.18,0.18,1,1
1,2026-08-03 05:15:00.797730,1785734100,2263,3.48611111111111,3.48611111111111,2.45,2.45,0.09,0.09,1,1
1,2026-08-03 05:15:01.821539,1785734101,2264,3.44074074074073,3.44074074074073,2.45,2.45,0.9,0.9,1,1
1,2026-08-03 05:15:02.831546,1785734102,2265,3.40671296296296,3.40671296296296,2.45,2.45,0.81,0.81,1,1
1,2026-08-03 05:15:03.837316,1785734103,2266,3.36134259259259,3.36134259259259,2.45,2.45,0.72,0.72,1,1
1,2026-08-03 05:15:04.849361,1785734104,2267,3.31597222222221,3.31597222222221,2.45,2.45,0.63,0.63,1,1
1,2026-08-03 05:15:05.856434,1785734105,2268,3.27060185185184,3.27060185185184,2.45,2.45,0.54,0.54,1,1
1,2026-08-03 05:15:06.857577,1785734106,2269,3.22523148148147,3.22523148148147,2.45,2.45,0.45,0.45,1,1
1,2026-08-03 05:15:07.898612,1785734107,2270,3.19120370370369,3.19120370370369,2.45,2.45,0.36,0.36,1,1
1,2026-08-03 05:15:08.967084,1785734108,2271,3.14583333333332,3.14583333333332,2.45,2.45,0.27,0.27,1,1
1,2026-08-03 05:15:09.968714,1785734109,2272,3.10046296296295,3.10046296296295,2.45,2.45,0.18,0.18,1,1
1,2026-08-03 05:15:10.982036,1785734110,2273,3.05509259259258,3.05509259259258,2.45,2.45,0.09,0.09,1,1
1,2026-08-03 05:15:11.989474,1785734111,2274,3.00972222222221,3.00972222222221,2.45,2.45,0.9,0.9,1,1
1,2026-08-03 05:15:13.086110,1785734113,2275,2.97569444444443,2.97569444444443,2.45,2.45,0.72,0.72,1,1
1,2026-08-03 05:15:14.097418,1785734114,2276,2.93032407407406,2.93032407407406,2.45,2.45,0.63,0.63,1,1
1,2026-08-03 05:15:15.152176,1785734115,2277,3.055,3.055,2.45,2.45,0.54,0.54,1,1
1,2026-08-03 05:15:16.176465,1785734116,2278,2.504,2.504,2.45,2.45,0.45,0.45,1,1
1,2026-08-03 05:15:17.704095,1785734117,2279,2.79421296296295,2.79421296296295,2.45,2.45,0.36,0.36,1,1
1,2026-08-03 05:15:18.709138,1785734118,2280,1.402,1.402,2.45,2.45,0.27,0.27,1,1
1,2026-08-03 05:15:19.723123,1785734119,2281,0.851,0.851,2.45,2.45,0.18,0.18,1,1
1,2026-08-03 05:15:20.724475,1785734120,2282,5.81,5.81,2.45,2.45,0.09,0.09,1,1
1,2026-08-03 05:15:21.738241,1785734121,2283,2.62407407407406,2.62407407407406,2.45,2.45,0.9,0.9,1,1
1,2026-08-03 05:15:22.810961,1785734122,2284,4.708,4.708,2.45,2.45,0.81,0.81,1,1
1,2026-08-03 05:15:23.827445,1785734123,2285,4.157,4.157,2.45,2.45,0.72,0.72,1,1
1,2026-08-03 05:15:24.844926,1785734124,2286,3.606,3.606,2.45,2.45,0.63,0.63,1,1
1,2026-08-03 05:15:25.858658,1785734125,2287,3.055,3.055,2.45,2.45,0.54,0.54,1,1
1,2026-08-03 05:15:26.868791,1785734126,2288,2.504,2.504,2.45,2.45,0.45,0.45,1,1
1,2026-08-03 05:15:27.878659,1785734127,2289,2.36319444444442,2.36319444444442,2.45,2.45,0.36,0.36,1,1
1,2026-08-03 05:15:28.891189,1785734128,2290,2.32916666666665,2.32916666666665,2.45,2.45,0.27,0.27,1,1
1,2026-08-03 05:15:29.893322,1785734129,2291,0.851,0.851,2.45,2.45,0.18,0.18,1,1
1,2026-08-03 05:15:30.902975,1785734130,2292,2.2384259259259,2.2384259259259,2.45,2.45,0.09,0.09,1,1
1,2026-08-03 05:15:31.927904,1785734131,2293,2.19305555555553,2.19305555555553,2.45,2.45,0.9,0.9,1,1
1,2026-08-03 05:15:32.991998,1785734132,2294,4.708,4.708,2.45,2.45,0.81,0.81,1,1
1,2026-08-03 05:15:34.013622,1785734134,2295,4.157,4.157,2.45,2.45,0.72,0.72,1,1
1,2026-08-03 05:15:35.022195,1785734135,2296,3.606,3.606,2.45,2.45,0.63,0.63,1,1
1,2026-08-03 05:15:36.025327,1785734136,2297,3.055,3.055,2.45,2.45,0.54,0.54,1,1
1,2026-08-03 05:15:37.031666,1785734137,2298,1.98888888888886,1.98888888888886,2.45,2.45,0.45,0.45,1,1
1,2026-08-03 05:15:38.081673,1785734138,2299,1.94351851851849,1.94351851851849,2.45,2.45,0.36,0.36,1,1
1,2026-08-03 05:15:39.108594,1785734139,2300,1.89814814814812,1.89814814814812,2.45,2.45,0.27,0.27,1,1
1,2026-08-03 05:15:40.134481,1785734140,2301,0.851,0.851,2.45,2.45,0.18,0.18,1,1
1,2026-08-03 05:15:41.155777,1785734141,2302,5.81,5.81,2.45,2.45,0.09,0.09,1,1
1,2026-08-03 05:15:42.157497,1785734142,2303,5.259,5.259,2.45,2.45,0.9,0.9,1,1
1,2026-08-03 05:15:43.202464,1785734143,2304,1.71666666666664,1.71666666666664,2.45,2.45,0.81,0.81,1,1
1,2026-08-03 05:15:44.206234,1785734144,2305,4.157,4.157,2.45,2.45,0.72,0.72,1,1
1,2026-08-03 05:15:45.245449,1785734145,2306,3.606,3.606,2.45,2.45,0.63,0.63,1,1
1,2026-08-03 05:15:46.261290,1785734146,2307,1.59189814814812,1.59189814814812,2.45,2.45,0.54,0.54,1,1
1,2026-08-03 05:15:47.263182,1785734147,2308,2.504,2.504,2.45,2.45,0.45,0.45,1,1
1,2026-08-03 05:15:48.292273,1785734148,2309,1.50115740740738,1.50115740740738,2.45,2.45,0.36,0.36,1,1
1,2026-08-03 05:15:49.338865,1785734149,2310,1.402,1.402,2.45,2.45,0.27,0.27,1,1
1,2026-08-03 05:15:50.859930,1785734150,2311,0.851,0.851,2.45,2.45,0.18,0.18,1,1
1,2026-08-03 05:15:51.865260,1785734151,2312,5.81,5.81,2.45,2.45,0.09,0.09,1,1
1,2026-08-03 05:15:52.910803,1785734152,2313,5.259,5.259,2.45,2.45,0.9,0.9,1,1
1,2026-08-03 05:15:53.919626,1785734153,2314,1.29699074074071,1.29699074074071,2.45,2.45,0.81,0.81,1,1
1,2026-08-03 05:15:54.971798,1785734154,2315,1.25162037037034,1.25162037037034,2.45,2.45,0.72,0.72,1,1
1,2026-08-03 05:15:55.988214,1785734155,2316,1.20624999999997,1.20624999999997,2.45,2.45,0.63,0.63,1,1
1,2026-08-03 05:15:56.993578,1785734156,2317,3.055,3.055,2.45,2.45,0.54,0.54,1,1
1,2026-08-03 05:15:58.044827,1785734158,2318,1.12685185185182,1.12685185185182,2.45,2.45,0.45,0.45,1,1
1,2026-08-03 05:15:59.046385,1785734159,2319,1.953,1.953,2.45,2.45,0.36,0.36,1,1
1,2026-08-03 05:16:00.058711,1785734160,2320,1.402,1.402,2.45,2.45,0.27,0.27,1,1
1,2026-08-03 05:16:01.082238,1785734161,2321,0.851,0.851,2.45,2.45,0.18,0.18,1,1
1,2026-08-03 05:16:02.184233,1785734162,2322,5.81,5.81,2.45,2.45,0.09,0.09,1,1
1,2026-08-03 05:16:03.185499,1785734163,2323,5.259,5.259,2.45,2.45,0.9,0.9,1,1
1,2026-08-03 05:16:04.187289,1785734164,2324,0.865972222222185,0.865972222222185,2.45,2.45,0.81,0.81,1,1
1,2026-08-03 05:16:05.193396,1785734165,2325,4.157,4.157,2.45,2.45,0.72,0.72,1,1
1,2026-08-03 05:16:06.197072,1785734166,2326,3.606,3.606,2.45,2.45,0.63,0.63,1,1
1,2026-08-03 05:16:07.207235,1785734167,2327,3.055,3.055,2.45,2.45,0.54,0.54,1,1
1,2026-08-03 05:16:08.223193,1785734168,2328,0.695833333333297,0.695833333333297,2.45,2.45,0.45,0.45,1,1
1,2026-08-03 05:16:09.229269,1785734169,2329,1.953,1.953,2.45,2.45,0.36,0.36,1,1
1,2026-08-03 05:16:10.361863,1785734170,2330,0.616435185185149,0.616435185185149,2.45,2.45,0.27,0.27,1,1
1,2026-08-03 05:16:11.385686,1785734171,2331,0.571064814814778,0.571064814814778,2.45,2.45,0.18,0.18,1,1
1,2026-08-03 05:16:12.396821,1785734172,2332,5.81,5.81,2.45,2.45,0.09,0.09,1,1
1,2026-08-03 05:16:13.413383,1785734173,2333,0.49166666666663,0.49166666666663,2.45,2.45,0.9,0.9,1,1
1,2026-08-03 05:16:14.415297,1785734174,2334,4.708,4.708,2.45,2.45,0.81,0.81,1,1
1,2026-08-03 05:16:15.430642,1785734175,2335,4.157,4.157,2.45,2.45,0.72,0.72,1,1
1,2026-08-03 05:16:16.445430,1785734176,2336,0.378240740740704,0.378240740740704,2.45,2.45,0.63,0.63,1,1
1,2026-08-03 05:16:17.478547,1785734177,2337,0.332870370370334,0.332870370370334,2.45,2.45,0.54,0.54,1,1
1,2026-08-03 05:16:18.505743,1785734178,2338,0.298842592592556,0.298842592592556,2.45,2.45,0.45,0.45,1,1
1,2026-08-03 05:16:19.536777,1785734179,2339,2.504,2.504,2.45,2.45,0.36,0.36,1,1
1,2026-08-03 05:16:20.562525,1785734180,2340,1.953,1.953,2.45,2.45,0.36,0.36,1,1
1,2026-08-03 05:16:21.662036,1785734181,2341,5.76597222222222,5.76597222222222,2.45,2.45,0.18,0.18,1,1
1,2026-08-03 05:16:22.715096,1785734182,2342,5.81,5.81,2.45,2.45,0.09,0.09,1,1
1,2026-08-03 05:16:24.244022,1785734184,2343,5.259,5.259,2.45,2.45,0.9,0.9,1,1
1,2026-08-03 05:16:25.245831,1785734185,2344,4.708,4.708,2.45,2.45,0.81,0.81,1,1
1,2026-08-03 05:16:26.279207,1785734186,2345,5.59583333333334,5.59583333333334,2.45,2.45,0.72,0.72,1,1
1,2026-08-03 05:16:27.410970,1785734187,2346,5.53912037037038,5.53912037037038,2.45,2.45,0.63,0.63,1,1
1,2026-08-03 05:16:28.412871,1785734188,2347,5.5050925925926,5.5050925925926,2.45,2.45,0.54,0.54,1,1
1,2026-08-03 05:16:29.417372,1785734189,2348,5.45972222222224,5.45972222222224,2.45,2.45,0.45,0.45,1,1
1,2026-08-03 05:16:30.428604,1785734190,2349,5.41435185185187,5.41435185185187,2.45,2.45,0.36,0.36,1,1
1,2026-08-03 05:16:31.450183,1785734191,2350,5.38032407407409,5.38032407407409,2.45,2.45,0.27,0.27,1,1
1,2026-08-03 05:16:32.498153,1785734192,2351,0.851,0.851,2.45,2.45,0.18,0.18,1,1
1,2026-08-03 05:16:33.505362,1785734193,2352,5.81,5.81,2.45,2.45,0.09,0.09,1,1
1,2026-08-03 05:16:34.512510,1785734194,2353,5.259,5.259,2.45,2.45,0.9,0.9,1,1
1,2026-08-03 05:16:35.528305,1785734195,2354,5.19884259259261,5.19884259259261,2.45,2.45,0.81,0.81,1,1
1,2026-08-03 05:16:36.534357,1785734196,2355,5.16481481481483,5.16481481481483,2.45,2.45,0.72,0.72,1,1
1,2026-08-03 05:16:37.569576,1785734197,2356,5.11944444444446,5.11944444444446,2.45,2.45,0.63,0.63,1,1
1,2026-08-03 05:16:38.596114,1785734198,2357,3.055,3.055,2.45,2.45,0.54,0.54,1,1
1,2026-08-03 05:16:39.612365,1785734199,2358,2.504,2.504,2.45,2.45,0.45,0.45,1,1
1,2026-08-03 05:16:40.651955,1785734200,2359,1.953,1.953,2.45,2.45,0.36,0.36,1,1
1,2026-08-03 05:16:41.673315,1785734201,2360,1.402,1.402,2.45,2.45,0.27,0.27,1,1
1,2026-08-03 05:16:42.687788,1785734202,2361,0.851,0.851,2.45,2.45,0.18,0.18,1,1
1,2026-08-03 05:16:43.698086,1785734203,2362,5.81,5.81,2.45,2.45,0.09,0.09,1,1
1,2026-08-03 05:16:44.709098,1785734204,2363,4.81319444444446,4.81319444444446,2.45,2.45,0.9,0.9,1,1
1,2026-08-03 05:16:45.711440,1785734205,2364,4.708,4.708,2.45,2.45,0.81,0.81,1,1
1,2026-08-03 05:16:46.723367,1785734206,2365,4.157,4.157,2.45,2.45,0.72,0.72,1,1
1,2026-08-03 05:16:47.729105,1785734207,2366,3.606,3.606,2.45,2.45,0.63,0.63,1,1
1,2026-08-03 05:16:48.767462,1785734208,2367,4.65439814814816,4.65439814814816,2.45,2.45,0.54,0.54,1,1
1,2026-08-03 05:16:49.771094,1785734209,2368,2.504,2.504,2.45,2.45,0.54,0.54,1,1
1,2026-08-03 05:16:50.786527,1785734210,2369,1.953,1.953,2.45,2.45,0.45,0.45,1,1
1,2026-08-03 05:16:51.788998,1785734211,2370,4.51828703703704,4.51828703703704,2.45,2.45,0.36,0.36,1,1
1,2026-08-03 05:16:52.875883,1785734212,2371,4.48425925925927,4.48425925925927,2.45,2.45,0.18,0.18,1,1
1,2026-08-03 05:16:53.883921,1785734213,2372,5.81,5.81,2.45,2.45,0.09,0.09,1,1
1,2026-08-03 05:16:54.885290,1785734214,2373,5.259,5.259,2.45,2.45,0.9,0.9,1,1
1,2026-08-03 05:16:56.405981,1785734216,2374,4.708,4.708,2.45,2.45,0.81,0.81,1,1
1,2026-08-03 05:16:57.420316,1785734217,2375,4.157,4.157,2.45,2.45,0.72,0.72,1,1
1,2026-08-03 05:16:58.436710,1785734218,2376,3.606,3.606,2.45,2.45,0.72,0.72,1,1
1,2026-08-03 05:16:59.476040,1785734219,2377,3.055,3.055,2.45,2.45,0.54,0.54,1,1
1,2026-08-03 05:17:00.497139,1785734220,2378,2.504,2.504,2.45,2.45,0.45,0.45,1,1
1,2026-08-03 05:17:01.594778,1785734221,2379,1.953,1.953,2.45,2.45,0.36,0.36,1,1
1,2026-08-03 05:17:02.616437,1785734222,2380,4.09861111111111,4.09861111111111,2.45,2.45,0.27,0.27,1,1
1,2026-08-03 05:17:03.660602,1785734223,2381,0.851,0.851,2.45,2.45,0.18,0.18,1,1
1,2026-08-03 05:17:04.668381,1785734224,2382,5.81,5.81,2.45,2.45,0.09,0.09,1,1
1,2026-08-03 05:17:05.670113,1785734225,2383,5.259,5.259,2.45,2.45,0.9,0.9,1,1
1,2026-08-03 05:17:06.689068,1785734226,2384,4.708,4.708,2.45,2.45,0.81,0.81,1,1
1,2026-08-03 05:17:07.690413,1785734227,2385,4.157,4.157,2.45,2.45,0.72,0.72,1,1
1,2026-08-03 05:17:08.709210,1785734228,2386,3.606,3.606,2.45,2.45,0.63,0.63,1,1
1,2026-08-03 05:17:09.717451,1785734229,2387,3.055,3.055,2.45,2.45,0.54,0.54,1,1
1,2026-08-03 05:17:10.727233,1785734230,2388,2.504,2.504,2.45,2.45,0.45,0.45,1,1
1,2026-08-03 05:17:11.732075,1785734231,2389,3.73564814814815,3.73564814814815,2.45,2.45,0.36,0.36,1,1
1,2026-08-03 05:17:12.762274,1785734232,2390,3.70162037037037,3.70162037037037,2.45,2.45,0.27,0.27,1,1
1,2026-08-03 05:17:13.784586,1785734233,2391,3.65625,3.65625,2.45,2.45,0.18,0.18,1,1
1,2026-08-03 05:17:14.795767,1785734234,2392,3.61087962962963,3.61087962962963,2.45,2.45,0.09,0.09,1,1
1,2026-08-03 05:17:15.799692,1785734235,2393,3.56550925925925,3.56550925925925,2.45,2.45,0.09,0.09,1,1
1,2026-08-03 05:17:16.802090,1785734236,2394,3.53148148148148,3.53148148148148,2.45,2.45,0.9,0.9,1,1
1,2026-08-03 05:17:17.817595,1785734237,2395,3.48611111111111,3.48611111111111,2.45,2.45,0.81,0.81,1,1
1,2026-08-03 05:17:18.832981,1785734238,2396,3.44074074074073,3.44074074074073,2.45,2.45,0.72,0.72,1,1
1,2026-08-03 05:17:19.863320,1785734239,2397,3.39537037037036,3.39537037037036,2.45,2.45,0.63,0.63,1,1
1,2026-08-03 05:17:20.897927,1785734240,2398,3.36134259259259,3.36134259259259,2.45,2.45,0.54,0.54,1,1
1,2026-08-03 05:17:21.929304,1785734241,2399,3.31597222222221,3.31597222222221,2.45,2.45,0.36,0.36,1,1
1,2026-08-03 05:17:22.945255,1785734242,2400,3.27060185185184,3.27060185185184,2.45,2.45,0.27,0.27,1,1
1,2026-08-03 05:17:23.986138,1785734243,2401,3.22523148148147,3.22523148148147,2.45,2.45,0.18,0.18,1,1
1,2026-08-03 05:17:24.991885,1785734244,2402,3.1798611111111,3.1798611111111,2.45,2.45,0.09,0.09,1,1
1,2026-08-03 05:17:26.006266,1785734246,2403,3.13449074074073,3.13449074074073,2.45,2.45,0.9,0.9,1,1
1,2026-08-03 05:17:27.011397,1785734247,2404,3.08912037037036,3.08912037037036,2.45,2.45,0.81,0.81,1,1
1,2026-08-03 05:17:28.024415,1785734248,2405,3.05509259259258,3.05509259259258,2.45,2.45,0.72,0.72,1,1
1,2026-08-03 05:17:29.556648,1785734249,2406,3.00972222222221,3.00972222222221,2.45,2.45,0.63,0.63,1,1
1,2026-08-03 05:17:30.574807,1785734250,2407,2.98703703703702,2.98703703703702,2.45,2.45,0.54,0.54,1,1
1,2026-08-03 05:17:31.577079,1785734251,2408,2.94166666666665,2.94166666666665,2.45,2.45,0.45,0.45,1,1
1,2026-08-03 05:17:32.675558,1785734252,2409,2.89629629629628,2.89629629629628,2.45,2.45,0.36,0.36,1,1
1,2026-08-03 05:17:33.723600,1785734253,2410,2.85092592592591,2.85092592592591,2.45,2.45,0.27,0.27,1,1
1,2026-08-03 05:17:34.727914,1785734254,2411,2.81689814814813,2.81689814814813,2.45,2.45,0.18,0.18,1,1
1,2026-08-03 05:17:35.735015,1785734255,2412,2.77152777777776,2.77152777777776,2.45,2.45,0.09,0.09,1,1
1,2026-08-03 05:17:36.742085,1785734256,2413,2.72615740740739,2.72615740740739,2.45,2.45,0.9,0.9,1,1
1,2026-08-03 05:17:37.744479,1785734257,2414,2.68078703703702,2.68078703703702,2.45,2.45,0.81,0.81,1,1
1,2026-08-03 05:17:38.823686,1785734258,2415,2.64675925925924,2.64675925925924,2.45,2.45,0.72,0.72,1,1
1,2026-08-03 05:17:39.878195,1785734259,2416,2.60138888888887,2.60138888888887,2.45,2.45,0.63,0.63,1,1
1,2026-08-03 05:17:40.881664,1785734260,2417,2.5560185185185,2.5560185185185,2.45,2.45,0.54,0.54,1,1
1,2026-08-03 05:17:41.955102,1785734261,2418,2.51064814814813,2.51064814814813,2.45,2.45,0.45,0.45,1,1
1,2026-08-03 05:17:42.974685,1785734262,2419,2.46527777777776,2.46527777777776,2.45,2.45,0.36,0.36,1,1
1,2026-08-03 05:17:43.977951,1785734263,2420,2.41990740740739,2.41990740740739,2.45,2.45,0.27,0.27,1,1
1,2026-08-03 05:17:45.004489,1785734265,2421,2.37453703703702,2.37453703703702,2.45,2.45,0.18,0.18,1,1
1,2026-08-03 05:17:46.009806,1785734266,2422,2.32916666666665,2.32916666666665,2.45,2.45,0.09,0.09,1,1
1,2026-08-03 05:17:47.012479,1785734267,2423,2.29513888888887,2.29513888888887,2.45,2.45,0.9,0.9,1,1
1,2026-08-03 05:17:48.024017,1785734268,2424,2.2497685185185,2.2497685185185,2.45,2.45,0.81,0.81,1,1
1,2026-08-03 05:17:49.042954,1785734269,2425,2.20439814814813,2.20439814814813,2.45,2.45,0.72,0.72,1,1
1,2026-08-03 05:17:50.059376,1785734270,2426,2.15902777777776,2.15902777777776,2.45,2.45,0.63,0.63,1,1
1,2026-08-03 05:17:51.068601,1785734271,2427,2.12499999999998,2.12499999999998,2.45,2.45,0.54,0.54,1,1
1,2026-08-03 05:17:52.080009,1785734272,2428,2.07962962962961,2.07962962962961,2.45,2.45,0.45,0.45,1,1
1,2026-08-03 05:17:53.082630,1785734273,2429,2.03425925925924,2.03425925925924,2.45,2.45,0.36,0.36,1,1
1,2026-08-03 05:17:54.084731,1785734274,2430,1.98888888888886,1.98888888888886,2.45,2.45,0.27,0.27,1,1
1,2026-08-03 05:17:55.091784,1785734275,2431,1.95486111111109,1.95486111111109,2.45,2.45,0.18,0.18,1,1
1,2026-08-03 05:17:56.098230,1785734276,2432,1.90949074074071,1.90949074074071,2.45,2.45,0.09,0.09,1,1
1,2026-08-03 05:17:57.104817,1785734277,2433,1.87546296296294,1.87546296296294,2.45,2.45,0.9,0.9,1,1
1,2026-08-03 05:17:58.118392,1785734278,2434,1.83009259259257,1.83009259259257,2.45,2.45,0.81,0.81,1,1
1,2026-08-03 05:17:59.122705,1785734279,2435,1.79606481481479,1.79606481481479,2.45,2.45,0.72,0.72,1,1
1,2026-08-03 05:18:00.166532,1785734280,2436,1.75069444444442,1.75069444444442,2.45,2.45,0.63,0.63,1,1
1,2026-08-03 05:18:01.170798,1785734281,2437,1.70532407407405,1.70532407407405,2.45,2.45,0.54,0.54,1,1
1,2026-08-03 05:18:02.734940,1785734282,2438,1.67129629629627,1.67129629629627,2.45,2.45,0.45,0.45,1,1
1,2026-08-03 05:18:03.745314,1785734283,2439,1.6259259259259,1.6259259259259,2.45,2.45,0.36,0.36,1,1
1,2026-08-03 05:18:04.747115,1785734284,2440,1.58055555555553,1.58055555555553,2.45,2.45,0.27,0.27,1,1
1,2026-08-03 05:18:05.800964,1785734285,2441,1.53518518518515,1.53518518518515,2.45,2.45,0.18,0.18,1,1
1,2026-08-03 05:18:06.832533,1785734286,2442,1.48981481481478,1.48981481481478,2.45,2.45,0.09,0.09,1,1
1,2026-08-03 05:18:07.834872,1785734287,2443,1.45578703703701,1.45578703703701,2.45,2.45,0.9,0.9,1,1
1,2026-08-03 05:18:08.903784,1785734288,2444,1.41041666666663,1.41041666666663,2.45,2.45,0.81,0.81,1,1
1,2026-08-03 05:18:09.913934,1785734289,2445,1.36504629629626,1.36504629629626,2.45,2.45,0.72,0.72,1,1
1,2026-08-03 05:18:11.121001,1785734291,2446,3.606,3.606,2.45,2.45,0.63,0.63,1,1
1,2026-08-03 05:18:12.160171,1785734292,2447,3.055,3.055,2.45,2.45,0.54,0.54,1,1
1,2026-08-03 05:18:13.188196,1785734293,2448,2.504,2.504,2.45,2.45,0.45,0.45,1,1
1,2026-08-03 05:18:14.233478,1785734294,2449,1.18356481481478,1.18356481481478,2.45,2.45,0.36,0.36,1,1
1,2026-08-03 05:18:15.241750,1785734295,2450,1.13819444444441,1.13819444444441,2.45,2.45,0.27,0.27,1,1
1,2026-08-03 05:18:16.243935,1785734296,2451,0.851,0.851,2.45,2.45,0.18,0.18,1,1
1,2026-08-03 05:18:17.251773,1785734297,2452,5.81,5.81,2.45,2.45,0.09,0.09,1,1
1,2026-08-03 05:18:18.257729,1785734298,2453,5.259,5.259,2.45,2.45,0.9,0.9,1,1
1,2026-08-03 05:18:19.263418,1785734299,2454,4.708,4.708,2.45,2.45,0.81,0.81,1,1
1,2026-08-03 05:18:20.274410,1785734300,2455,4.157,4.157,2.45,2.45,0.72,0.72,1,1
1,2026-08-03 05:18:21.503338,1785734301,2456,0.877314814814778,0.877314814814778,2.45,2.45,0.63,0.63,1,1
1,2026-08-03 05:18:22.683280,1785734302,2457,3.055,3.055,2.45,2.45,0.54,0.54,1,1
1,2026-08-03 05:18:23.685343,1785734303,2458,0.786574074074037,0.786574074074037,2.45,2.45,0.45,0.45,1,1
1,2026-08-03 05:18:24.920529,1785734304,2459,1.953,1.953,2.45,2.45,0.36,0.36,1,1
1,2026-08-03 05:18:25.922579,1785734305,2460,0.718518518518482,0.718518518518482,2.45,2.45,0.27,0.27,1,1
1,2026-08-03 05:18:26.926142,1785734306,2461,0.673148148148111,0.673148148148111,2.45,2.45,0.18,0.18,1,1
1,2026-08-03 05:18:27.928176,1785734307,2462,0.627777777777741,0.627777777777741,2.45,2.45,0.09,0.09,1,1
1,2026-08-03 05:18:28.929485,1785734308,2463,5.259,5.259,2.45,2.45,0.9,0.9,1,1
1,2026-08-03 05:18:29.930457,1785734309,2464,0.548379629629593,0.548379629629593,2.45,2.45,0.81,0.81,1,1
1,2026-08-03 05:18:30.932264,1785734310,2465,0.503009259259223,0.503009259259223,2.45,2.45,0.72,0.72,1,1
1,2026-08-03 05:18:31.953448,1785734311,2466,3.606,3.606,2.45,2.45,0.63,0.63,1,1
1,2026-08-03 05:18:32.956088,1785734312,2467,3.055,3.055,2.45,2.45,0.54,0.54,1,1
1,2026-08-03 05:18:33.965917,1785734313,2468,0.378240740740704,0.378240740740704,2.45,2.45,0.45,0.45,1,1
1,2026-08-03 05:18:35.486611,1785734315,2469,0.344212962962926,0.344212962962926,2.45,2.45,0.36,0.36,1,1
1,2026-08-03 05:18:36.490440,1785734316,2470,0.298842592592556,0.298842592592556,2.45,2.45,0.27,0.27,1,1
1,2026-08-03 05:18:37.493778,1785734317,2471,1.402,1.402,2.45,2.45,0.18,0.18,1,1
1,2026-08-03 05:18:38.500949,1785734318,2472,0.851,0.851,2.45,2.45,0.09,0.09,1,1
1,2026-08-03 05:18:39.509986,1785734319,2473,5.77731481481482,5.77731481481482,2.45,2.45,0.9,0.9,1,1
1,2026-08-03 05:18:40.545092,1785734320,2474,5.73194444444445,5.73194444444445,2.45,2.45,0.81,0.81,1,1
1,2026-08-03 05:18:41.568376,1785734321,2475,5.69791666666667,5.69791666666667,2.45,2.45,0.72,0.72,1,1
1,2026-08-03 05:18:42.578665,1785734322,2476,5.6525462962963,5.6525462962963,2.45,2.45,0.63,0.63,1,1
1,2026-08-03 05:18:43.588378,1785734323,2477,5.60717592592593,5.60717592592593,2.45,2.45,0.54,0.54,1,1
1,2026-08-03 05:18:44.593520,1785734324,2478,5.57314814814816,5.57314814814816,2.45,2.45,0.45,0.45,1,1
1,2026-08-03 05:18:45.595251,1785734325,2479,5.52777777777779,5.52777777777779,2.45,2.45,0.36,0.36,1,1
1,2026-08-03 05:18:46.604451,1785734326,2480,5.48240740740742,5.48240740740742,2.45,2.45,0.27,0.27,1,1
1,2026-08-03 05:18:47.606136,1785734327,2481,5.43703703703705,5.43703703703705,2.45,2.45,0.18,0.18,1,1
1,2026-08-03 05:18:48.612731,1785734328,2482,5.40300925925927,5.40300925925927,2.45,2.45,0.09,0.09,1,1
1,2026-08-03 05:18:49.675281,1785734329,2483,5.35763888888891,5.35763888888891,2.45,2.45,0.9,0.9,1,1
1,2026-08-03 05:18:50.718012,1785734330,2484,5.31226851851854,5.31226851851854,2.45,2.45,0.81,0.81,1,1
1,2026-08-03 05:18:51.756740,1785734331,2485,5.26689814814817,5.26689814814817,2.45,2.45,0.72,0.72,1,1
1,2026-08-03 05:18:52.762439,1785734332,2486,5.23287037037039,5.23287037037039,2.45,2.45,0.63,0.63,1,1
1,2026-08-03 05:18:53.765529,1785734333,2487,5.18750000000002,5.18750000000002,2.45,2.45,0.54,0.54,1,1
1,2026-08-03 05:18:54.770791,1785734334,2488,5.14212962962965,5.14212962962965,2.45,2.45,0.45,0.45,1,1
1,2026-08-03 05:18:55.780753,1785734335,2489,5.09675925925927,5.09675925925927,2.45,2.45,0.36,0.36,1,1
1,2026-08-03 05:18:56.811143,1785734336,2490,5.0627314814815,5.0627314814815,2.45,2.45,0.27,0.27,1,1
1,2026-08-03 05:18:57.819109,1785734337,2491,5.01736111111112,5.01736111111112,2.45,2.45,0.18,0.18,1,1
1,2026-08-03 05:18:58.847106,1785734338,2492,4.98333333333335,4.98333333333335,2.45,2.45,0.09,0.09,1,1
1,2026-08-03 05:18:59.849948,1785734339,2493,4.93796296296298,4.93796296296298,2.45,2.45,0.9,0.9,1,1
1,2026-08-03 05:19:00.851756,1785734340,2494,4.8925925925926,4.8925925925926,2.45,2.45,0.81,0.81,1,1
1,2026-08-03 05:19:01.855685,1785734341,2495,4.84722222222223,4.84722222222223,2.45,2.45,0.72,0.72,1,1
1,2026-08-03 05:19:02.861813,1785734342,2496,4.80185185185186,4.80185185185186,2.45,2.45,0.63,0.63,1,1
1,2026-08-03 05:19:03.865011,1785734343,2497,4.76782407407408,4.76782407407408,2.45,2.45,0.54,0.54,1,1
1,2026-08-03 05:19:04.867755,1785734344,2498,4.72245370370371,4.72245370370371,2.45,2.45,0.45,0.45,1,1
1,2026-08-03 05:19:05.873982,1785734345,2499,4.67708333333334,4.67708333333334,2.45,2.45,0.36,0.36,1,1
1,2026-08-03 05:19:06.875745,1785734346,2500,4.63171296296297,4.63171296296297,2.45,2.45,0.27,0.27,1,1
1,2026-08-03 05:19:07.885792,1785734347,2501,4.59768518518519,4.59768518518519,2.45,2.45,0.18,0.18,1,1
1,2026-08-03 05:19:09.497733,1785734349,2502,4.55231481481482,4.55231481481482,2.45,2.45,0.09,0.09,1,1
1,2026-08-03 05:19:10.500802,1785734350,2503,4.50694444444445,4.50694444444445,2.45,2.45,0.9,0.9,1,1
1,2026-08-03 05:19:11.532468,1785734351,2504,4.47291666666667,4.47291666666667,2.45,2.45,0.81,0.81,1,1
1,2026-08-03 05:19:12.541602,1785734352,2505,4.4275462962963,4.4275462962963,2.45,2.45,0.72,0.72,1,1
1,2026-08-03 05:19:13.543268,1785734353,2506,4.38217592592593,4.38217592592593,2.45,2.45,0.63,0.63,1,1
1,2026-08-03 05:19:14.546738,1785734354,2507,4.34814814814815,4.34814814814815,2.45,2.45,0.54,0.54,1,1
1,2026-08-03 05:19:15.549674,1785734355,2508,4.30277777777778,4.30277777777778,2.45,2.45,0.45,0.45,1,1
1,2026-08-03 05:19:16.554413,1785734356,2509,4.25740740740741,4.25740740740741,2.45,2.45,0.36,0.36,1,1
1,2026-08-03 05:19:17.556392,1785734357,2510,4.21203703703704,4.21203703703704,2.45,2.45,0.27,0.27,1,1
1,2026-08-03 05:19:18.557447,1785734358,2511,4.17800925925926,4.17800925925926,2.45,2.45,0.18,0.18,1,1
1,2026-08-03 05:19:19.560311,1785734359,2512,4.13263888888889,4.13263888888889,2.45,2.45,0.09,0.09,1,1
1,2026-08-03 05:19:20.562223,1785734360,2513,4.08726851851852,4.08726851851852,2.45,2.45,0.9,0.9,1,1
1,2026-08-03 05:19:21.568938,1785734361,2514,4.05324074074074,4.05324074074074,2.45,2.45,0.81,0.81,1,1
1,2026-08-03 05:19:22.571013,1785734362,2515,4.00787037037037,4.00787037037037,2.45,2.45,0.72,0.72,1,1
1,2026-08-03 05:19:23.594910,1785734363,2516,4.157,4.157,2.45,2.45,0.63,0.63,1,1
1,2026-08-03 05:19:24.605917,1785734364,2517,3.92847222222222,3.92847222222222,2.45,2.45,0.54,0.54,1,1
1,2026-08-03 05:19:25.608176,1785734365,2518,3.88310185185185,3.88310185185185,2.45,2.45,0.45,0.45,1,1
1,2026-08-03 05:19:26.623002,1785734366,2519,3.83773148148148,3.83773148148148,2.45,2.45,0.36,0.36,1,1
1,2026-08-03 05:19:27.624957,1785734367,2520,3.8037037037037,3.8037037037037,2.45,2.45,0.27,0.27,1,1
1,2026-08-03 05:19:28.631675,1785734368,2521,3.75833333333333,3.75833333333333,2.45,2.45,0.18,0.18,1,1
1,2026-08-03 05:19:29.632455,1785734369,2522,3.71296296296296,3.71296296296296,2.45,2.45,0.09,0.09,1,1
1,2026-08-03 05:19:30.634523,1785734370,2523,3.66759259259259,3.66759259259259,2.45,2.45,0.9,0.9,1,1
1,2026-08-03 05:19:31.649285,1785734371,2524,5.259,5.259,2.45,2.45,0.81,0.81,1,1
1,2026-08-03 05:19:32.651201,1785734372,2525,3.58819444444444,3.58819444444444,2.45,2.45,0.72,0.72,1,1
1,2026-08-03 05:19:33.662034,1785734373,2526,3.54282407407407,3.54282407407407,2.45,2.45,0.63,0.63,1,1
1,2026-08-03 05:19:34.663448,1785734374,2527,3.606,3.606,2.45,2.45,0.54,0.54,1,1
1,2026-08-03 05:19:35.712221,1785734375,2528,3.46342592592592,3.46342592592592,2.45,2.45,0.45,0.45,1,1
1,2026-08-03 05:19:36.727095,1785734376,2529,3.41805555555555,3.41805555555555,2.45,2.45,0.36,0.36,1,1
1,2026-08-03 05:19:37.729244,1785734377,2530,3.37268518518518,3.37268518518518,2.45,2.45,0.27,0.27,1,1
1,2026-08-03 05:19:38.745431,1785734378,2531,1.402,1.402,2.45,2.45,0.18,0.18,1,1
1,2026-08-03 05:19:39.746658,1785734379,2532,3.29328703703703,3.29328703703703,2.45,2.45,0.09,0.09,1,1
1,2026-08-03 05:19:40.767395,1785734380,2533,3.24791666666666,3.24791666666666,2.45,2.45,0.9,0.9,1,1
1,2026-08-03 05:19:42.335955,1785734382,2534,5.259,5.259,2.45,2.45,0.81,0.81,1,1
1,2026-08-03 05:19:43.341374,1785734383,2535,3.16851851851851,3.16851851851851,2.45,2.45,0.72,0.72,1,1
1,2026-08-03 05:19:44.352668,1785734384,2536,3.12314814814814,3.12314814814814,2.45,2.45,0.63,0.63,1,1
1,2026-08-03 05:19:45.363673,1785734385,2537,3.07777777777777,3.07777777777777,2.45,2.45,0.54,0.54,1,1
1,2026-08-03 05:19:46.377473,1785734386,2538,3.055,3.055,2.45,2.45,0.45,0.45,1,1
1,2026-08-03 05:19:47.379030,1785734387,2539,2.504,2.504,2.45,2.45,0.36,0.36,1,1
1,2026-08-03 05:19:48.380525,1785734388,2540,1.953,1.953,2.45,2.45,0.27,0.27,1,1
1,2026-08-03 05:19:49.394557,1785734389,2541,1.402,1.402,2.45,2.45,0.18,0.18,1,1
1,2026-08-03 05:19:50.402183,1785734390,2542,0.851,0.851,2.45,2.45,0.09,0.09,1,1
1,2026-08-03 05:19:51.405688,1785734391,2543,5.81,5.81,2.45,2.45,0.9,0.9,1,1
1,2026-08-03 05:19:52.407559,1785734392,2544,5.259,5.259,2.45,2.45,0.81,0.81,1,1
1,2026-08-03 05:19:53.473053,1785734393,2545,4.708,4.708,2.45,2.45,0.72,0.72,1,1
1,2026-08-03 05:19:54.475888,1785734394,2546,4.157,4.157,2.45,2.45,0.63,0.63,1,1
1,2026-08-03 05:19:55.509549,1785734395,2547,2.65810185185184,2.65810185185184,2.45,2.45,0.54,0.54,1,1
1,2026-08-03 05:19:56.512629,1785734396,2548,2.61273148148146,2.61273148148146,2.45,2.45,0.45,0.45,1,1
1,2026-08-03 05:19:57.541742,1785734397,2549,2.56736111111109,2.56736111111109,2.45,2.45,0.36,0.36,1,1
1,2026-08-03 05:19:58.558504,1785734398,2550,2.53333333333332,2.53333333333332,2.45,2.45,0.27,0.27,1,1
1,2026-08-03 05:19:59.589112,1785734399,2551,1.402,1.402,2.45,2.45,0.18,0.18,1,1
1,2026-08-03 05:20:00.609421,1785734400,2552,2.44259259259257,2.44259259259257,2.45,2.45,0.09,0.09,1,1
1,2026-08-03 05:20:01.611290,1785734401,2553,5.81,5.81,2.45,2.45,0.9,0.9,1,1
1,2026-08-03 05:20:02.688617,1785734402,2554,2.35185185185183,2.35185185185183,2.45,2.45,0.81,0.81,1,1
1,2026-08-03 05:20:03.695252,1785734403,2555,4.708,4.708,2.45,2.45,0.72,0.72,1,1
1,2026-08-03 05:20:04.711560,1785734404,2556,2.27245370370368,2.27245370370368,2.45,2.45,0.63,0.63,1,1
1,2026-08-03 05:20:05.713565,1785734405,2557,3.606,3.606,2.45,2.45,0.54,0.54,1,1
1,2026-08-03 05:20:06.726526,1785734406,2558,3.055,3.055,2.45,2.45,0.45,0.45,1,1
1,2026-08-03 05:20:07.747773,1785734407,2559,2.504,2.504,2.45,2.45,0.36,0.36,1,1
1,2026-08-03 05:20:08.748607,1785734408,2560,1.953,1.953,2.45,2.45,0.27,0.27,1,1
1,2026-08-03 05:20:09.818326,1785734409,2561,2.06828703703701,2.06828703703701,2.45,2.45,0.18,0.18,1,1
1,2026-08-03 05:20:10.819767,1785734410,2562,0.851,0.851,2.45,2.45,0.09,0.09,1,1
1,2026-08-03 05:20:11.821731,1785734411,2563,5.81,5.81,2.45,2.45,0.9,0.9,1,1
1,2026-08-03 05:20:12.834366,1785734412,2564,1.9321759259259,1.9321759259259,2.45,2.45,0.81,0.81,1,1
1,2026-08-03 05:20:13.844813,1785734413,2565,1.88680555555553,1.88680555555553,2.45,2.45,0.72,0.72,1,1
1,2026-08-03 05:20:15.412184,1785734415,2566,1.84143518518516,1.84143518518516,2.45,2.45,0.63,0.63,1,1
1,2026-08-03 05:20:16.414140,1785734416,2567,3.606,3.606,2.45,2.45,0.54,0.54,1,1
1,2026-08-03 05:20:17.428661,1785734417,2568,3.055,3.055,2.45,2.45,0.45,0.45,1,1
1,2026-08-03 05:20:18.440525,1785734418,2569,2.504,2.504,2.45,2.45,0.36,0.36,1,1
1,2026-08-03 05:20:19.442034,1785734419,2570,1.68263888888886,1.68263888888886,2.45,2.45,0.27,0.27,1,1
1,2026-08-03 05:20:20.497259,1785734420,2571,1.63726851851849,1.63726851851849,2.45,2.45,0.18,0.18,1,1
1,2026-08-03 05:20:21.523681,1785734421,2572,0.851,0.851,2.45,2.45,0.09,0.09,1,1
1,2026-08-03 05:20:22.553652,1785734422,2573,5.81,5.81,2.45,2.45,0.9,0.9,1,1
1,2026-08-03 05:20:23.583141,1785734423,2574,5.259,5.259,2.45,2.45,0.81,0.81,1,1
1,2026-08-03 05:20:24.628561,1785734424,2575,4.708,4.708,2.45,2.45,0.72,0.72,1,1
1,2026-08-03 05:20:25.630231,1785734425,2576,4.157,4.157,2.45,2.45,0.63,0.63,1,1
1,2026-08-03 05:20:26.691804,1785734426,2577,3.606,3.606,2.45,2.45,0.54,0.54,1,1
1,2026-08-03 05:20:27.697458,1785734427,2578,3.055,3.055,2.45,2.45,0.45,0.45,1,1
1,2026-08-03 05:20:28.707571,1785734428,2579,2.504,2.504,2.45,2.45,0.36,0.36,1,1
1,2026-08-03 05:20:29.734366,1785734429,2580,1.953,1.953,2.45,2.45,0.27,0.27,1,1
1,2026-08-03 05:20:30.741612,1785734430,2581,1.402,1.402,2.45,2.45,0.18,0.18,1,1
1,2026-08-03 05:20:31.763759,1785734431,2582,0.851,0.851,2.45,2.45,0.18,0.18,1,1
1,2026-08-03 05:20:32.776614,1785734432,2583,5.81,5.81,2.45,2.45,0.09,0.09,1,1
1,2026-08-03 05:20:33.782609,1785734433,2584,5.259,5.259,2.45,2.45,0.9,0.9,1,1
1,2026-08-03 05:20:34.844953,1785734434,2585,1.04745370370367,1.04745370370367,2.45,2.45,0.72,0.72,1,1
1,2026-08-03 05:20:35.856198,1785734435,2586,4.157,4.157,2.45,2.45,0.63,0.63,1,1
1,2026-08-03 05:20:36.858080,1785734436,2587,3.606,3.606,2.45,2.45,0.54,0.54,1,1
1,2026-08-03 05:20:37.862957,1785734437,2588,3.055,3.055,2.45,2.45,0.45,0.45,1,1
1,2026-08-03 05:20:38.886800,1785734438,2589,0.877314814814778,0.877314814814778,2.45,2.45,0.36,0.36,1,1
1,2026-08-03 05:20:39.910496,1785734439,2590,0.831944444444408,0.831944444444408,2.45,2.45,0.27,0.27,1,1
1,2026-08-03 05:20:40.915996,1785734440,2591,1.402,1.402,2.45,2.45,0.27,0.27,1,1
1,2026-08-03 05:20:41.943853,1785734441,2592,0.75254629629626,0.75254629629626,2.45,2.45,0.18,0.18,1,1
1,2026-08-03 05:20:42.956506,1785734442,2593,5.81,5.81,2.45,2.45,0.09,0.09,1,1
1,2026-08-03 05:20:43.982281,1785734443,2594,5.259,5.259,2.45,2.45,0.9,0.9,1,1
1,2026-08-03 05:20:44.990537,1785734444,2595,4.708,4.708,2.45,2.45,0.81,0.81,1,1
1,2026-08-03 05:20:46.020465,1785734446,2596,4.157,4.157,2.45,2.45,0.72,0.72,1,1
1,2026-08-03 05:20:47.560913,1785734447,2597,3.606,3.606,2.45,2.45,0.63,0.63,1,1
1,2026-08-03 05:20:48.562844,1785734448,2598,3.055,3.055,2.45,2.45,0.54,0.54,1,1
1,2026-08-03 05:20:49.586229,1785734449,2599,0.44629629629626,0.44629629629626,2.45,2.45,0.45,0.45,1,1
1,2026-08-03 05:20:50.615952,1785734450,2600,0.412268518518482,0.412268518518482,2.45,2.45,0.36,0.36,1,1
1,2026-08-03 05:20:51.644085,1785734451,2601,1.402,1.402,2.45,2.45,0.27,0.27,1,1
1,2026-08-03 05:20:52.669836,1785734452,2602,0.851,0.851,2.45,2.45,0.18,0.18,1,1
1,2026-08-03 05:20:53.675178,1785734453,2603,5.81,5.81,2.45,2.45,0.09,0.09,1,1
1,2026-08-03 05:20:54.707290,1785734454,2604,5.259,5.259,2.45,2.45,0.81,0.81,1,1
1,2026-08-03 05:20:55.718370,1785734455,2605,4.708,4.708,2.45,2.45,0.72,0.72,1,1
1,2026-08-03 05:20:56.721273,1785734456,2606,4.157,4.157,2.45,2.45,0.72,0.72,1,1
1,2026-08-03 05:20:57.748152,1785734457,2607,5.72060185185185,5.72060185185185,2.45,2.45,0.63,0.63,1,1
1,2026-08-03 05:20:58.785536,1785734458,2608,3.055,3.055,2.45,2.45,0.45,0.45,1,1
1,2026-08-03 05:20:59.796120,1785734459,2609,2.504,2.504,2.45,2.45,0.36,0.36,1,1
1,2026-08-03 05:21:00.878619,1785734460,2610,5.58449074074075,5.58449074074075,2.45,2.45,0.27,0.27,1,1
1,2026-08-03 05:21:01.975827,1785734461,2611,1.402,1.402,2.45,2.45,0.18,0.18,1,1
1,2026-08-03 05:21:02.992497,1785734462,2612,5.49375000000001,5.49375000000001,2.45,2.45,0.09,0.09,1,1
1,2026-08-03 05:21:03.997055,1785734463,2613,5.44837962962964,5.44837962962964,2.45,2.45,0.9,0.9,1,1
1,2026-08-03 05:21:05.024887,1785734465,2614,5.259,5.259,2.45,2.45,0.81,0.81,1,1
1,2026-08-03 05:21:06.035992,1785734466,2615,4.708,4.708,2.45,2.45,0.72,0.72,1,1
1,2026-08-03 05:21:07.056033,1785734467,2616,5.32361111111113,5.32361111111113,2.45,2.45,0.63,0.63,1,1
1,2026-08-03 05:21:08.058218,1785734468,2617,5.27824074074076,5.27824074074076,2.45,2.45,0.54,0.54,1,1
1,2026-08-03 05:21:09.072198,1785734469,2618,3.055,3.055,2.45,2.45,0.45,0.45,1,1
1,2026-08-03 05:21:10.075242,1785734470,2619,2.504,2.504,2.45,2.45,0.36,0.36,1,1
1,2026-08-03 05:21:11.095084,1785734471,2620,5.15347222222224,5.15347222222224,2.45,2.45,0.27,0.27,1,1
1,2026-08-03 05:21:12.105487,1785734472,2621,5.10810185185187,5.10810185185187,2.45,2.45,0.18,0.18,1,1
1,2026-08-03 05:21:13.148461,1785734473,2622,0.851,0.851,2.45,2.45,0.09,0.09,1,1
1,2026-08-03 05:21:14.158818,1785734474,2623,5.81,5.81,2.45,2.45,0.9,0.9,1,1
1,2026-08-03 05:21:15.196586,1785734475,2624,5.259,5.259,2.45,2.45,0.81,0.81,1,1
1,2026-08-03 05:21:16.214960,1785734476,2625,4.93796296296298,4.93796296296298,2.45,2.45,0.72,0.72,1,1
1,2026-08-03 05:21:17.236884,1785734477,2626,4.157,4.157,2.45,2.45,0.63,0.63,1,1
1,2026-08-03 05:21:18.277916,1785734478,2627,3.606,3.606,2.45,2.45,0.54,0.54,1,1
1,2026-08-03 05:21:19.288152,1785734479,2628,3.055,3.055,2.45,2.45,0.45,0.45,1,1
1,2026-08-03 05:21:20.830954,1785734480,2629,4.76782407407408,4.76782407407408,2.45,2.45,0.36,0.36,1,1
1,2026-08-03 05:21:21.869824,1785734481,2630,4.73379629629631,4.73379629629631,2.45,2.45,0.27,0.27,1,1
1,2026-08-03 05:21:22.871809,1785734482,2631,4.68842592592594,4.68842592592594,2.45,2.45,0.18,0.18,1,1
1,2026-08-03 05:21:23.906591,1785734483,2632,0.851,0.851,2.45,2.45,0.09,0.09,1,1
1,2026-08-03 05:21:24.911335,1785734484,2633,4.59768518518519,4.59768518518519,2.45,2.45,0.9,0.9,1,1
1,2026-08-03 05:21:25.940942,1785734485,2634,4.56365740740742,4.56365740740742,2.45,2.45,0.81,0.81,1,1
1,2026-08-03 05:21:26.967409,1785734486,2635,4.51828703703704,4.51828703703704,2.45,2.45,0.72,0.72,1,1
1,2026-08-03 05:21:27.986981,1785734487,2636,4.157,4.157,2.45,2.45,0.63,0.63,1,1
1,2026-08-03 05:21:28.992842,1785734488,2637,3.606,3.606,2.45,2.45,0.54,0.54,1,1
1,2026-08-03 05:21:30.021644,1785734490,2638,3.055,3.055,2.45,2.45,0.45,0.45,1,1
1,2026-08-03 05:21:31.033694,1785734491,2639,2.504,2.504,2.45,2.45,0.45,0.45,1,1
1,2026-08-03 05:21:32.091771,1785734492,2640,4.31412037037038,4.31412037037038,2.45,2.45,0.36,0.36,1,1
1,2026-08-03 05:21:33.092736,1785734493,2641,1.402,1.402,2.45,2.45,0.27,0.27,1,1
1,2026-08-03 05:21:34.118759,1785734494,2642,0.851,0.851,2.45,2.45,0.18,0.18,1,1
1,2026-08-03 05:21:35.128815,1785734495,2643,5.81,5.81,2.45,2.45,0.09,0.09,1,1
1,2026-08-03 05:21:36.149876,1785734496,2644,5.259,5.259,2.45,2.45,0.9,0.9,1,1
1,2026-08-03 05:21:37.159729,1785734497,2645,4.708,4.708,2.45,2.45,0.81,0.81,1,1
1,2026-08-03 05:21:38.169301,1785734498,2646,4.06458333333333,4.06458333333333,2.45,2.45,0.72,0.72,1,1
1,2026-08-03 05:21:39.194920,1785734499,2647,3.606,3.606,2.45,2.45,0.63,0.63,1,1
1,2026-08-03 05:21:40.219579,1785734500,2648,3.055,3.055,2.45,2.45,0.54,0.54,1,1
1,2026-08-03 05:21:41.230974,1785734501,2649,2.504,2.504,2.45,2.45,0.45,0.45,1,1
1,2026-08-03 05:21:42.246072,1785734502,2650,1.953,1.953,2.45,2.45,0.36,0.36,1,1
1,2026-08-03 05:21:43.283603,1785734503,2651,1.402,1.402,2.45,2.45,0.27,0.27,1,1
1,2026-08-03 05:21:44.298337,1785734504,2652,0.851,0.851,2.45,2.45,0.18,0.18,1,1
1,2026-08-03 05:21:45.322654,1785734505,2653,3.76967592592592,3.76967592592592,2.45,2.45,0.09,0.09,1,1
1,2026-08-03 05:21:46.350337,1785734506,2654,5.259,5.259,2.45,2.45,0.9,0.9,1,1
1,2026-08-03 05:21:47.365924,1785734507,2655,4.708,4.708,2.45,2.45,0.81,0.81,1,1
1,2026-08-03 05:21:48.376951,1785734508,2656,4.157,4.157,2.45,2.45,0.72,0.72,1,1
1,2026-08-03 05:21:49.418840,1785734509,2657,3.59953703703703,3.59953703703703,2.45,2.45,0.63,0.63,1,1
1,2026-08-03 05:21:50.425447,1785734510,2658,3.055,3.055,2.45,2.45,0.54,0.54,1,1
1,2026-08-03 05:21:51.454877,1785734511,2659,2.504,2.504,2.45,2.45,0.45,0.45,1,1
1,2026-08-03 05:21:52.461673,1785734512,2660,1.953,1.953,2.45,2.45,0.36,0.36,1,1
1,2026-08-03 05:21:54.001986,1785734514,2661,1.402,1.402,2.45,2.45,0.27,0.27,1,1
1,2026-08-03 05:21:55.022745,1785734515,2662,3.38402777777777,3.38402777777777,2.45,2.45,0.18,0.18,1,1
1,2026-08-03 05:21:56.030877,1785734516,2663,5.81,5.81,2.45,2.45,0.09,0.09,1,1
1,2026-08-03 05:21:57.077837,1785734517,2664,5.259,5.259,2.45,2.45,0.9,0.9,1,1
1,2026-08-03 05:21:58.080426,1785734518,2665,4.708,4.708,2.45,2.45,0.81,0.81,1,1
1,2026-08-03 05:21:59.081928,1785734519,2666,4.157,4.157,2.45,2.45,0.72,0.72,1,1
1,2026-08-03 05:22:00.119049,1785734520,2667,3.15717592592592,3.15717592592592,2.45,2.45,0.63,0.63,1,1
1,2026-08-03 05:22:01.146256,1785734521,2668,3.055,3.055,2.45,2.45,0.54,0.54,1,1
1,2026-08-03 05:22:02.169942,1785734522,2669,2.504,2.504,2.45,2.45,0.45,0.45,1,1
1,2026-08-03 05:22:03.176155,1785734523,2670,1.953,1.953,2.45,2.45,0.36,0.36,1,1
1,2026-08-03 05:22:04.193244,1785734524,2671,1.402,1.402,2.45,2.45,0.27,0.27,1,1
1,2026-08-03 05:22:05.213750,1785734525,2672,0.851,0.851,2.45,2.45,0.18,0.18,1,1
1,2026-08-03 05:22:06.224834,1785734526,2673,5.81,5.81,2.45,2.45,0.09,0.09,1,1
1,2026-08-03 05:22:07.237191,1785734527,2674,5.259,5.259,2.45,2.45,0.9,0.9,1,1
1,2026-08-03 05:22:08.266612,1785734528,2675,4.708,4.708,2.45,2.45,0.81,0.81,1,1
1,2026-08-03 05:22:09.293575,1785734529,2676,4.157,4.157,2.45,2.45,0.72,0.72,1,1
1,2026-08-03 05:22:10.314453,1785734530,2677,3.606,3.606,2.45,2.45,0.63,0.63,1,1
1,2026-08-03 05:22:11.336040,1785734531,2678,3.055,3.055,2.45,2.45,0.54,0.54,1,1
1,2026-08-03 05:22:12.366827,1785734532,2679,2.65810185185184,2.65810185185184,2.45,2.45,0.45,0.45,1,1
1,2026-08-03 05:22:13.371536,1785734533,2680,2.61273148148146,2.61273148148146,2.45,2.45,0.36,0.36,1,1
1,2026-08-03 05:22:14.403182,1785734534,2681,1.402,1.402,2.45,2.45,0.27,0.27,1,1
1,2026-08-03 05:22:15.429771,1785734535,2682,0.851,0.851,2.45,2.45,0.18,0.18,1,1
1,2026-08-03 05:22:16.441561,1785734536,2683,5.81,5.81,2.45,2.45,0.09,0.09,1,1
1,2026-08-03 05:22:17.451504,1785734537,2684,5.259,5.259,2.45,2.45,0.9,0.9,1,1
1,2026-08-03 05:22:18.490635,1785734538,2685,2.3972222222222,2.3972222222222,2.45,2.45,0.81,0.81,1,1
1,2026-08-03 05:22:19.494160,1785734539,2686,4.157,4.157,2.45,2.45,0.72,0.72,1,1
1,2026-08-03 05:22:20.501949,1785734540,2687,3.606,3.606,2.45,2.45,0.63,0.63,1,1
1,2026-08-03 05:22:21.524335,1785734541,2688,2.27245370370368,2.27245370370368,2.45,2.45,0.54,0.54,1,1
1,2026-08-03 05:22:22.538950,1785734542,2689,2.504,2.504,2.45,2.45,0.45,0.45,1,1
1,2026-08-03 05:22:23.586868,1785734543,2690,2.19305555555553,2.19305555555553,2.45,2.45,0.36,0.36,1,1
1,2026-08-03 05:22:24.598732,1785734544,2691,1.402,1.402,2.45,2.45,0.27,0.27,1,1
1,2026-08-03 05:22:25.612315,1785734545,2692,0.851,0.851,2.45,2.45,0.18,0.18,1,1
1,2026-08-03 05:22:27.157118,1785734547,2693,5.81,5.81,2.45,2.45,0.09,0.09,1,1
1,2026-08-03 05:22:28.180540,1785734548,2694,5.259,5.259,2.45,2.45,0.9,0.9,1,1
1,2026-08-03 05:22:29.191365,1785734549,2695,4.708,4.708,2.45,2.45,0.81,0.81,1,1
1,2026-08-03 05:22:30.236004,1785734550,2696,1.94351851851849,1.94351851851849,2.45,2.45,0.72,0.72,1,1
1,2026-08-03 05:22:31.242298,1785734551,2697,3.606,3.606,2.45,2.45,0.63,0.63,1,1
1,2026-08-03 05:22:32.252112,1785734552,2698,3.055,3.055,2.45,2.45,0.54,0.54,1,1
1,2026-08-03 05:22:33.262793,1785734553,2699,2.504,2.504,2.45,2.45,0.45,0.45,1,1
1,2026-08-03 05:22:34.274145,1785734554,2700,1.953,1.953,2.45,2.45,0.36,0.36,1,1
1,2026-08-03 05:22:35.285053,1785734555,2701,1.402,1.402,2.45,2.45,0.27,0.27,1,1
1,2026-08-03 05:22:36.292329,1785734556,2702,1.69398148148145,1.69398148148145,2.45,2.45,0.18,0.18,1,1
1,2026-08-03 05:22:37.294427,1785734557,2703,1.64861111111108,1.64861111111108,2.45,2.45,0.09,0.09,1,1
1,2026-08-03 05:22:38.297899,1785734558,2704,1.60324074074071,1.60324074074071,2.45,2.45,0.9,0.9,1,1
1,2026-08-03 05:22:39.299415,1785734559,2705,1.55787037037034,1.55787037037034,2.45,2.45,0.81,0.81,1,1
1,2026-08-03 05:22:40.311368,1785734560,2706,1.52384259259256,1.52384259259256,2.45,2.45,0.72,0.72,1,1
1,2026-08-03 05:22:41.322138,1785734561,2707,1.47847222222219,1.47847222222219,2.45,2.45,0.63,0.63,1,1
1,2026-08-03 05:22:42.325549,1785734562,2708,1.43310185185182,1.43310185185182,2.45,2.45,0.54,0.54,1,1
1,2026-08-03 05:22:43.369662,1785734563,2709,1.39907407407404,1.39907407407404,2.45,2.45,0.45,0.45,1,1
1,2026-08-03 05:22:44.381592,1785734564,2710,1.35370370370367,1.35370370370367,2.45,2.45,0.36,0.36,1,1
1,2026-08-03 05:22:45.393383,1785734565,2711,1.31967592592589,1.31967592592589,2.45,2.45,0.27,0.27,1,1
1,2026-08-03 05:22:46.396337,1785734566,2712,1.27430555555552,1.27430555555552,2.45,2.45,0.18,0.18,1,1
1,2026-08-03 05:22:47.402253,1785734567,2713,1.22893518518515,1.22893518518515,2.45,2.45,0.09,0.09,1,1
1,2026-08-03 05:22:48.403517,1785734568,2714,1.18356481481478,1.18356481481478,2.45,2.45,0.9,0.9,1,1
1,2026-08-03 05:22:49.410530,1785734569,2715,1.149537037037,1.149537037037,2.45,2.45,0.81,0.81,1,1
1,2026-08-03 05:22:50.414712,1785734570,2716,1.10416666666663,1.10416666666663,2.45,2.45,0.72,0.72,1,1
1,2026-08-03 05:22:51.435241,1785734571,2717,1.05879629629626,1.05879629629626,2.45,2.45,0.63,0.63,1,1
1,2026-08-03 05:22:52.438980,1785734572,2718,1.02476851851848,1.02476851851848,2.45,2.45,0.54,0.54,1,1
1,2026-08-03 05:22:53.442728,1785734573,2719,0.979398148148111,0.979398148148111,2.45,2.45,0.45,0.45,1,1
1,2026-08-03 05:22:54.458376,1785734574,2720,0.934027777777741,0.934027777777741,2.45,2.45,0.36,0.36,1,1
1,2026-08-03 05:22:55.461982,1785734575,2721,0.899999999999963,0.899999999999963,2.45,2.45,0.27,0.27,1,1
1,2026-08-03 05:22:56.464787,1785734576,2722,0.854629629629593,0.854629629629593,2.45,2.45,0.18,0.18,1,1
1,2026-08-03 05:22:57.472203,1785734577,2723,0.809259259259222,0.809259259259222,2.45,2.45,0.09,0.09,1,1
1,2026-08-03 05:22:58.493025,1785734578,2724,0.763888888888852,0.763888888888852,2.45,2.45,0.9,0.9,1,1
1,2026-08-03 05:23:00.010514,1785734580,2725,0.729861111111074,0.729861111111074,2.45,2.45,0.81,0.81,1,1
1,2026-08-03 05:23:01.012530,1785734581,2726,0.684490740740704,0.684490740740704,2.45,2.45,0.72,0.72,1,1
1,2026-08-03 05:23:02.014430,1785734582,2727,0.639120370370334,0.639120370370334,2.45,2.45,0.63,0.63,1,1
1,2026-08-03 05:23:03.027448,1785734583,2728,0.605092592592556,0.605092592592556,2.45,2.45,0.54,0.54,1,1
1,2026-08-03 05:23:04.030091,1785734584,2729,0.559722222222185,0.559722222222185,2.45,2.45,0.45,0.45,1,1
1,2026-08-03 05:23:05.031812,1785734585,2730,0.514351851851815,0.514351851851815,2.45,2.45,0.36,0.36,1,1
1,2026-08-03 05:23:06.039428,1785734586,2731,0.468981481481445,0.468981481481445,2.45,2.45,0.27,0.27,1,1
1,2026-08-03 05:23:07.042707,1785734587,2732,0.434953703703667,0.434953703703667,2.45,2.45,0.18,0.18,1,1
1,2026-08-03 05:23:08.064442,1785734588,2733,0.389583333333297,0.389583333333297,2.45,2.45,0.09,0.09,1,1
1,2026-08-03 05:23:09.082595,1785734589,2734,0.344212962962926,0.344212962962926,2.45,2.45,0.9,0.9,1,1
1,2026-08-03 05:23:10.084051,1785734590,2735,0.298842592592556,0.298842592592556,2.45,2.45,0.81,0.81,1,1
1,2026-08-03 05:23:11.094472,1785734591,2736,4.708,4.708,2.45,2.45,0.72,0.72,1,1
1,2026-08-03 05:23:12.105292,1785734592,2737,4.157,4.157,2.45,2.45,0.63,0.63,1,1
1,2026-08-03 05:23:13.110467,1785734593,2738,5.77731481481482,5.77731481481482,2.45,2.45,0.54,0.54,1,1
1,2026-08-03 05:23:14.148184,1785734594,2739,5.73194444444445,5.73194444444445,2.45,2.45,0.45,0.45,1,1
1,2026-08-03 05:23:15.158479,1785734595,2740,5.69791666666667,5.69791666666667,2.45,2.45,0.36,0.36,1,1
1,2026-08-03 05:23:16.170406,1785734596,2741,5.6525462962963,5.6525462962963,2.45,2.45,0.27,0.27,1,1
1,2026-08-03 05:23:17.176266,1785734597,2742,5.60717592592593,5.60717592592593,2.45,2.45,0.18,0.18,1,1
1,2026-08-03 05:23:18.187406,1785734598,2743,5.56180555555556,5.56180555555556,2.45,2.45,0.09,0.09,1,1
1,2026-08-03 05:23:19.209014,1785734599,2744,5.52777777777779,5.52777777777779,2.45,2.45,0.9,0.9,1,1
1,2026-08-03 05:23:20.213972,1785734600,2745,5.48240740740742,5.48240740740742,2.45,2.45,0.81,0.81,1,1
1,2026-08-03 05:23:21.224855,1785734601,2746,5.44837962962964,5.44837962962964,2.45,2.45,0.72,0.72,1,1
1,2026-08-03 05:23:22.247641,1785734602,2747,5.40300925925927,5.40300925925927,2.45,2.45,0.63,0.63,1,1
1,2026-08-03 05:23:23.249092,1785734603,2748,5.3689814814815,5.3689814814815,2.45,2.45,0.54,0.54,1,1
1,2026-08-03 05:23:24.255108,1785734604,2749,5.32361111111113,5.32361111111113,2.45,2.45,0.45,0.45,1,1
1,2026-08-03 05:23:25.265715,1785734605,2750,5.27824074074076,5.27824074074076,2.45,2.45,0.36,0.36,1,1
1,2026-08-03 05:23:26.306252,1785734606,2751,5.24421296296298,5.24421296296298,2.45,2.45,0.27,0.27,1,1
1,2026-08-03 05:23:27.310497,1785734607,2752,5.19884259259261,5.19884259259261,2.45,2.45,0.18,0.18,1,1
1,2026-08-03 05:23:28.345649,1785734608,2753,5.15347222222224,5.15347222222224,2.45,2.45,0.09,0.09,1,1
1,2026-08-03 05:23:29.369500,1785734609,2754,5.10810185185187,5.10810185185187,2.45,2.45,0.9,0.9,1,1
1,2026-08-03 05:23:30.372425,1785734610,2755,5.0627314814815,5.0627314814815,2.45,2.45,0.81,0.81,1,1
1,2026-08-03 05:23:31.378974,1785734611,2756,5.02870370370372,5.02870370370372,2.45,2.45,0.72,0.72,1,1
1,2026-08-03 05:23:32.909770,1785734612,2757,4.98333333333335,4.98333333333335,2.45,2.45,0.63,0.63,1,1
1,2026-08-03 05:23:33.921001,1785734613,2758,4.93796296296298,4.93796296296298,2.45,2.45,0.54,0.54,1,1
1,2026-08-03 05:23:34.927074,1785734614,2759,4.8925925925926,4.8925925925926,2.45,2.45,0.45,0.45,1,1
1,2026-08-03 05:23:35.937601,1785734615,2760,4.84722222222223,4.84722222222223,2.45,2.45,0.36,0.36,1,1
1,2026-08-03 05:23:36.964972,1785734616,2761,1.953,1.953,2.45,2.45,0.27,0.27,1,1
1,2026-08-03 05:23:37.976005,1785734617,2762,4.76782407407408,4.76782407407408,2.45,2.45,0.18,0.18,1,1
1,2026-08-03 05:23:38.987338,1785734618,2763,4.72245370370371,4.72245370370371,2.45,2.45,0.09,0.09,1,1
1,2026-08-03 05:23:40.000144,1785734620,2764,4.67708333333334,4.67708333333334,2.45,2.45,0.9,0.9,1,1
1,2026-08-03 05:23:41.005410,1785734621,2765,4.63171296296297,4.63171296296297,2.45,2.45,0.81,0.81,1,1
1,2026-08-03 05:23:42.036224,1785734622,2766,4.708,4.708,2.45,2.45,0.72,0.72,1,1
1,2026-08-03 05:23:43.039882,1785734623,2767,4.55231481481482,4.55231481481482,2.45,2.45,0.63,0.63,1,1
1,2026-08-03 05:23:44.051849,1785734624,2768,4.50694444444445,4.50694444444445,2.45,2.45,0.54,0.54,1,1
1,2026-08-03 05:23:45.063852,1785734625,2769,4.46157407407408,4.46157407407408,2.45,2.45,0.45,0.45,1,1
1,2026-08-03 05:23:46.082996,1785734626,2770,2.504,2.504,2.45,2.45,0.36,0.36,1,1
1,2026-08-03 05:23:47.192882,1785734627,2771,4.38217592592593,4.38217592592593,2.45,2.45,0.27,0.27,1,1
1,2026-08-03 05:23:48.204600,1785734628,2772,4.33680555555556,4.33680555555556,2.45,2.45,0.18,0.18,1,1
1,2026-08-03 05:23:49.206348,1785734629,2773,4.30277777777778,4.30277777777778,2.45,2.45,0.09,0.09,1,1
1,2026-08-03 05:23:50.207278,1785734630,2774,4.25740740740741,4.25740740740741,2.45,2.45,0.9,0.9,1,1
1,2026-08-03 05:23:51.213112,1785734631,2775,5.259,5.259,2.45,2.45,0.81,0.81,1,1
1,2026-08-03 05:23:52.248276,1785734632,2776,4.17800925925926,4.17800925925926,2.45,2.45,0.72,0.72,1,1
1,2026-08-03 05:23:53.260246,1785734633,2777,4.13263888888889,4.13263888888889,2.45,2.45,0.63,0.63,1,1
1,2026-08-03 05:23:54.316355,1785734634,2778,3.606,3.606,2.45,2.45,0.54,0.54,1,1
1,2026-08-03 05:23:55.328065,1785734635,2779,4.05324074074074,4.05324074074074,2.45,2.45,0.54,0.54,1,1
1,2026-08-03 05:23:56.369303,1785734636,2780,4.01921296296296,4.01921296296296,2.45,2.45,0.36,0.36,1,1
1,2026-08-03 05:23:57.370380,1785734637,2781,3.97384259259259,3.97384259259259,2.45,2.45,0.27,0.27,1,1
1,2026-08-03 05:23:58.441458,1785734638,2782,3.92847222222222,3.92847222222222,2.45,2.45,0.18,0.18,1,1
1,2026-08-03 05:23:59.449714,1785734639,2783,3.88310185185185,3.88310185185185,2.45,2.45,0.09,0.09,1,1
1,2026-08-03 05:24:00.461081,1785734640,2784,3.83773148148148,3.83773148148148,2.45,2.45,0.9,0.9,1,1
1,2026-08-03 05:24:01.501279,1785734641,2785,3.8037037037037,3.8037037037037,2.45,2.45,0.81,0.81,1,1
1,2026-08-03 05:24:02.706940,1785734642,2786,3.75833333333333,3.75833333333333,2.45,2.45,0.72,0.72,1,1
1,2026-08-03 05:24:03.847600,1785734643,2787,3.70162037037037,3.70162037037037,2.45,2.45,0.63,0.63,1,1
1,2026-08-03 05:24:04.856756,1785734644,2788,3.65625,3.65625,2.45,2.45,0.54,0.54,1,1
1,2026-08-03 05:24:06.387417,1785734646,2789,3.61087962962963,3.61087962962963,2.45,2.45,0.45,0.45,1,1
1,2026-08-03 05:24:07.389335,1785734647,2790,3.57685185185185,3.57685185185185,2.45,2.45,0.36,0.36,1,1
1,2026-08-03 05:24:08.397516,1785734648,2791,3.53148148148148,3.53148148148148,2.45,2.45,0.27,0.27,1,1
1,2026-08-03 05:24:09.400402,1785734649,2792,3.48611111111111,3.48611111111111,2.45,2.45,0.18,0.18,1,1
1,2026-08-03 05:24:10.411568,1785734650,2793,3.44074074074073,3.44074074074073,2.45,2.45,0.09,0.09,1,1
1,2026-08-03 05:24:11.413543,1785734651,2794,3.40671296296296,3.40671296296296,2.45,2.45,0.9,0.9,1,1
1,2026-08-03 05:24:12.416868,1785734652,2795,3.36134259259259,3.36134259259259,2.45,2.45,0.81,0.81,1,1
1,2026-08-03 05:24:13.419757,1785734653,2796,3.31597222222221,3.31597222222221,2.45,2.45,0.72,0.72,1,1
1,2026-08-03 05:24:14.420649,1785734654,2797,3.27060185185184,3.27060185185184,2.45,2.45,0.63,0.63,1,1
1,2026-08-03 05:24:15.434749,1785734655,2798,3.23657407407407,3.23657407407407,2.45,2.45,0.54,0.54,1,1
1,2026-08-03 05:24:16.439980,1785734656,2799,3.19120370370369,3.19120370370369,2.45,2.45,0.45,0.45,1,1
1,2026-08-03 05:24:17.444122,1785734657,2800,3.14583333333332,3.14583333333332,2.45,2.45,0.36,0.36,1,1
1,2026-08-03 05:24:18.483510,1785734658,2801,3.10046296296295,3.10046296296295,2.45,2.45,0.27,0.27,1,1
1,2026-08-03 05:24:19.495524,1785734659,2802,3.06643518518517,3.06643518518517,2.45,2.45,0.18,0.18,1,1
1,2026-08-03 05:24:20.506407,1785734660,2803,3.0210648148148,3.0210648148148,2.45,2.45,0.09,0.09,1,1
1,2026-08-03 05:24:21.546885,1785734661,2804,2.97569444444443,2.97569444444443,2.45,2.45,0.9,0.9,1,1
1,2026-08-03 05:24:22.549128,1785734662,2805,2.94166666666665,2.94166666666665,2.45,2.45,0.81,0.81,1,1
1,2026-08-03 05:24:23.560702,1785734663,2806,2.89629629629628,2.89629629629628,2.45,2.45,0.81,0.81,1,1
1,2026-08-03 05:24:24.562981,1785734664,2807,2.8622685185185,2.8622685185185,2.45,2.45,0.72,0.72,1,1
1,2026-08-03 05:24:25.570116,1785734665,2808,2.81689814814813,2.81689814814813,2.45,2.45,0.63,0.63,1,1
1,2026-08-03 05:24:26.571873,1785734666,2809,2.77152777777776,2.77152777777776,2.45,2.45,0.54,0.54,1,1
1,2026-08-03 05:24:27.580626,1785734667,2810,2.73749999999998,2.73749999999998,2.45,2.45,0.45,0.45,1,1
1,2026-08-03 05:24:28.581626,1785734668,2811,2.69212962962961,2.69212962962961,2.45,2.45,0.36,0.36,1,1
1,2026-08-03 05:24:29.586983,1785734669,2812,2.64675925925924,2.64675925925924,2.45,2.45,0.27,0.27,1,1
1,2026-08-03 05:24:30.595649,1785734670,2813,2.60138888888887,2.60138888888887,2.45,2.45,0.18,0.18,1,1
1,2026-08-03 05:24:31.596639,1785734671,2814,2.56736111111109,2.56736111111109,2.45,2.45,0.09,0.09,1,1
1,2026-08-03 05:24:32.597603,1785734672,2815,2.52199074074072,2.52199074074072,2.45,2.45,0.9,0.9,1,1
1,2026-08-03 05:24:33.598997,1785734673,2816,2.47662037037035,2.47662037037035,2.45,2.45,0.81,0.81,1,1
1,2026-08-03 05:24:34.612702,1785734674,2817,2.44259259259257,2.44259259259257,2.45,2.45,0.72,0.72,1,1
1,2026-08-03 05:24:35.622184,1785734675,2818,2.3972222222222,2.3972222222222,2.45,2.45,0.63,0.63,1,1
1,2026-08-03 05:24:36.628634,1785734676,2819,2.35185185185183,2.35185185185183,2.45,2.45,0.54,0.54,1,1
1,2026-08-03 05:24:37.633496,1785734677,2820,2.30648148148146,2.30648148148146,2.45,2.45,0.45,0.45,1,1
1,2026-08-03 05:24:39.157487,1785734679,2821,2.26111111111109,2.26111111111109,2.45,2.45,0.36,0.36,1,1
1,2026-08-03 05:24:40.178066,1785734680,2822,2.22708333333331,2.22708333333331,2.45,2.45,0.27,0.27,1,1
1,2026-08-03 05:24:41.183908,1785734681,2823,2.18171296296294,2.18171296296294,2.45,2.45,0.18,0.18,1,1
1,2026-08-03 05:24:42.184933,1785734682,2824,2.13634259259257,2.13634259259257,2.45,2.45,0.09,0.09,1,1
1,2026-08-03 05:24:43.212694,1785734683,2825,5.259,5.259,2.45,2.45,0.9,0.9,1,1
1,2026-08-03 05:24:44.217250,1785734684,2826,2.05694444444442,2.05694444444442,2.45,2.45,0.81,0.81,1,1
1,2026-08-03 05:24:45.223388,1785734685,2827,2.01157407407405,2.01157407407405,2.45,2.45,0.72,0.72,1,1
1,2026-08-03 05:24:46.229466,1785734686,2828,1.96620370370368,1.96620370370368,2.45,2.45,0.63,0.63,1,1
1,2026-08-03 05:24:47.249077,1785734687,2829,1.92083333333331,1.92083333333331,2.45,2.45,0.54,0.54,1,1
1,2026-08-03 05:24:48.250466,1785734688,2830,2.504,2.504,2.45,2.45,0.45,0.45,1,1
1,2026-08-03 05:24:49.263136,1785734689,2831,1.953,1.953,2.45,2.45,0.36,0.36,1,1
1,2026-08-03 05:24:50.264924,1785734690,2832,1.79606481481479,1.79606481481479,2.45,2.45,0.27,0.27,1,1
1,2026-08-03 05:24:51.266403,1785734691,2833,0.851,0.851,2.45,2.45,0.18,0.18,1,1
1,2026-08-03 05:24:52.286274,1785734692,2834,5.81,5.81,2.45,2.45,0.09,0.09,1,1
1,2026-08-03 05:24:53.298560,1785734693,2835,5.259,5.259,2.45,2.45,0.9,0.9,1,1
1,2026-08-03 05:24:54.338355,1785734694,2836,4.708,4.708,2.45,2.45,0.81,0.81,1,1
1,2026-08-03 05:24:55.349916,1785734695,2837,4.157,4.157,2.45,2.45,0.72,0.72,1,1
1,2026-08-03 05:24:56.363469,1785734696,2838,3.606,3.606,2.45,2.45,0.63,0.63,1,1
1,2026-08-03 05:24:57.383216,1785734697,2839,3.055,3.055,2.45,2.45,0.54,0.54,1,1
1,2026-08-03 05:24:58.424784,1785734698,2840,1.45578703703701,1.45578703703701,2.45,2.45,0.45,0.45,1,1
1,2026-08-03 05:24:59.431063,1785734699,2841,1.953,1.953,2.45,2.45,0.36,0.36,1,1
1,2026-08-03 05:25:00.464484,1785734700,2842,1.37638888888886,1.37638888888886,2.45,2.45,0.27,0.27,1,1
1,2026-08-03 05:25:01.494739,1785734701,2843,0.851,0.851,2.45,2.45,0.18,0.18,1,1
1,2026-08-03 05:25:02.519184,1785734702,2844,5.81,5.81,2.45,2.45,0.09,0.09,1,1
1,2026-08-03 05:25:03.529800,1785734703,2845,5.259,5.259,2.45,2.45,0.9,0.9,1,1
1,2026-08-03 05:25:04.560884,1785734704,2846,4.708,4.708,2.45,2.45,0.81,0.81,1,1
1,2026-08-03 05:25:05.572536,1785734705,2847,4.157,4.157,2.45,2.45,0.72,0.72,1,1
1,2026-08-03 05:25:06.603717,1785734706,2848,1.12685185185182,1.12685185185182,2.45,2.45,0.63,0.63,1,1
1,2026-08-03 05:25:07.614948,1785734707,2849,3.055,3.055,2.45,2.45,0.54,0.54,1,1
1,2026-08-03 05:25:08.651644,1785734708,2850,1.05879629629626,1.05879629629626,2.45,2.45,0.45,0.45,1,1
1,2026-08-03 05:25:09.748528,1785734709,2851,1.953,1.953,2.45,2.45,0.36,0.36,1,1
1,2026-08-03 05:25:10.862143,1785734710,2852,1.402,1.402,2.45,2.45,0.27,0.27,1,1
1,2026-08-03 05:25:12.516907,1785734712,2853,0.922685185185148,0.922685185185148,2.45,2.45,0.18,0.18,1,1
1,2026-08-03 05:25:13.527632,1785734713,2854,5.81,5.81,2.45,2.45,0.09,0.09,1,1
1,2026-08-03 05:25:14.532971,1785734714,2855,5.259,5.259,2.45,2.45,0.9,0.9,1,1
1,2026-08-03 05:25:15.534813,1785734715,2856,4.708,4.708,2.45,2.45,0.81,0.81,1,1
1,2026-08-03 05:25:16.564844,1785734716,2857,4.157,4.157,2.45,2.45,0.72,0.72,1,1
1,2026-08-03 05:25:17.659085,1785734717,2858,0.707175925925889,0.707175925925889,2.45,2.45,0.63,0.63,1,1
1,2026-08-03 05:25:18.663309,1785734718,2859,0.661805555555519,0.661805555555519,2.45,2.45,0.54,0.54,1,1
1,2026-08-03 05:25:19.669057,1785734719,2860,2.504,2.504,2.45,2.45,0.45,0.45,1,1
1,2026-08-03 05:25:20.679233,1785734720,2861,1.953,1.953,2.45,2.45,0.36,0.36,1,1
1,2026-08-03 05:25:21.799500,1785734721,2862,1.402,1.402,2.45,2.45,0.27,0.27,1,1
1,2026-08-03 05:25:22.895212,1785734722,2863,0.851,0.851,2.45,2.45,0.18,0.18,1,1
1,2026-08-03 05:25:23.969967,1785734723,2864,0.457638888888852,0.457638888888852,2.45,2.45,0.09,0.09,1,1
1,2026-08-03 05:25:25.039605,1785734725,2865,5.259,5.259,2.45,2.45,0.9,0.9,1,1
1,2026-08-03 05:25:26.059852,1785734726,2866,4.708,4.708,2.45,2.45,0.81,0.81,1,1
1,2026-08-03 05:25:27.072553,1785734727,2867,4.157,4.157,2.45,2.45,0.72,0.72,1,1
1,2026-08-03 05:25:28.121496,1785734728,2868,3.606,3.606,2.45,2.45,0.63,0.63,1,1
1,2026-08-03 05:25:29.269441,1785734729,2869,3.055,3.055,2.45,2.45,0.54,0.54,1,1
1,2026-08-03 05:25:30.274310,1785734730,2870,2.504,2.504,2.45,2.45,0.45,0.45,1,1
1,2026-08-03 05:25:31.289619,1785734731,2871,1.953,1.953,2.45,2.45,0.36,0.36,1,1
1,2026-08-03 05:25:32.324698,1785734732,2872,1.402,1.402,2.45,2.45,0.27,0.27,1,1
1,2026-08-03 05:25:33.425318,1785734733,2873,5.68657407407408,5.68657407407408,2.45,2.45,0.18,0.18,1,1
1,2026-08-03 05:25:34.427132,1785734734,2874,5.6525462962963,5.6525462962963,2.45,2.45,0.09,0.09,1,1
1,2026-08-03 05:25:35.433367,1785734735,2875,5.60717592592593,5.60717592592593,2.45,2.45,0.9,0.9,1,1
1,2026-08-03 05:25:36.443994,1785734736,2876,5.57314814814816,5.57314814814816,2.45,2.45,0.81,0.81,1,1
1,2026-08-03 05:25:37.449724,1785734737,2877,5.52777777777779,5.52777777777779,2.45,2.45,0.72,0.72,1,1
1,2026-08-03 05:25:38.451690,1785734738,2878,5.49375000000001,5.49375000000001,2.45,2.45,0.63,0.63,1,1
1,2026-08-03 05:25:39.576622,1785734739,2879,5.45972222222224,5.45972222222224,2.45,2.45,0.54,0.54,1,1
1,2026-08-03 05:25:40.578928,1785734740,2880,5.41435185185187,5.41435185185187,2.45,2.45,0.45,0.45,1,1
1,2026-08-03 05:25:41.591910,1785734741,2881,5.3689814814815,5.3689814814815,2.45,2.45,0.36,0.36,1,1
1,2026-08-03 05:25:42.594591,1785734742,2882,5.32361111111113,5.32361111111113,2.45,2.45,0.27,0.27,1,1
1,2026-08-03 05:25:43.613870,1785734743,2883,5.27824074074076,5.27824074074076,2.45,2.45,0.18,0.18,1,1
1,2026-08-03 05:25:45.135853,1785734745,2884,5.24421296296298,5.24421296296298,2.45,2.45,0.09,0.09,1,1
1,2026-08-03 05:25:46.138854,1785734746,2885,5.19884259259261,5.19884259259261,2.45,2.45,0.9,0.9,1,1
1,2026-08-03 05:25:47.141633,1785734747,2886,4.708,4.708,2.45,2.45,0.81,0.81,1,1
1,2026-08-03 05:25:48.168260,1785734748,2887,5.11944444444446,5.11944444444446,2.45,2.45,0.72,0.72,1,1
1,2026-08-03 05:25:49.189407,1785734749,2888,3.606,3.606,2.45,2.45,0.63,0.63,1,1
1,2026-08-03 05:25:50.202985,1785734750,2889,3.055,3.055,2.45,2.45,0.54,0.54,1,1
1,2026-08-03 05:25:51.220294,1785734751,2890,4.99467592592594,4.99467592592594,2.45,2.45,0.45,0.45,1,1
1,2026-08-03 05:25:52.459841,1785734752,2891,1.953,1.953,2.45,2.45,0.27,0.27,1,1
1,2026-08-03 05:25:53.471654,1785734753,2892,4.91527777777779,4.91527777777779,2.45,2.45,0.18,0.18,1,1
1,2026-08-03 05:25:54.482516,1785734754,2893,4.86990740740742,4.86990740740742,2.45,2.45,0.09,0.09,1,1
1,2026-08-03 05:25:55.483838,1785734755,2894,4.82453703703705,4.82453703703705,2.45,2.45,0.9,0.9,1,1
1,2026-08-03 05:25:56.496079,1785734756,2895,4.79050925925927,4.79050925925927,2.45,2.45,0.81,0.81,1,1
1,2026-08-03 05:25:57.519027,1785734757,2896,4.7451388888889,4.7451388888889,2.45,2.45,0.72,0.72,1,1
1,2026-08-03 05:25:58.624814,1785734758,2897,4.71111111111112,4.71111111111112,2.45,2.45,0.63,0.63,1,1
1,2026-08-03 05:25:59.697016,1785734759,2898,4.66574074074075,4.66574074074075,2.45,2.45,0.54,0.54,1,1
1,2026-08-03 05:26:00.784051,1785734760,2899,4.62037037037038,4.62037037037038,2.45,2.45,0.45,0.45,1,1
1,2026-08-03 05:26:01.866727,1785734761,2900,4.57500000000001,4.57500000000001,2.45,2.45,0.36,0.36,1,1
1,2026-08-03 05:26:02.887987,1785734762,2901,4.52962962962964,4.52962962962964,2.45,2.45,0.27,0.27,1,1
1,2026-08-03 05:26:03.933232,1785734763,2902,4.48425925925927,4.48425925925927,2.45,2.45,0.18,0.18,1,1
1,2026-08-03 05:26:04.940753,1785734764,2903,4.4388888888889,4.4388888888889,2.45,2.45,0.09,0.09,1,1
1,2026-08-03 05:26:05.945073,1785734765,2904,4.39351851851852,4.39351851851852,2.45,2.45,0.9,0.9,1,1
1,2026-08-03 05:26:06.946802,1785734766,2905,4.35949074074075,4.35949074074075,2.45,2.45,0.81,0.81,1,1
1,2026-08-03 05:26:07.947978,1785734767,2906,4.31412037037038,4.31412037037038,2.45,2.45,0.72,0.72,1,1
1,2026-08-03 05:26:08.959861,1785734768,2907,4.26875,4.26875,2.45,2.45,0.63,0.63,1,1
1,2026-08-03 05:26:09.966601,1785734769,2908,4.22337962962963,4.22337962962963,2.45,2.45,0.54,0.54,1,1
1,2026-08-03 05:26:11.030618,1785734771,2909,4.18935185185186,4.18935185185186,2.45,2.45,0.45,0.45,1,1
1,2026-08-03 05:26:12.085774,1785734772,2910,4.14398148148148,4.14398148148148,2.45,2.45,0.36,0.36,1,1
1,2026-08-03 05:26:13.094300,1785734773,2911,4.09861111111111,4.09861111111111,2.45,2.45,0.27,0.27,1,1
1,2026-08-03 05:26:14.224791,1785734774,2912,4.05324074074074,4.05324074074074,2.45,2.45,0.18,0.18,1,1
1,2026-08-03 05:26:15.238014,1785734775,2913,4.00787037037037,4.00787037037037,2.45,2.45,0.09,0.09,1,1
1,2026-08-03 05:26:16.257299,1785734776,2914,3.9625,3.9625,2.45,2.45,0.9,0.9,1,1
1,2026-08-03 05:26:17.777319,1785734777,2915,3.91712962962963,3.91712962962963,2.45,2.45,0.81,0.81,1,1
1,2026-08-03 05:26:18.793782,1785734778,2916,3.88310185185185,3.88310185185185,2.45,2.45,0.72,0.72,1,1
1,2026-08-03 05:26:19.809800,1785734779,2917,3.83773148148148,3.83773148148148,2.45,2.45,0.63,0.63,1,1
1,2026-08-03 05:26:20.821697,1785734780,2918,3.79236111111111,3.79236111111111,2.45,2.45,0.54,0.54,1,1
1,2026-08-03 05:26:21.850188,1785734781,2919,3.74699074074074,3.74699074074074,2.45,2.45,0.45,0.45,1,1
1,2026-08-03 05:26:22.892282,1785734782,2920,3.71296296296296,3.71296296296296,2.45,2.45,0.36,0.36,1,1
1,2026-08-03 05:26:23.956487,1785734783,2921,3.66759259259259,3.66759259259259,2.45,2.45,0.27,0.27,1,1
1,2026-08-03 05:26:24.959564,1785734784,2922,3.62222222222222,3.62222222222222,2.45,2.45,0.18,0.18,1,1
1,2026-08-03 05:26:25.966520,1785734785,2923,3.58819444444444,3.58819444444444,2.45,2.45,0.09,0.09,1,1
1,2026-08-03 05:26:26.968768,1785734786,2924,3.54282407407407,3.54282407407407,2.45,2.45,0.9,0.9,1,1
1,2026-08-03 05:26:27.982417,1785734787,2925,3.4974537037037,3.4974537037037,2.45,2.45,0.81,0.81,1,1
1,2026-08-03 05:26:28.984011,1785734788,2926,3.45208333333333,3.45208333333333,2.45,2.45,0.72,0.72,1,1
1,2026-08-03 05:26:30.035518,1785734790,2927,3.41805555555555,3.41805555555555,2.45,2.45,0.63,0.63,1,1
1,2026-08-03 05:26:31.039002,1785734791,2928,3.37268518518518,3.37268518518518,2.45,2.45,0.54,0.54,1,1
1,2026-08-03 05:26:32.045002,1785734792,2929,3.32731481481481,3.32731481481481,2.45,2.45,0.45,0.45,1,1
1,2026-08-03 05:26:33.049186,1785734793,2930,3.28194444444444,3.28194444444444,2.45,2.45,0.36,0.36,1,1
1,2026-08-03 05:26:34.069586,1785734794,2931,3.24791666666666,3.24791666666666,2.45,2.45,0.27,0.27,1,1
1,2026-08-03 05:26:35.074852,1785734795,2932,3.20254629629629,3.20254629629629,2.45,2.45,0.18,0.18,1,1
1,2026-08-03 05:26:36.126214,1785734796,2933,3.15717592592592,3.15717592592592,2.45,2.45,0.09,0.09,1,1
1,2026-08-03 05:26:37.169570,1785734797,2934,3.11180555555555,3.11180555555555,2.45,2.45,0.9,0.9,1,1
1,2026-08-03 05:26:38.172314,1785734798,2935,3.06643518518517,3.06643518518517,2.45,2.45,0.81,0.81,1,1
1,2026-08-03 05:26:39.174044,1785734799,2936,3.0210648148148,3.0210648148148,2.45,2.45,0.72,0.72,1,1
1,2026-08-03 05:26:40.178085,1785734800,2937,2.98703703703702,2.98703703703702,2.45,2.45,0.63,0.63,1,1
1,2026-08-03 05:26:41.184005,1785734801,2938,2.94166666666665,2.94166666666665,2.45,2.45,0.54,0.54,1,1
1,2026-08-03 05:26:42.188614,1785734802,2939,2.89629629629628,2.89629629629628,2.45,2.45,0.45,0.45,1,1
1,2026-08-03 05:26:43.189849,1785734803,2940,2.85092592592591,2.85092592592591,2.45,2.45,0.36,0.36,1,1
1,2026-08-03 05:26:44.198426,1785734804,2941,2.81689814814813,2.81689814814813,2.45,2.45,0.27,0.27,1,1
1,2026-08-03 05:26:45.205859,1785734805,2942,2.77152777777776,2.77152777777776,2.45,2.45,0.18,0.18,1,1
1,2026-08-03 05:26:46.209195,1785734806,2943,2.72615740740739,2.72615740740739,2.45,2.45,0.09,0.09,1,1
1,2026-08-03 05:26:47.211225,1785734807,2944,2.69212962962961,2.69212962962961,2.45,2.45,0.9,0.9,1,1
1,2026-08-03 05:26:48.223135,1785734808,2945,2.64675925925924,2.64675925925924,2.45,2.45,0.81,0.81,1,1
1,2026-08-03 05:26:49.224702,1785734809,2946,2.60138888888887,2.60138888888887,2.45,2.45,0.72,0.72,1,1
1,2026-08-03 05:26:50.746206,1785734810,2947,2.5560185185185,2.5560185185185,2.45,2.45,0.63,0.63,1,1
1,2026-08-03 05:26:51.750034,1785734811,2948,2.52199074074072,2.52199074074072,2.45,2.45,0.54,0.54,1,1
1,2026-08-03 05:26:52.756829,1785734812,2949,2.47662037037035,2.47662037037035,2.45,2.45,0.45,0.45,1,1
1,2026-08-03 05:26:53.763179,1785734813,2950,2.43124999999998,2.43124999999998,2.45,2.45,0.36,0.36,1,1
1,2026-08-03 05:26:54.766158,1785734814,2951,2.3972222222222,2.3972222222222,2.45,2.45,0.27,0.27,1,1
1,2026-08-03 05:26:55.778207,1785734815,2952,2.35185185185183,2.35185185185183,2.45,2.45,0.18,0.18,1,1
1,2026-08-03 05:26:56.788875,1785734816,2953,2.30648148148146,2.30648148148146,2.45,2.45,0.09,0.09,1,1
1,2026-08-03 05:26:57.803067,1785734817,2954,2.26111111111109,2.26111111111109,2.45,2.45,0.9,0.9,1,1
1,2026-08-03 05:26:58.812860,1785734818,2955,2.22708333333331,2.22708333333331,2.45,2.45,0.81,0.81,1,1
1,2026-08-03 05:26:59.821711,1785734819,2956,2.19305555555553,2.19305555555553,2.45,2.45,0.72,0.72,1,1
1,2026-08-03 05:27:00.837913,1785734820,2957,2.14768518518516,2.14768518518516,2.45,2.45,0.63,0.63,1,1
1,2026-08-03 05:27:01.964425,1785734821,2958,2.10231481481479,2.10231481481479,2.45,2.45,0.54,0.54,1,1
1,2026-08-03 05:27:02.996040,1785734822,2959,2.05694444444442,2.05694444444442,2.45,2.45,0.45,0.45,1,1
1,2026-08-03 05:27:04.001722,1785734824,2960,2.02291666666664,2.02291666666664,2.45,2.45,0.36,0.36,1,1
1,2026-08-03 05:27:05.003793,1785734825,2961,1.98888888888886,1.98888888888886,2.45,2.45,0.27,0.27,1,1
1,2026-08-03 05:27:06.020042,1785734826,2962,1.95486111111109,1.95486111111109,2.45,2.45,0.18,0.18,1,1
1,2026-08-03 05:27:07.022463,1785734827,2963,1.90949074074071,1.90949074074071,2.45,2.45,0.09,0.09,1,1
1,2026-08-03 05:27:08.028004,1785734828,2964,1.86412037037034,1.86412037037034,2.45,2.45,0.9,0.9,1,1
1,2026-08-03 05:27:09.029248,1785734829,2965,1.83009259259257,1.83009259259257,2.45,2.45,0.81,0.81,1,1
1,2026-08-03 05:27:10.036338,1785734830,2966,1.78472222222219,1.78472222222219,2.45,2.45,0.72,0.72,1,1
1,2026-08-03 05:27:11.062218,1785734831,2967,1.73935185185182,1.73935185185182,2.45,2.45,0.63,0.63,1,1
1,2026-08-03 05:27:12.066421,1785734832,2968,1.69398148148145,1.69398148148145,2.45,2.45,0.54,0.54,1,1
1,2026-08-03 05:27:13.077672,1785734833,2969,1.64861111111108,1.64861111111108,2.45,2.45,0.45,0.45,1,1
1,2026-08-03 05:27:14.079161,1785734834,2970,2.504,2.504,2.45,2.45,0.36,0.36,1,1
1,2026-08-03 05:27:15.089585,1785734835,2971,1.953,1.953,2.45,2.45,0.27,0.27,1,1
1,2026-08-03 05:27:16.091292,1785734836,2972,1.52384259259256,1.52384259259256,2.45,2.45,0.18,0.18,1,1
1,2026-08-03 05:27:17.107787,1785734837,2973,0.851,0.851,2.45,2.45,0.09,0.09,1,1
1,2026-08-03 05:27:18.110649,1785734838,2974,5.81,5.81,2.45,2.45,0.9,0.9,1,1
1,2026-08-03 05:27:19.142244,1785734839,2975,5.259,5.259,2.45,2.45,0.81,0.81,1,1
1,2026-08-03 05:27:20.144233,1785734840,2976,4.708,4.708,2.45,2.45,0.72,0.72,1,1
1,2026-08-03 05:27:21.176236,1785734841,2977,4.157,4.157,2.45,2.45,0.63,0.63,1,1
1,2026-08-03 05:27:22.177179,1785734842,2978,3.606,3.606,2.45,2.45,0.63,0.63,1,1
1,2026-08-03 05:27:23.215190,1785734843,2979,1.22893518518515,1.22893518518515,2.45,2.45,0.45,0.45,1,1
1,2026-08-03 05:27:24.756701,1785734844,2980,1.19490740740737,1.19490740740737,2.45,2.45,0.36,0.36,1,1
1,2026-08-03 05:27:25.845006,1785734845,2981,1.149537037037,1.149537037037,2.45,2.45,0.27,0.27,1,1
1,2026-08-03 05:27:26.855190,1785734846,2982,1.10416666666663,1.10416666666663,2.45,2.45,0.18,0.18,1,1
1,2026-08-03 05:27:27.888041,1785734847,2983,1.05879629629626,1.05879629629626,2.45,2.45,0.09,0.09,1,1
1,2026-08-03 05:27:28.900214,1785734848,2984,5.81,5.81,2.45,2.45,0.9,0.9,1,1
1,2026-08-03 05:27:29.916704,1785734849,2985,0.979398148148111,0.979398148148111,2.45,2.45,0.81,0.81,1,1
1,2026-08-03 05:27:30.926845,1785734850,2986,4.708,4.708,2.45,2.45,0.72,0.72,1,1
1,2026-08-03 05:27:31.932002,1785734851,2987,4.157,4.157,2.45,2.45,0.63,0.63,1,1
1,2026-08-03 05:27:32.965957,1785734852,2988,0.854629629629593,0.854629629629593,2.45,2.45,0.54,0.54,1,1
1,2026-08-03 05:27:34.107612,1785734854,2989,0.809259259259222,0.809259259259222,2.45,2.45,0.45,0.45,1,1
1,2026-08-03 05:27:35.111794,1785734855,2990,0.763888888888852,0.763888888888852,2.45,2.45,0.36,0.36,1,1
1,2026-08-03 05:27:36.124309,1785734856,2991,0.718518518518482,0.718518518518482,2.45,2.45,0.27,0.27,1,1
1,2026-08-03 05:27:37.160971,1785734857,2992,0.673148148148111,0.673148148148111,2.45,2.45,0.18,0.18,1,1
1,2026-08-03 05:27:38.165364,1785734858,2993,0.851,0.851,2.45,2.45,0.09,0.09,1,1
1,2026-08-03 05:27:39.170970,1785734859,2994,5.81,5.81,2.45,2.45,0.9,0.9,1,1
1,2026-08-03 05:27:40.215936,1785734860,2995,5.259,5.259,2.45,2.45,0.81,0.81,1,1
1,2026-08-03 05:27:41.227067,1785734861,2996,4.708,4.708,2.45,2.45,0.72,0.72,1,1
1,2026-08-03 05:27:42.258613,1785734862,2997,4.157,4.157,2.45,2.45,0.63,0.63,1,1
1,2026-08-03 05:27:43.276663,1785734863,2998,3.606,3.606,2.45,2.45,0.54,0.54,1,1
1,2026-08-03 05:27:44.367696,1785734864,2999,3.055,3.055,2.45,2.45,0.45,0.45,1,1
1,2026-08-03 05:27:45.372645,1785734865,3000,0.321527777777741,0.321527777777741,2.45,2.45,0.36,0.36,1,1
1,2026-08-03 05:27:46.408984,1785734866,3001,1.953,1.953,2.45,2.45,0.27,0.27,1,1
1,2026-08-03 05:27:47.435140,1785734867,3002,1.402,1.402,2.45,2.45,0.18,0.18,1,1
1,2026-08-03 05:27:48.443947,1785734868,3003,5.8,5.8,2.45,2.45,0.09,0.09,1,1
1,2026-08-03 05:27:49.449264,1785734869,3004,5.81,5.81,2.45,2.45,0.9,0.9,1,1
1,2026-08-03 05:27:50.552669,1785734870,3005,5.259,5.259,2.45,2.45,0.81,0.81,1,1
1,2026-08-03 05:27:51.584317,1785734871,3006,4.708,4.708,2.45,2.45,0.72,0.72,1,1
1,2026-08-03 05:27:52.585882,1785734872,3007,4.157,4.157,2.45,2.45,0.63,0.63,1,1
1,2026-08-03 05:27:53.587021,1785734873,3008,3.606,3.606,2.45,2.45,0.54,0.54,1,1
1,2026-08-03 05:27:54.589094,1785734874,3009,5.55046296296297,5.55046296296297,2.45,2.45,0.45,0.45,1,1
1,2026-08-03 05:27:55.590890,1785734875,3010,2.504,2.504,2.45,2.45,0.36,0.36,1,1
1,2026-08-03 05:27:57.109625,1785734877,3011,1.953,1.953,2.45,2.45,0.27,0.27,1,1
1,2026-08-03 05:27:58.114467,1785734878,3012,1.402,1.402,2.45,2.45,0.27,0.27,1,1
1,2026-08-03 05:27:59.125218,1785734879,3013,0.851,0.851,2.45,2.45,0.18,0.18,1,1
1,2026-08-03 05:28:00.148915,1785734880,3014,5.81,5.81,2.45,2.45,0.09,0.09,1,1
1,2026-08-03 05:28:01.174869,1785734881,3015,5.259,5.259,2.45,2.45,0.9,0.9,1,1
1,2026-08-03 05:28:02.195758,1785734882,3016,4.708,4.708,2.45,2.45,0.81,0.81,1,1
1,2026-08-03 05:28:03.233350,1785734883,3017,4.157,4.157,2.45,2.45,0.72,0.72,1,1
1,2026-08-03 05:28:04.241586,1785734884,3018,3.606,3.606,2.45,2.45,0.63,0.63,1,1
1,2026-08-03 05:28:05.263785,1785734885,3019,3.055,3.055,2.45,2.45,0.54,0.54,1,1
1,2026-08-03 05:28:06.276344,1785734886,3020,5.09675925925927,5.09675925925927,2.45,2.45,0.45,0.45,1,1
1,2026-08-03 05:28:07.279331,1785734887,3021,5.0627314814815,5.0627314814815,2.45,2.45,0.36,0.36,1,1
1,2026-08-03 05:28:08.281608,1785734888,3022,5.02870370370372,5.02870370370372,2.45,2.45,0.27,0.27,1,1
1,2026-08-03 05:28:09.306839,1785734889,3023,4.98333333333335,4.98333333333335,2.45,2.45,0.18,0.18,1,1
1,2026-08-03 05:28:10.308901,1785734890,3024,4.94930555555557,4.94930555555557,2.45,2.45,0.09,0.09,1,1
1,2026-08-03 05:28:11.331609,1785734891,3025,4.9039351851852,4.9039351851852,2.45,2.45,0.9,0.9,1,1
1,2026-08-03 05:28:12.332970,1785734892,3026,4.86990740740742,4.86990740740742,2.45,2.45,0.81,0.81,1,1
1,2026-08-03 05:28:13.343852,1785734893,3027,4.82453703703705,4.82453703703705,2.45,2.45,0.72,0.72,1,1
1,2026-08-03 05:28:14.354980,1785734894,3028,4.77916666666668,4.77916666666668,2.45,2.45,0.63,0.63,1,1
1,2026-08-03 05:28:15.376584,1785734895,3029,4.7451388888889,4.7451388888889,2.45,2.45,0.54,0.54,1,1
1,2026-08-03 05:28:16.378664,1785734896,3030,4.69976851851853,4.69976851851853,2.45,2.45,0.45,0.45,1,1
1,2026-08-03 05:28:17.379785,1785734897,3031,4.65439814814816,4.65439814814816,2.45,2.45,0.36,0.36,1,1
1,2026-08-03 05:28:18.410424,1785734898,3032,4.62037037037038,4.62037037037038,2.45,2.45,0.27,0.27,1,1
1,2026-08-03 05:28:19.413522,1785734899,3033,4.57500000000001,4.57500000000001,2.45,2.45,0.18,0.18,1,1
1,2026-08-03 05:28:20.421180,1785734900,3034,4.52962962962964,4.52962962962964,2.45,2.45,0.09,0.09,1,1
1,2026-08-03 05:28:21.428234,1785734901,3035,4.48425925925927,4.48425925925927,2.45,2.45,0.9,0.9,1,1
1,2026-08-03 05:28:22.448711,1785734902,3036,4.4388888888889,4.4388888888889,2.45,2.45,0.81,0.81,1,1
1,2026-08-03 05:28:23.461199,1785734903,3037,4.40486111111112,4.40486111111112,2.45,2.45,0.72,0.72,1,1
1,2026-08-03 05:28:24.467715,1785734904,3038,4.35949074074075,4.35949074074075,2.45,2.45,0.63,0.63,1,1
1,2026-08-03 05:28:25.471825,1785734905,3039,4.31412037037038,4.31412037037038,2.45,2.45,0.54,0.54,1,1
1,2026-08-03 05:28:26.472911,1785734906,3040,4.26875,4.26875,2.45,2.45,0.45,0.45,1,1
1,2026-08-03 05:28:27.473931,1785734907,3041,4.23472222222223,4.23472222222223,2.45,2.45,0.36,0.36,1,1
1,2026-08-03 05:28:28.475590,1785734908,3042,4.18935185185186,4.18935185185186,2.45,2.45,0.27,0.27,1,1
1,2026-08-03 05:28:30.012324,1785734910,3043,4.14398148148148,4.14398148148148,2.45,2.45,0.18,0.18,1,1
1,2026-08-03 05:28:31.013633,1785734911,3044,4.09861111111111,4.09861111111111,2.45,2.45,0.09,0.09,1,1
1,2026-08-03 05:28:32.018011,1785734912,3045,4.06458333333333,4.06458333333333,2.45,2.45,0.9,0.9,1,1
1,2026-08-03 05:28:33.031877,1785734913,3046,4.01921296296296,4.01921296296296,2.45,2.45,0.81,0.81,1,1
1,2026-08-03 05:28:34.034163,1785734914,3047,3.97384259259259,3.97384259259259,2.45,2.45,0.72,0.72,1,1
1,2026-08-03 05:28:35.055122,1785734915,3048,3.92847222222222,3.92847222222222,2.45,2.45,0.63,0.63,1,1
1,2026-08-03 05:28:36.063310,1785734916,3049,3.89444444444444,3.89444444444444,2.45,2.45,0.54,0.54,1,1
1,2026-08-03 05:28:37.073658,1785734917,3050,3.84907407407407,3.84907407407407,2.45,2.45,0.45,0.45,1,1
1,2026-08-03 05:28:38.085697,1785734918,3051,3.8037037037037,3.8037037037037,2.45,2.45,0.36,0.36,1,1
1,2026-08-03 05:28:39.143907,1785734919,3052,3.75833333333333,3.75833333333333,2.45,2.45,0.27,0.27,1,1
1,2026-08-03 05:28:40.158460,1785734920,3053,3.72430555555555,3.72430555555555,2.45,2.45,0.18,0.18,1,1
1,2026-08-03 05:28:41.168412,1785734921,3054,3.67893518518518,3.67893518518518,2.45,2.45,0.09,0.09,1,1
1,2026-08-03 05:28:42.195218,1785734922,3055,3.6449074074074,3.6449074074074,2.45,2.45,0.9,0.9,1,1
1,2026-08-03 05:28:43.208180,1785734923,3056,3.59953703703703,3.59953703703703,2.45,2.45,0.81,0.81,1,1
1,2026-08-03 05:28:44.223655,1785734924,3057,3.55416666666666,3.55416666666666,2.45,2.45,0.72,0.72,1,1
1,2026-08-03 05:28:45.241097,1785734925,3058,3.52013888888888,3.52013888888888,2.45,2.45,0.63,0.63,1,1
1,2026-08-03 05:28:46.252796,1785734926,3059,3.47476851851851,3.47476851851851,2.45,2.45,0.54,0.54,1,1
1,2026-08-03 05:28:47.254614,1785734927,3060,3.44074074074073,3.44074074074073,2.45,2.45,0.45,0.45,1,1
1,2026-08-03 05:28:48.263849,1785734928,3061,3.39537037037036,3.39537037037036,2.45,2.45,0.36,0.36,1,1
1,2026-08-03 05:28:49.268841,1785734929,3062,3.34999999999999,3.34999999999999,2.45,2.45,0.27,0.27,1,1
1,2026-08-03 05:28:50.273108,1785734930,3063,3.31597222222221,3.31597222222221,2.45,2.45,0.18,0.18,1,1
1,2026-08-03 05:28:51.290997,1785734931,3064,3.27060185185184,3.27060185185184,2.45,2.45,0.09,0.09,1,1
1,2026-08-03 05:28:52.296074,1785734932,3065,3.22523148148147,3.22523148148147,2.45,2.45,0.9,0.9,1,1
1,2026-08-03 05:28:53.310570,1785734933,3066,3.1798611111111,3.1798611111111,2.45,2.45,0.81,0.81,1,1
1,2026-08-03 05:28:54.317055,1785734934,3067,3.14583333333332,3.14583333333332,2.45,2.45,0.72,0.72,1,1
1,2026-08-03 05:28:55.325570,1785734935,3068,3.10046296296295,3.10046296296295,2.45,2.45,0.63,0.63,1,1
1,2026-08-03 05:28:56.341639,1785734936,3069,3.05509259259258,3.05509259259258,2.45,2.45,0.54,0.54,1,1
1,2026-08-03 05:28:57.343686,1785734937,3070,3.00972222222221,3.00972222222221,2.45,2.45,0.45,0.45,1,1
1,2026-08-03 05:28:58.344921,1785734938,3071,2.97569444444443,2.97569444444443,2.45,2.45,0.36,0.36,1,1
1,2026-08-03 05:28:59.368439,1785734939,3072,2.93032407407406,2.93032407407406,2.45,2.45,0.27,0.27,1,1
1,2026-08-03 05:29:00.377759,1785734940,3073,2.88495370370369,2.88495370370369,2.45,2.45,0.18,0.18,1,1
1,2026-08-03 05:29:01.382898,1785734941,3074,2.85092592592591,2.85092592592591,2.45,2.45,0.09,0.09,1,1
1,2026-08-03 05:29:02.903344,1785734942,3075,2.80555555555554,2.80555555555554,2.45,2.45,0.9,0.9,1,1
1,2026-08-03 05:29:03.904532,1785734943,3076,2.76018518518517,2.76018518518517,2.45,2.45,0.81,0.81,1,1
1,2026-08-03 05:29:04.913371,1785734944,3077,2.7148148148148,2.7148148148148,2.45,2.45,0.72,0.72,1,1
1,2026-08-03 05:29:05.917373,1785734945,3078,4.157,4.157,2.45,2.45,0.63,0.63,1,1
1,2026-08-03 05:29:06.918782,1785734946,3079,3.606,3.606,2.45,2.45,0.54,0.54,1,1
1,2026-08-03 05:29:07.926937,1785734947,3080,3.055,3.055,2.45,2.45,0.45,0.45,1,1
1,2026-08-03 05:29:08.946454,1785734948,3081,2.504,2.504,2.45,2.45,0.36,0.36,1,1
1,2026-08-03 05:29:09.952198,1785734949,3082,2.51064814814813,2.51064814814813,2.45,2.45,0.27,0.27,1,1
1,2026-08-03 05:29:10.993903,1785734950,3083,1.402,1.402,2.45,2.45,0.18,0.18,1,1
1,2026-08-03 05:29:12.004220,1785734952,3084,0.851,0.851,2.45,2.45,0.09,0.09,1,1
1,2026-08-03 05:29:13.065950,1785734953,3085,5.81,5.81,2.45,2.45,0.9,0.9,1,1
1,2026-08-03 05:29:14.071323,1785734954,3086,5.259,5.259,2.45,2.45,0.81,0.81,1,1
1,2026-08-03 05:29:15.073300,1785734955,3087,2.29513888888887,2.29513888888887,2.45,2.45,0.72,0.72,1,1
1,2026-08-03 05:29:16.075578,1785734956,3088,2.26111111111109,2.26111111111109,2.45,2.45,0.63,0.63,1,1
1,2026-08-03 05:29:17.111869,1785734957,3089,3.606,3.606,2.45,2.45,0.54,0.54,1,1
1,2026-08-03 05:29:18.114434,1785734958,3090,3.055,3.055,2.45,2.45,0.45,0.45,1,1
1,2026-08-03 05:29:19.124786,1785734959,3091,2.504,2.504,2.45,2.45,0.45,0.45,1,1
1,2026-08-03 05:29:20.145279,1785734960,3092,2.0909722222222,2.0909722222222,2.45,2.45,0.36,0.36,1,1
1,2026-08-03 05:29:21.169817,1785734961,3093,1.402,1.402,2.45,2.45,0.27,0.27,1,1
1,2026-08-03 05:29:22.180182,1785734962,3094,0.851,0.851,2.45,2.45,0.18,0.18,1,1
1,2026-08-03 05:29:23.200870,1785734963,3095,5.81,5.81,2.45,2.45,0.09,0.09,1,1
1,2026-08-03 05:29:24.235115,1785734964,3096,5.259,5.259,2.45,2.45,0.81,0.81,1,1
1,2026-08-03 05:29:25.238061,1785734965,3097,4.708,4.708,2.45,2.45,0.81,0.81,1,1
1,2026-08-03 05:29:26.301724,1785734966,3098,1.83009259259257,1.83009259259257,2.45,2.45,0.63,0.63,1,1
1,2026-08-03 05:29:27.307461,1785734967,3099,3.606,3.606,2.45,2.45,0.54,0.54,1,1
1,2026-08-03 05:29:28.332821,1785734968,3100,3.055,3.055,2.45,2.45,0.45,0.45,1,1
1,2026-08-03 05:29:29.370702,1785734969,3101,2.504,2.504,2.45,2.45,0.36,0.36,1,1
1,2026-08-03 05:29:30.427083,1785734970,3102,1.953,1.953,2.45,2.45,0.27,0.27,1,1
1,2026-08-03 05:29:31.429596,1785734971,3103,1.402,1.402,2.45,2.45,0.18,0.18,1,1
1,2026-08-03 05:29:32.435032,1785734972,3104,0.851,0.851,2.45,2.45,0.09,0.09,1,1
1,2026-08-03 05:29:33.449409,1785734973,3105,5.81,5.81,2.45,2.45,0.9,0.9,1,1
1,2026-08-03 05:29:34.460133,1785734974,3106,5.259,5.259,2.45,2.45,0.81,0.81,1,1
1,2026-08-03 05:29:35.982286,1785734975,3107,4.708,4.708,2.45,2.45,0.72,0.72,1,1
1,2026-08-03 05:29:36.995195,1785734976,3108,1.42175925925923,1.42175925925923,2.45,2.45,0.63,0.63,1,1
1,2026-08-03 05:29:38.023606,1785734978,3109,3.606,3.606,2.45,2.45,0.54,0.54,1,1
1,2026-08-03 05:29:39.084784,1785734979,3110,1.34236111111108,1.34236111111108,2.45,2.45,0.45,0.45,1,1
1,2026-08-03 05:29:40.178939,1785734980,3111,2.504,2.504,2.45,2.45,0.45,0.45,1,1
1,2026-08-03 05:29:41.210401,1785734981,3112,1.953,1.953,2.45,2.45,0.27,0.27,1,1
1,2026-08-03 05:29:42.212730,1785734982,3113,1.402,1.402,2.45,2.45,0.18,0.18,1,1
1,2026-08-03 05:29:43.233305,1785734983,3114,0.851,0.851,2.45,2.45,0.09,0.09,1,1
1,2026-08-03 05:29:44.238444,1785734984,3115,1.12685185185182,1.12685185185182,2.45,2.45,0.9,0.9,1,1
1,2026-08-03 05:29:45.254813,1785734985,3116,1.08148148148145,1.08148148148145,2.45,2.45,0.81,0.81,1,1
1,2026-08-03 05:29:46.314824,1785734986,3117,1.03611111111107,1.03611111111107,2.45,2.45,0.72,0.72,1,1
1,2026-08-03 05:29:47.332373,1785734987,3118,4.157,4.157,2.45,2.45,0.63,0.63,1,1
1,2026-08-03 05:29:48.336016,1785734988,3119,3.606,3.606,2.45,2.45,0.54,0.54,1,1
1,2026-08-03 05:29:49.352890,1785734989,3120,3.055,3.055,2.45,2.45,0.45,0.45,1,1
1,2026-08-03 05:29:50.354550,1785734990,3121,2.504,2.504,2.45,2.45,0.36,0.36,1,1
1,2026-08-03 05:29:51.389534,1785734991,3122,1.953,1.953,2.45,2.45,0.27,0.27,1,1
1,2026-08-03 05:29:52.396793,1785734992,3123,0.775231481481445,0.775231481481445,2.45,2.45,0.18,0.18,1,1
1,2026-08-03 05:29:53.398514,1785734993,3124,0.851,0.851,2.45,2.45,0.09,0.09,1,1
1,2026-08-03 05:29:54.429352,1785734994,3125,5.81,5.81,2.45,2.45,0.9,0.9,1,1
1,2026-08-03 05:29:55.472902,1785734995,3126,5.259,5.259,2.45,2.45,0.81,0.81,1,1
1,2026-08-03 05:29:56.476618,1785734996,3127,0.605092592592556,0.605092592592556,2.45,2.45,0.72,0.72,1,1
1,2026-08-03 05:29:57.512050,1785734997,3128,4.157,4.157,2.45,2.45,0.63,0.63,1,1
1,2026-08-03 05:29:58.533191,1785734998,3129,3.606,3.606,2.45,2.45,0.54,0.54,1,1
1,2026-08-03 05:29:59.543137,1785734999,3130,3.055,3.055,2.45,2.45,0.45,0.45,1,1
1,2026-08-03 05:30:00.548185,1785735000,3131,2.504,2.504,2.45,2.45,0.36,0.36,1,1
1,2026-08-03 05:30:01.593202,1785735001,3132,0.400925925925889,0.400925925925889,2.45,2.45,0.27,0.27,1,1
1,2026-08-03 05:30:02.598607,1785735002,3133,1.402,1.402,2.45,2.45,0.18,0.18,1,1
1,2026-08-03 05:30:03.604111,1785735003,3134,0.851,0.851,2.45,2.45,0.09,0.09,1,1
1,2026-08-03 05:30:04.634740,1785735004,3135,0.298842592592556,0.298842592592556,2.45,2.45,0.9,0.9,1,1
1,2026-08-03 05:30:05.657588,1785735005,3136,5.81,5.81,2.45,2.45,0.81,0.81,1,1
1,2026-08-03 05:30:06.670206,1785735006,3137,4.708,4.708,2.45,2.45,0.72,0.72,1,1
1,2026-08-03 05:30:07.683749,1785735007,3138,5.74328703703704,5.74328703703704,2.45,2.45,0.63,0.63,1,1
1,2026-08-03 05:30:09.279323,1785735009,3139,3.606,3.606,2.45,2.45,0.54,0.54,1,1
1,2026-08-03 05:30:10.301462,1785735010,3140,3.055,3.055,2.45,2.45,0.45,0.45,1,1
1,2026-08-03 05:30:11.303381,1785735011,3141,2.504,2.504,2.45,2.45,0.36,0.36,1,1
1,2026-08-03 05:30:12.309210,1785735012,3142,5.57314814814816,5.57314814814816,2.45,2.45,0.27,0.27,1,1
1,2026-08-03 05:30:13.354952,1785735013,3143,1.402,1.402,2.45,2.45,0.18,0.18,1,1
1,2026-08-03 05:30:14.445204,1785735014,3144,0.851,0.851,2.45,2.45,0.09,0.09,1,1
1,2026-08-03 05:30:15.535043,1785735015,3145,5.44837962962964,5.44837962962964,2.45,2.45,0.9,0.9,1,1
1,2026-08-03 05:30:16.548040,1785735016,3146,5.259,5.259,2.45,2.45,0.81,0.81,1,1
1,2026-08-03 05:30:17.562124,1785735017,3147,5.35763888888891,5.35763888888891,2.45,2.45,0.72,0.72,1,1
1,2026-08-03 05:30:18.589049,1785735018,3148,5.31226851851854,5.31226851851854,2.45,2.45,0.63,0.63,1,1
1,2026-08-03 05:30:19.591007,1785735019,3149,5.26689814814817,5.26689814814817,2.45,2.45,0.54,0.54,1,1
1,2026-08-03 05:30:20.695251,1785735020,3150,5.23287037037039,5.23287037037039,2.45,2.45,0.45,0.45,1,1
1,2026-08-03 05:30:21.962077,1785735021,3151,2.504,2.504,2.45,2.45,0.45,0.45,1,1
1,2026-08-03 05:30:22.975438,1785735022,3152,5.13078703703705,5.13078703703705,2.45,2.45,0.36,0.36,1,1
1,2026-08-03 05:30:23.996802,1785735023,3153,1.402,1.402,2.45,2.45,0.18,0.18,1,1
1,2026-08-03 05:30:25.010057,1785735025,3154,0.851,0.851,2.45,2.45,0.09,0.09,1,1
1,2026-08-03 05:30:26.111712,1785735026,3155,5.00601851851853,5.00601851851853,2.45,2.45,0.9,0.9,1,1
1,2026-08-03 05:30:27.121486,1785735027,3156,4.96064814814816,4.96064814814816,2.45,2.45,0.81,0.81,1,1
1,2026-08-03 05:30:28.152822,1785735028,3157,4.91527777777779,4.91527777777779,2.45,2.45,0.72,0.72,1,1
1,2026-08-03 05:30:29.155098,1785735029,3158,4.86990740740742,4.86990740740742,2.45,2.45,0.63,0.63,1,1
1,2026-08-03 05:30:30.245173,1785735030,3159,4.83587962962964,4.83587962962964,2.45,2.45,0.54,0.54,1,1
1,2026-08-03 05:30:31.252213,1785735031,3160,4.79050925925927,4.79050925925927,2.45,2.45,0.45,0.45,1,1
1,2026-08-03 05:30:32.323462,1785735032,3161,4.7451388888889,4.7451388888889,2.45,2.45,0.36,0.36,1,1
1,2026-08-03 05:30:33.347727,1785735033,3162,4.69976851851853,4.69976851851853,2.45,2.45,0.27,0.27,1,1
1,2026-08-03 05:30:34.370003,1785735034,3163,4.65439814814816,4.65439814814816,2.45,2.45,0.18,0.18,1,1
1,2026-08-03 05:30:35.376589,1785735035,3164,4.62037037037038,4.62037037037038,2.45,2.45,0.09,0.09,1,1
1,2026-08-03 05:30:36.387853,1785735036,3165,4.57500000000001,4.57500000000001,2.45,2.45,0.9,0.9,1,1
1,2026-08-03 05:30:37.407999,1785735037,3166,4.54097222222223,4.54097222222223,2.45,2.45,0.81,0.81,1,1
1,2026-08-03 05:30:38.409594,1785735038,3167,4.49560185185186,4.49560185185186,2.45,2.45,0.72,0.72,1,1
1,2026-08-03 05:30:39.422071,1785735039,3168,4.46157407407408,4.46157407407408,2.45,2.45,0.63,0.63,1,1
1,2026-08-03 05:30:40.438800,1785735040,3169,4.41620370370371,4.41620370370371,2.45,2.45,0.54,0.54,1,1
1,2026-08-03 05:30:41.914203,1785735041,3170,4.37083333333334,4.37083333333334,2.45,2.45,0.45,0.45,1,1
1,2026-08-03 05:30:42.919369,1785735042,3171,4.32546296296297,4.32546296296297,2.45,2.45,0.36,0.36,1,1
1,2026-08-03 05:30:43.921027,1785735043,3172,4.29143518518519,4.29143518518519,2.45,2.45,0.27,0.27,1,1
1,2026-08-03 05:30:44.986929,1785735044,3173,4.24606481481482,4.24606481481482,2.45,2.45,0.18,0.18,1,1
1,2026-08-03 05:30:45.998055,1785735045,3174,4.20069444444445,4.20069444444445,2.45,2.45,0.09,0.09,1,1
1,2026-08-03 05:30:47.127400,1785735047,3175,4.15532407407408,4.15532407407408,2.45,2.45,0.9,0.9,1,1
1,2026-08-03 05:30:48.151631,1785735048,3176,4.10995370370371,4.10995370370371,2.45,2.45,0.81,0.81,1,1
1,2026-08-03 05:30:49.182781,1785735049,3177,4.06458333333333,4.06458333333333,2.45,2.45,0.72,0.72,1,1
1,2026-08-03 05:30:50.191352,1785735050,3178,4.01921296296296,4.01921296296296,2.45,2.45,0.63,0.63,1,1
1,2026-08-03 05:30:51.201998,1785735051,3179,3.97384259259259,3.97384259259259,2.45,2.45,0.54,0.54,1,1
1,2026-08-03 05:30:52.203793,1785735052,3180,3.93981481481481,3.93981481481481,2.45,2.45,0.45,0.45,1,1
1,2026-08-03 05:30:53.207129,1785735053,3181,3.89444444444444,3.89444444444444,2.45,2.45,0.36,0.36,1,1
1,2026-08-03 05:30:54.229436,1785735054,3182,3.86041666666667,3.86041666666667,2.45,2.45,0.27,0.27,1,1
1,2026-08-03 05:30:55.232119,1785735055,3183,3.81504629629629,3.81504629629629,2.45,2.45,0.18,0.18,1,1
1,2026-08-03 05:30:56.279113,1785735056,3184,3.78101851851852,3.78101851851852,2.45,2.45,0.09,0.09,1,1
1,2026-08-03 05:30:57.298765,1785735057,3185,3.73564814814815,3.73564814814815,2.45,2.45,0.9,0.9,1,1
1,2026-08-03 05:30:58.309942,1785735058,3186,3.69027777777777,3.69027777777777,2.45,2.45,0.81,0.81,1,1
1,2026-08-03 05:30:59.332796,1785735059,3187,3.65625,3.65625,2.45,2.45,0.72,0.72,1,1
1,2026-08-03 05:31:00.351843,1785735060,3188,3.61087962962963,3.61087962962963,2.45,2.45,0.63,0.63,1,1
1,2026-08-03 05:31:01.374794,1785735061,3189,3.56550925925925,3.56550925925925,2.45,2.45,0.54,0.54,1,1
1,2026-08-03 05:31:02.378264,1785735062,3190,3.52013888888888,3.52013888888888,2.45,2.45,0.45,0.45,1,1
1,2026-08-03 05:31:03.403324,1785735063,3191,3.48611111111111,3.48611111111111,2.45,2.45,0.36,0.36,1,1
1,2026-08-03 05:31:04.420960,1785735064,3192,3.44074074074073,3.44074074074073,2.45,2.45,0.27,0.27,1,1
1,2026-08-03 05:31:05.443894,1785735065,3193,3.39537037037036,3.39537037037036,2.45,2.45,0.18,0.18,1,1
1,2026-08-03 05:31:06.469360,1785735066,3194,3.34999999999999,3.34999999999999,2.45,2.45,0.09,0.09,1,1
1,2026-08-03 05:31:07.475806,1785735067,3195,3.31597222222221,3.31597222222221,2.45,2.45,0.9,0.9,1,1
1,2026-08-03 05:31:08.477653,1785735068,3196,3.27060185185184,3.27060185185184,2.45,2.45,0.81,0.81,1,1
1,2026-08-03 05:31:09.479291,1785735069,3197,3.24791666666666,3.24791666666666,2.45,2.45,0.72,0.72,1,1
1,2026-08-03 05:31:10.482686,1785735070,3198,3.22523148148147,3.22523148148147,2.45,2.45,0.63,0.63,1,1
1,2026-08-03 05:31:11.653058,1785735071,3199,3.19120370370369,3.19120370370369,2.45,2.45,0.54,0.54,1,1
1,2026-08-03 05:31:12.663212,1785735072,3200,3.14583333333332,3.14583333333332,2.45,2.45,0.45,0.45,1,1
1,2026-08-03 05:31:13.671014,1785735073,3201,3.10046296296295,3.10046296296295,2.45,2.45,0.36,0.36,1,1
1,2026-08-03 05:31:15.195191,1785735075,3202,3.05509259259258,3.05509259259258,2.45,2.45,0.27,0.27,1,1
1,2026-08-03 05:31:16.228441,1785735076,3203,3.0210648148148,3.0210648148148,2.45,2.45,0.18,0.18,1,1
1,2026-08-03 05:31:17.363023,1785735077,3204,2.97569444444443,2.97569444444443,2.45,2.45,0.09,0.09,1,1
1,2026-08-03 05:31:18.641368,1785735078,3205,2.93032407407406,2.93032407407406,2.45,2.45,0.9,0.9,1,1
1,2026-08-03 05:31:19.670320,1785735079,3206,2.88495370370369,2.88495370370369,2.45,2.45,0.81,0.81,1,1
1,2026-08-03 05:31:20.704072,1785735080,3207,2.83958333333332,2.83958333333332,2.45,2.45,0.72,0.72,1,1
1,2026-08-03 05:31:21.705018,1785735081,3208,2.79421296296295,2.79421296296295,2.45,2.45,0.63,0.63,1,1
1,2026-08-03 05:31:22.706091,1785735082,3209,2.76018518518517,2.76018518518517,2.45,2.45,0.54,0.54,1,1
1,2026-08-03 05:31:23.712599,1785735083,3210,2.7148148148148,2.7148148148148,2.45,2.45,0.45,0.45,1,1
1,2026-08-03 05:31:24.740894,1785735084,3211,2.68078703703702,2.68078703703702,2.45,2.45,0.36,0.36,1,1
1,2026-08-03 05:31:25.741991,1785735085,3212,2.63541666666665,2.63541666666665,2.45,2.45,0.27,0.27,1,1
1,2026-08-03 05:31:26.772883,1785735086,3213,2.59004629629628,2.59004629629628,2.45,2.45,0.18,0.18,1,1
1,2026-08-03 05:31:27.806150,1785735087,3214,2.5560185185185,2.5560185185185,2.45,2.45,0.09,0.09,1,1
1,2026-08-03 05:31:28.853823,1785735088,3215,2.51064814814813,2.51064814814813,2.45,2.45,0.9,0.9,1,1
1,2026-08-03 05:31:29.874446,1785735089,3216,2.46527777777776,2.46527777777776,2.45,2.45,0.81,0.81,1,1
1,2026-08-03 05:31:30.895304,1785735090,3217,2.41990740740739,2.41990740740739,2.45,2.45,0.72,0.72,1,1
1,2026-08-03 05:31:31.897365,1785735091,3218,2.37453703703702,2.37453703703702,2.45,2.45,0.63,0.63,1,1
1,2026-08-03 05:31:32.907636,1785735092,3219,2.34050925925924,2.34050925925924,2.45,2.45,0.54,0.54,1,1
1,2026-08-03 05:31:33.930261,1785735093,3220,2.30648148148146,2.30648148148146,2.45,2.45,0.45,0.45,1,1
1,2026-08-03 05:31:34.944747,1785735094,3221,2.26111111111109,2.26111111111109,2.45,2.45,0.36,0.36,1,1
1,2026-08-03 05:31:35.951166,1785735095,3222,2.22708333333331,2.22708333333331,2.45,2.45,0.27,0.27,1,1
1,2026-08-03 05:31:36.953143,1785735096,3223,2.19305555555553,2.19305555555553,2.45,2.45,0.18,0.18,1,1
1,2026-08-03 05:31:37.954500,1785735097,3224,2.14768518518516,2.14768518518516,2.45,2.45,0.09,0.09,1,1
1,2026-08-03 05:31:38.959609,1785735098,3225,2.11365740740738,2.11365740740738,2.45,2.45,0.9,0.9,1,1
1,2026-08-03 05:31:39.974784,1785735099,3226,2.06828703703701,2.06828703703701,2.45,2.45,0.81,0.81,1,1
1,2026-08-03 05:31:40.975999,1785735100,3227,2.02291666666664,2.02291666666664,2.45,2.45,0.72,0.72,1,1
1,2026-08-03 05:31:41.980039,1785735101,3228,4.157,4.157,2.45,2.45,0.63,0.63,1,1
1,2026-08-03 05:31:43.113755,1785735103,3229,1.94351851851849,1.94351851851849,2.45,2.45,0.54,0.54,1,1
1,2026-08-03 05:31:44.130231,1785735104,3230,1.89814814814812,1.89814814814812,2.45,2.45,0.45,0.45,1,1
1,2026-08-03 05:31:45.192365,1785735105,3231,1.85277777777775,1.85277777777775,2.45,2.45,0.36,0.36,1,1
1,2026-08-03 05:31:46.341326,1785735106,3232,1.80740740740738,1.80740740740738,2.45,2.45,0.27,0.27,1,1
1,2026-08-03 05:31:47.372989,1785735107,3233,1.76203703703701,1.76203703703701,2.45,2.45,0.18,0.18,1,1
1,2026-08-03 05:31:48.899719,1785735108,3234,1.71666666666664,1.71666666666664,2.45,2.45,0.09,0.09,1,1
1,2026-08-03 05:31:49.910062,1785735109,3235,1.67129629629627,1.67129629629627,2.45,2.45,0.9,0.9,1,1
1,2026-08-03 05:31:50.948249,1785735110,3236,1.63726851851849,1.63726851851849,2.45,2.45,0.81,0.81,1,1
1,2026-08-03 05:31:51.957956,1785735111,3237,1.60324074074071,1.60324074074071,2.45,2.45,0.72,0.72,1,1
1,2026-08-03 05:31:52.964765,1785735112,3238,1.55787037037034,1.55787037037034,2.45,2.45,0.63,0.63,1,1
1,2026-08-03 05:31:53.991546,1785735113,3239,1.51249999999997,1.51249999999997,2.45,2.45,0.54,0.54,1,1
1,2026-08-03 05:31:54.993149,1785735114,3240,1.47847222222219,1.47847222222219,2.45,2.45,0.45,0.45,1,1
1,2026-08-03 05:31:55.994156,1785735115,3241,1.43310185185182,1.43310185185182,2.45,2.45,0.36,0.36,1,1
1,2026-08-03 05:31:57.006463,1785735117,3242,1.39907407407404,1.39907407407404,2.45,2.45,0.27,0.27,1,1
1,2026-08-03 05:31:58.035750,1785735118,3243,1.35370370370367,1.35370370370367,2.45,2.45,0.18,0.18,1,1
1,2026-08-03 05:31:59.037252,1785735119,3244,1.3083333333333,1.3083333333333,2.45,2.45,0.09,0.09,1,1
1,2026-08-03 05:32:00.039257,1785735120,3245,1.26296296296293,1.26296296296293,2.45,2.45,0.9,0.9,1,1
1,2026-08-03 05:32:01.054471,1785735121,3246,1.22893518518515,1.22893518518515,2.45,2.45,0.81,0.81,1,1
1,2026-08-03 05:32:02.081591,1785735122,3247,1.18356481481478,1.18356481481478,2.45,2.45,0.72,0.72,1,1
1,2026-08-03 05:32:03.083238,1785735123,3248,1.13819444444441,1.13819444444441,2.45,2.45,0.63,0.63,1,1
1,2026-08-03 05:32:04.085433,1785735124,3249,1.09282407407404,1.09282407407404,2.45,2.45,0.54,0.54,1,1
1,2026-08-03 05:32:05.116321,1785735125,3250,1.05879629629626,1.05879629629626,2.45,2.45,0.45,0.45,1,1
1,2026-08-03 05:32:06.125889,1785735126,3251,1.01342592592589,1.01342592592589,2.45,2.45,0.36,0.36,1,1
1,2026-08-03 05:32:07.146292,1785735127,3252,0.968055555555519,0.968055555555519,2.45,2.45,0.27,0.27,1,1
1,2026-08-03 05:32:08.156118,1785735128,3253,0.922685185185148,0.922685185185148,2.45,2.45,0.18,0.18,1,1
1,2026-08-03 05:32:09.157163,1785735129,3254,0.851,0.851,2.45,2.45,0.09,0.09,1,1
1,2026-08-03 05:32:10.167976,1785735130,3255,5.81,5.81,2.45,2.45,0.9,0.9,1,1
1,2026-08-03 05:32:11.171154,1785735131,3256,5.259,5.259,2.45,2.45,0.81,0.81,1,1
1,2026-08-03 05:32:12.187172,1785735132,3257,0.75254629629626,0.75254629629626,2.45,2.45,0.72,0.72,1,1
1,2026-08-03 05:32:13.192428,1785735133,3258,4.157,4.157,2.45,2.45,0.63,0.63,1,1
1,2026-08-03 05:32:14.239277,1785735134,3259,3.606,3.606,2.45,2.45,0.54,0.54,1,1
1,2026-08-03 05:32:15.254153,1785735135,3260,3.055,3.055,2.45,2.45,0.45,0.45,1,1
1,2026-08-03 05:32:16.269791,1785735136,3261,0.582407407407371,0.582407407407371,2.45,2.45,0.36,0.36,1,1
1,2026-08-03 05:32:17.315049,1785735137,3262,0.537037037037,0.537037037037,2.45,2.45,0.27,0.27,1,1
1,2026-08-03 05:32:18.343079,1785735138,3263,1.402,1.402,2.45,2.45,0.18,0.18,1,1
1,2026-08-03 05:32:19.365481,1785735139,3264,0.851,0.851,2.45,2.45,0.09,0.09,1,1
1,2026-08-03 05:32:20.390922,1785735140,3265,5.81,5.81,2.45,2.45,0.9,0.9,1,1
1,2026-08-03 05:32:21.916723,1785735141,3266,5.259,5.259,2.45,2.45,0.81,0.81,1,1
1,2026-08-03 05:32:22.919807,1785735142,3267,4.708,4.708,2.45,2.45,0.72,0.72,1,1
1,2026-08-03 05:32:23.952588,1785735143,3268,0.298842592592556,0.298842592592556,2.45,2.45,0.63,0.63,1,1
1,2026-08-03 05:32:24.988832,1785735144,3269,3.606,3.606,2.45,2.45,0.54,0.54,1,1
1,2026-08-03 05:32:25.991114,1785735145,3270,3.055,3.055,2.45,2.45,0.45,0.45,1,1
1,2026-08-03 05:32:27.001030,1785735147,3271,2.504,2.504,2.45,2.45,0.36,0.36,1,1
1,2026-08-03 05:32:28.039108,1785735148,3272,1.953,1.953,2.45,2.45,0.27,0.27,1,1
1,2026-08-03 05:32:29.049524,1785735149,3273,1.402,1.402,2.45,2.45,0.18,0.18,1,1
1,2026-08-03 05:32:30.062139,1785735150,3274,0.851,0.851,2.45,2.45,0.09,0.09,1,1
1,2026-08-03 05:32:31.091931,1785735151,3275,5.59583333333334,5.59583333333334,2.45,2.45,0.9,0.9,1,1
1,2026-08-03 05:32:32.103050,1785735152,3276,5.55046296296297,5.55046296296297,2.45,2.45,0.81,0.81,1,1
1,2026-08-03 05:32:33.129741,1785735153,3277,4.708,4.708,2.45,2.45,0.72,0.72,1,1
1,2026-08-03 05:32:34.135059,1785735154,3278,4.157,4.157,2.45,2.45,0.72,0.72,1,1
1,2026-08-03 05:32:35.199372,1785735155,3279,5.41435185185187,5.41435185185187,2.45,2.45,0.54,0.54,1,1
1,2026-08-03 05:32:36.204449,1785735156,3280,3.055,3.055,2.45,2.45,0.45,0.45,1,1
1,2026-08-03 05:32:37.207177,1785735157,3281,2.504,2.504,2.45,2.45,0.45,0.45,1,1
1,2026-08-03 05:32:38.228036,1785735158,3282,1.953,1.953,2.45,2.45,0.27,0.27,1,1
1,2026-08-03 05:32:39.238575,1785735159,3283,1.402,1.402,2.45,2.45,0.18,0.18,1,1
1,2026-08-03 05:32:40.282198,1785735160,3284,0.851,0.851,2.45,2.45,0.09,0.09,1,1
1,2026-08-03 05:32:41.289400,1785735161,3285,5.81,5.81,2.45,2.45,0.9,0.9,1,1
1,2026-08-03 05:32:42.294006,1785735162,3286,5.259,5.259,2.45,2.45,0.81,0.81,1,1
1,2026-08-03 05:32:43.305420,1785735163,3287,4.708,4.708,2.45,2.45,0.81,0.81,1,1
1,2026-08-03 05:32:44.336105,1785735164,3288,4.157,4.157,2.45,2.45,0.72,0.72,1,1
1,2026-08-03 05:32:45.382045,1785735165,3289,3.606,3.606,2.45,2.45,0.54,0.54,1,1
1,2026-08-03 05:32:46.386811,1785735166,3290,3.055,3.055,2.45,2.45,0.45,0.45,1,1
1,2026-08-03 05:32:47.396604,1785735167,3291,2.504,2.504,2.45,2.45,0.36,0.36,1,1
1,2026-08-03 05:32:48.417927,1785735168,3292,1.953,1.953,2.45,2.45,0.27,0.27,1,1
1,2026-08-03 05:32:49.439052,1785735169,3293,1.402,1.402,2.45,2.45,0.18,0.18,1,1
1,2026-08-03 05:32:50.440921,1785735170,3294,0.851,0.851,2.45,2.45,0.18,0.18,1,1
1,2026-08-03 05:32:51.479717,1785735171,3295,4.73379629629631,4.73379629629631,2.45,2.45,0.9,0.9,1,1
1,2026-08-03 05:32:52.481689,1785735172,3296,5.259,5.259,2.45,2.45,0.9,0.9,1,1
1,2026-08-03 05:32:54.044504,1785735174,3297,4.708,4.708,2.45,2.45,0.72,0.72,1,1
1,2026-08-03 05:32:55.049000,1785735175,3298,4.157,4.157,2.45,2.45,0.63,0.63,1,1
1,2026-08-03 05:32:56.075547,1785735176,3299,3.606,3.606,2.45,2.45,0.54,0.54,1,1
1,2026-08-03 05:32:57.095495,1785735177,3300,3.055,3.055,2.45,2.45,0.45,0.45,1,1
1,2026-08-03 05:32:58.112251,1785735178,3301,4.48425925925927,4.48425925925927,2.45,2.45,0.36,0.36,1,1
1,2026-08-03 05:32:59.143019,1785735179,3302,1.953,1.953,2.45,2.45,0.36,0.36,1,1
1,2026-08-03 05:33:00.174639,1785735180,3303,1.402,1.402,2.45,2.45,0.27,0.27,1,1
1,2026-08-03 05:33:01.194625,1785735181,3304,0.851,0.851,2.45,2.45,0.09,0.09,1,1
1,2026-08-03 05:33:02.195669,1785735182,3305,4.30277777777778,4.30277777777778,2.45,2.45,0.9,0.9,1,1
1,2026-08-03 05:33:03.218917,1785735183,3306,5.259,5.259,2.45,2.45,0.81,0.81,1,1
1,2026-08-03 05:33:04.221781,1785735184,3307,4.22337962962963,4.22337962962963,2.45,2.45,0.72,0.72,1,1
1,2026-08-03 05:33:05.248475,1785735185,3308,4.157,4.157,2.45,2.45,0.63,0.63,1,1
1,2026-08-03 05:33:06.274459,1785735186,3309,3.606,3.606,2.45,2.45,0.54,0.54,1,1
1,2026-08-03 05:33:07.297508,1785735187,3310,4.09861111111111,4.09861111111111,2.45,2.45,0.45,0.45,1,1
1,2026-08-03 05:33:08.342426,1785735188,3311,2.504,2.504,2.45,2.45,0.36,0.36,1,1
1,2026-08-03 05:33:09.365760,1785735189,3312,1.953,1.953,2.45,2.45,0.27,0.27,1,1
1,2026-08-03 05:33:10.392511,1785735190,3313,1.402,1.402,2.45,2.45,0.18,0.18,1,1
1,2026-08-03 05:33:11.433795,1785735191,3314,3.91712962962963,3.91712962962963,2.45,2.45,0.09,0.09,1,1
1,2026-08-03 05:33:12.445531,1785735192,3315,5.81,5.81,2.45,2.45,0.9,0.9,1,1
1,2026-08-03 05:33:13.457191,1785735193,3316,5.259,5.259,2.45,2.45,0.81,0.81,1,1
1,2026-08-03 05:33:14.462298,1785735194,3317,4.708,4.708,2.45,2.45,0.81,0.81,1,1
1,2026-08-03 05:33:15.474507,1785735195,3318,4.157,4.157,2.45,2.45,0.72,0.72,1,1
1,2026-08-03 05:33:16.531288,1785735196,3319,3.70162037037037,3.70162037037037,2.45,2.45,0.54,0.54,1,1
1,2026-08-03 05:33:17.544397,1785735197,3320,3.055,3.055,2.45,2.45,0.45,0.45,1,1
1,2026-08-03 05:33:18.563743,1785735198,3321,2.504,2.504,2.45,2.45,0.36,0.36,1,1
1,2026-08-03 05:33:19.574117,1785735199,3322,3.57685185185185,3.57685185185185,2.45,2.45,0.27,0.27,1,1
1,2026-08-03 05:33:20.577573,1785735200,3323,3.53148148148148,3.53148148148148,2.45,2.45,0.18,0.18,1,1
1,2026-08-03 05:33:21.649141,1785735201,3324,3.4974537037037,3.4974537037037,2.45,2.45,0.09,0.09,1,1
1,2026-08-03 05:33:22.667978,1785735202,3325,3.45208333333333,3.45208333333333,2.45,2.45,0.9,0.9,1,1
1,2026-08-03 05:33:23.678231,1785735203,3326,3.41805555555555,3.41805555555555,2.45,2.45,0.81,0.81,1,1
1,2026-08-03 05:33:24.687819,1785735204,3327,3.37268518518518,3.37268518518518,2.45,2.45,0.72,0.72,1,1
1,2026-08-03 05:33:25.714458,1785735205,3328,3.3386574074074,3.3386574074074,2.45,2.45,0.63,0.63,1,1
1,2026-08-03 05:33:27.258180,1785735207,3329,3.29328703703703,3.29328703703703,2.45,2.45,0.54,0.54,1,1
1,2026-08-03 05:33:28.263981,1785735208,3330,3.24791666666666,3.24791666666666,2.45,2.45,0.45,0.45,1,1
1,2026-08-03 05:33:29.277976,1785735209,3331,3.20254629629629,3.20254629629629,2.45,2.45,0.36,0.36,1,1
1,2026-08-03 05:33:30.281184,1785735210,3332,3.15717592592592,3.15717592592592,2.45,2.45,0.27,0.27,1,1
1,2026-08-03 05:33:31.309475,1785735211,3333,3.12314814814814,3.12314814814814,2.45,2.45,0.18,0.18,1,1
1,2026-08-03 05:33:32.335329,1785735212,3334,3.07777777777777,3.07777777777777,2.45,2.45,0.09,0.09,1,1
1,2026-08-03 05:33:33.338887,1785735213,3335,3.0324074074074,3.0324074074074,2.45,2.45,0.9,0.9,1,1
1,2026-08-03 05:33:34.351427,1785735214,3336,2.98703703703702,2.98703703703702,2.45,2.45,0.81,0.81,1,1
1,2026-08-03 05:33:35.352342,1785735215,3337,2.94166666666665,2.94166666666665,2.45,2.45,0.81,0.81,1,1
1,2026-08-03 05:33:36.355193,1785735216,3338,2.90763888888888,2.90763888888888,2.45,2.45,0.72,0.72,1,1
1,2026-08-03 05:33:37.362898,1785735217,3339,2.8622685185185,2.8622685185185,2.45,2.45,0.63,0.63,1,1
1,2026-08-03 05:33:38.367105,1785735218,3340,2.81689814814813,2.81689814814813,2.45,2.45,0.54,0.54,1,1
1,2026-08-03 05:33:39.373511,1785735219,3341,2.77152777777776,2.77152777777776,2.45,2.45,0.45,0.45,1,1
1,2026-08-03 05:33:40.383270,1785735220,3342,2.73749999999998,2.73749999999998,2.45,2.45,0.36,0.36,1,1
1,2026-08-03 05:33:41.387333,1785735221,3343,2.69212962962961,2.69212962962961,2.45,2.45,0.27,0.27,1,1
1,2026-08-03 05:33:42.396227,1785735222,3344,2.64675925925924,2.64675925925924,2.45,2.45,0.18,0.18,1,1
1,2026-08-03 05:33:43.403820,1785735223,3345,2.60138888888887,2.60138888888887,2.45,2.45,0.09,0.09,1,1
1,2026-08-03 05:33:44.412140,1785735224,3346,2.56736111111109,2.56736111111109,2.45,2.45,0.9,0.9,1,1
1,2026-08-03 05:33:45.413854,1785735225,3347,2.52199074074072,2.52199074074072,2.45,2.45,0.81,0.81,1,1
1,2026-08-03 05:33:46.421096,1785735226,3348,2.47662037037035,2.47662037037035,2.45,2.45,0.72,0.72,1,1
1,2026-08-03 05:33:47.431575,1785735227,3349,2.43124999999998,2.43124999999998,2.45,2.45,0.63,0.63,1,1
1,2026-08-03 05:33:48.434009,1785735228,3350,2.3972222222222,2.3972222222222,2.45,2.45,0.54,0.54,1,1
1,2026-08-03 05:33:49.441115,1785735229,3351,2.35185185185183,2.35185185185183,2.45,2.45,0.45,0.45,1,1
1,2026-08-03 05:33:50.442496,1785735230,3352,2.30648148148146,2.30648148148146,2.45,2.45,0.36,0.36,1,1
1,2026-08-03 05:33:51.445826,1785735231,3353,2.26111111111109,2.26111111111109,2.45,2.45,0.27,0.27,1,1
1,2026-08-03 05:33:52.455890,1785735232,3354,2.22708333333331,2.22708333333331,2.45,2.45,0.18,0.18,1,1
1,2026-08-03 05:33:53.473876,1785735233,3355,2.18171296296294,2.18171296296294,2.45,2.45,0.09,0.09,1,1
1,2026-08-03 05:33:54.477277,1785735234,3356,2.13634259259257,2.13634259259257,2.45,2.45,0.9,0.9,1,1
1,2026-08-03 05:33:55.492748,1785735235,3357,2.0909722222222,2.0909722222222,2.45,2.45,0.81,0.81,1,1
1,2026-08-03 05:33:56.503225,1785735236,3358,2.05694444444442,2.05694444444442,2.45,2.45,0.72,0.72,1,1
1,2026-08-03 05:33:57.506464,1785735237,3359,2.01157407407405,2.01157407407405,2.45,2.45,0.63,0.63,1,1
1,2026-08-03 05:33:58.515513,1785735238,3360,1.96620370370368,1.96620370370368,2.45,2.45,0.54,0.54,1,1
1,2026-08-03 05:34:00.062713,1785735240,3361,1.9321759259259,1.9321759259259,2.45,2.45,0.45,0.45,1,1
1,2026-08-03 05:34:01.123661,1785735241,3362,1.88680555555553,1.88680555555553,2.45,2.45,0.36,0.36,1,1
1,2026-08-03 05:34:02.125513,1785735242,3363,1.84143518518516,1.84143518518516,2.45,2.45,0.27,0.27,1,1
1,2026-08-03 05:34:03.126315,1785735243,3364,1.79606481481479,1.79606481481479,2.45,2.45,0.18,0.18,1,1
1,2026-08-03 05:34:04.194564,1785735244,3365,1.76203703703701,1.76203703703701,2.45,2.45,0.09,0.09,1,1
1,2026-08-03 05:34:05.205900,1785735245,3366,1.71666666666664,1.71666666666664,2.45,2.45,0.9,0.9,1,1
1,2026-08-03 05:34:06.209227,1785735246,3367,1.67129629629627,1.67129629629627,2.45,2.45,0.81,0.81,1,1
1,2026-08-03 05:34:07.225180,1785735247,3368,1.63726851851849,1.63726851851849,2.45,2.45,0.72,0.72,1,1
1,2026-08-03 05:34:08.229179,1785735248,3369,1.59189814814812,1.59189814814812,2.45,2.45,0.63,0.63,1,1
1,2026-08-03 05:34:09.233238,1785735249,3370,1.54652777777775,1.54652777777775,2.45,2.45,0.54,0.54,1,1
1,2026-08-03 05:34:10.246147,1785735250,3371,1.50115740740738,1.50115740740738,2.45,2.45,0.45,0.45,1,1
1,2026-08-03 05:34:11.279381,1785735251,3372,1.4671296296296,1.4671296296296,2.45,2.45,0.36,0.36,1,1
1,2026-08-03 05:34:12.291542,1785735252,3373,1.42175925925923,1.42175925925923,2.45,2.45,0.27,0.27,1,1
1,2026-08-03 05:34:13.297787,1785735253,3374,1.37638888888886,1.37638888888886,2.45,2.45,0.18,0.18,1,1
1,2026-08-03 05:34:14.299820,1785735254,3375,1.33101851851849,1.33101851851849,2.45,2.45,0.09,0.09,1,1
1,2026-08-03 05:34:15.319644,1785735255,3376,1.28564814814812,1.28564814814812,2.45,2.45,0.9,0.9,1,1
1,2026-08-03 05:34:16.327808,1785735256,3377,1.25162037037034,1.25162037037034,2.45,2.45,0.81,0.81,1,1
1,2026-08-03 05:34:17.337395,1785735257,3378,1.20624999999997,1.20624999999997,2.45,2.45,0.72,0.72,1,1
1,2026-08-03 05:34:18.517283,1785735258,3379,1.17222222222219,1.17222222222219,2.45,2.45,0.63,0.63,1,1
1,2026-08-03 05:34:19.540068,1785735259,3380,1.11550925925922,1.11550925925922,2.45,2.45,0.54,0.54,1,1
1,2026-08-03 05:34:20.547078,1785735260,3381,1.08148148148145,1.08148148148145,2.45,2.45,0.45,0.45,1,1
1,2026-08-03 05:34:21.553886,1785735261,3382,1.03611111111107,1.03611111111107,2.45,2.45,0.36,0.36,1,1
1,2026-08-03 05:34:22.603167,1785735262,3383,0.990740740740704,0.990740740740704,2.45,2.45,0.27,0.27,1,1
1,2026-08-03 05:34:23.608576,1785735263,3384,0.956712962962926,0.956712962962926,2.45,2.45,0.18,0.18,1,1
1,2026-08-03 05:34:24.612314,1785735264,3385,0.911342592592556,0.911342592592556,2.45,2.45,0.09,0.09,1,1
1,2026-08-03 05:34:25.684515,1785735265,3386,0.877314814814778,0.877314814814778,2.45,2.45,0.9,0.9,1,1
1,2026-08-03 05:34:26.724872,1785735266,3387,0.831944444444408,0.831944444444408,2.45,2.45,0.81,0.81,1,1
1,2026-08-03 05:34:27.730025,1785735267,3388,0.786574074074037,0.786574074074037,2.45,2.45,0.72,0.72,1,1
1,2026-08-03 05:34:28.798729,1785735268,3389,0.741203703703667,0.741203703703667,2.45,2.45,0.63,0.63,1,1
1,2026-08-03 05:34:29.808695,1785735269,3390,0.707175925925889,0.707175925925889,2.45,2.45,0.54,0.54,1,1
1,2026-08-03 05:34:30.819179,1785735270,3391,0.661805555555519,0.661805555555519,2.45,2.45,0.45,0.45,1,1
1,2026-08-03 05:34:31.830994,1785735271,3392,0.627777777777741,0.627777777777741,2.45,2.45,0.36,0.36,1,1
1,2026-08-03 05:34:33.492807,1785735273,3393,0.593749999999963,0.593749999999963,2.45,2.45,0.27,0.27,1,1
1,2026-08-03 05:34:34.497388,1785735274,3394,0.537037037037,0.537037037037,2.45,2.45,0.18,0.18,1,1
1,2026-08-03 05:34:35.506025,1785735275,3395,0.503009259259223,0.503009259259223,2.45,2.45,0.09,0.09,1,1
1,2026-08-03 05:34:36.539679,1785735276,3396,0.457638888888852,0.457638888888852,2.45,2.45,0.9,0.9,1,1
1,2026-08-03 05:34:37.604134,1785735277,3397,0.412268518518482,0.412268518518482,2.45,2.45,0.81,0.81,1,1
1,2026-08-03 05:34:38.646135,1785735278,3398,0.366898148148112,0.366898148148112,2.45,2.45,0.72,0.72,1,1
1,2026-08-03 05:34:39.697250,1785735279,3399,0.321527777777741,0.321527777777741,2.45,2.45,0.63,0.63,1,1
1,2026-08-03 05:34:40.719293,1785735280,3400,0.298842592592556,0.298842592592556,2.45,2.45,0.54,0.54,1,1
1,2026-08-03 05:34:41.735549,1785735281,3401,3.055,3.055,2.45,2.45,0.45,0.45,1,1
1,2026-08-03 05:34:42.737065,1785735282,3402,5.8,5.8,2.45,2.45,0.36,0.36,1,1
1,2026-08-03 05:34:43.744114,1785735283,3403,5.76597222222222,5.76597222222222,2.45,2.45,0.27,0.27,1,1
1,2026-08-03 05:34:44.749216,1785735284,3404,5.72060185185185,5.72060185185185,2.45,2.45,0.18,0.18,1,1
1,2026-08-03 05:34:45.758683,1785735285,3405,5.68657407407408,5.68657407407408,2.45,2.45,0.09,0.09,1,1
1,2026-08-03 05:34:46.761734,1785735286,3406,5.64120370370371,5.64120370370371,2.45,2.45,0.9,0.9,1,1
1,2026-08-03 05:34:47.776732,1785735287,3407,5.59583333333334,5.59583333333334,2.45,2.45,0.81,0.81,1,1
1,2026-08-03 05:34:48.938238,1785735288,3408,5.55046296296297,5.55046296296297,2.45,2.45,0.72,0.72,1,1
1,2026-08-03 05:34:49.948589,1785735289,3409,5.5050925925926,5.5050925925926,2.45,2.45,0.63,0.63,1,1
1,2026-08-03 05:34:50.954298,1785735290,3410,5.47106481481483,5.47106481481483,2.45,2.45,0.54,0.54,1,1
1,2026-08-03 05:34:51.955466,1785735291,3411,5.43703703703705,5.43703703703705,2.45,2.45,0.45,0.45,1,1
1,2026-08-03 05:34:52.977528,1785735292,3412,5.39166666666668,5.39166666666668,2.45,2.45,0.36,0.36,1,1
1,2026-08-03 05:34:53.979484,1785735293,3413,5.34629629629631,5.34629629629631,2.45,2.45,0.27,0.27,1,1
1,2026-08-03 05:34:55.072774,1785735295,3414,5.31226851851854,5.31226851851854,2.45,2.45,0.18,0.18,1,1
1,2026-08-03 05:34:56.078478,1785735296,3415,5.26689814814817,5.26689814814817,2.45,2.45,0.09,0.09,1,1
1,2026-08-03 05:34:57.088844,1785735297,3416,5.22152777777779,5.22152777777779,2.45,2.45,0.9,0.9,1,1
1,2026-08-03 05:34:58.091430,1785735298,3417,5.17615740740742,5.17615740740742,2.45,2.45,0.81,0.81,1,1
1,2026-08-03 05:34:59.096266,1785735299,3418,5.13078703703705,5.13078703703705,2.45,2.45,0.72,0.72,1,1
1,2026-08-03 05:35:00.111128,1785735300,3419,5.09675925925927,5.09675925925927,2.45,2.45,0.63,0.63,1,1
1,2026-08-03 05:35:01.116086,1785735301,3420,5.0513888888889,5.0513888888889,2.45,2.45,0.54,0.54,1,1
1,2026-08-03 05:35:02.183697,1785735302,3421,5.00601851851853,5.00601851851853,2.45,2.45,0.45,0.45,1,1
1,2026-08-03 05:35:03.199969,1785735303,3422,4.96064814814816,4.96064814814816,2.45,2.45,0.36,0.36,1,1
1,2026-08-03 05:35:04.202042,1785735304,3423,4.92662037037038,4.92662037037038,2.45,2.45,0.27,0.27,1,1
1,2026-08-03 05:35:05.207720,1785735305,3424,4.88125000000001,4.88125000000001,2.45,2.45,0.18,0.18,1,1
1,2026-08-03 05:35:06.734435,1785735306,3425,4.83587962962964,4.83587962962964,2.45,2.45,0.09,0.09,1,1
1,2026-08-03 05:35:07.739904,1785735307,3426,4.79050925925927,4.79050925925927,2.45,2.45,0.9,0.9,1,1
1,2026-08-03 05:35:08.752655,1785735308,3427,4.75648148148149,4.75648148148149,2.45,2.45,0.81,0.81,1,1
1,2026-08-03 05:35:09.759642,1785735309,3428,4.71111111111112,4.71111111111112,2.45,2.45,0.72,0.72,1,1
1,2026-08-03 05:35:10.767331,1785735310,3429,4.66574074074075,4.66574074074075,2.45,2.45,0.63,0.63,1,1
1,2026-08-03 05:35:11.772857,1785735311,3430,4.62037037037038,4.62037037037038,2.45,2.45,0.54,0.54,1,1
1,2026-08-03 05:35:12.774498,1785735312,3431,4.5863425925926,4.5863425925926,2.45,2.45,0.45,0.45,1,1
1,2026-08-03 05:35:13.781636,1785735313,3432,4.54097222222223,4.54097222222223,2.45,2.45,0.36,0.36,1,1
1,2026-08-03 05:35:14.783721,1785735314,3433,4.49560185185186,4.49560185185186,2.45,2.45,0.27,0.27,1,1
1,2026-08-03 05:35:15.784937,1785735315,3434,4.45023148148149,4.45023148148149,2.45,2.45,0.18,0.18,1,1
1,2026-08-03 05:35:16.786908,1785735316,3435,4.41620370370371,4.41620370370371,2.45,2.45,0.09,0.09,1,1
1,2026-08-03 05:35:17.788729,1785735317,3436,4.37083333333334,4.37083333333334,2.45,2.45,0.9,0.9,1,1
1,2026-08-03 05:35:18.792870,1785735318,3437,4.32546296296297,4.32546296296297,2.45,2.45,0.81,0.81,1,1
1,2026-08-03 05:35:19.793730,1785735319,3438,4.2800925925926,4.2800925925926,2.45,2.45,0.72,0.72,1,1
1,2026-08-03 05:35:20.795245,1785735320,3439,4.24606481481482,4.24606481481482,2.45,2.45,0.63,0.63,1,1
1,2026-08-03 05:35:21.802588,1785735321,3440,4.20069444444445,4.20069444444445,2.45,2.45,0.54,0.54,1,1
1,2026-08-03 05:35:22.820536,1785735322,3441,4.15532407407408,4.15532407407408,2.45,2.45,0.45,0.45,1,1
1,2026-08-03 05:35:23.871032,1785735323,3442,4.10995370370371,4.10995370370371,2.45,2.45,0.36,0.36,1,1
1,2026-08-03 05:35:24.909089,1785735324,3443,4.07592592592593,4.07592592592593,2.45,2.45,0.27,0.27,1,1
1,2026-08-03 05:35:25.911057,1785735325,3444,4.03055555555556,4.03055555555556,2.45,2.45,0.18,0.18,1,1
1,2026-08-03 05:35:26.916604,1785735326,3445,3.98518518518519,3.98518518518519,2.45,2.45,0.09,0.09,1,1
1,2026-08-03 05:35:27.927363,1785735327,3446,3.95115740740741,3.95115740740741,2.45,2.45,0.9,0.9,1,1
1,2026-08-03 05:35:28.929210,1785735328,3447,3.90578703703704,3.90578703703704,2.45,2.45,0.81,0.81,1,1
1,2026-08-03 05:35:30.114937,1785735330,3448,3.86041666666667,3.86041666666667,2.45,2.45,0.72,0.72,1,1
1,2026-08-03 05:35:31.144811,1785735331,3449,3.81504629629629,3.81504629629629,2.45,2.45,0.63,0.63,1,1
1,2026-08-03 05:35:32.159766,1785735332,3450,3.76967592592592,3.76967592592592,2.45,2.45,0.54,0.54,1,1
1,2026-08-03 05:35:33.183286,1785735333,3451,3.72430555555555,3.72430555555555,2.45,2.45,0.45,0.45,1,1
1,2026-08-03 05:35:34.184740,1785735334,3452,3.69027777777777,3.69027777777777,2.45,2.45,0.36,0.36,1,1
1,2026-08-03 05:35:35.230070,1785735335,3453,3.65625,3.65625,2.45,2.45,0.27,0.27,1,1
1,2026-08-03 05:35:36.234152,1785735336,3454,3.61087962962963,3.61087962962963,2.45,2.45,0.18,0.18,1,1
1,2026-08-03 05:35:37.240574,1785735337,3455,3.56550925925925,3.56550925925925,2.45,2.45,0.09,0.09,1,1
1,2026-08-03 05:35:38.248412,1785735338,3456,3.52013888888888,3.52013888888888,2.45,2.45,0.9,0.9,1,1
1,2026-08-03 05:35:39.781318,1785735339,3457,3.47476851851851,3.47476851851851,2.45,2.45,0.81,0.81,1,1
1,2026-08-03 05:35:40.787881,1785735340,3458,3.44074074074073,3.44074074074073,2.45,2.45,0.72,0.72,1,1
1,2026-08-03 05:35:41.796349,1785735341,3459,3.39537037037036,3.39537037037036,2.45,2.45,0.63,0.63,1,1
1,2026-08-03 05:35:42.797581,1785735342,3460,3.34999999999999,3.34999999999999,2.45,2.45,0.54,0.54,1,1
1,2026-08-03 05:35:43.801196,1785735343,3461,3.30462962962962,3.30462962962962,2.45,2.45,0.45,0.45,1,1
1,2026-08-03 05:35:44.805174,1785735344,3462,3.27060185185184,3.27060185185184,2.45,2.45,0.36,0.36,1,1
1,2026-08-03 05:35:45.809202,1785735345,3463,3.22523148148147,3.22523148148147,2.45,2.45,0.27,0.27,1,1
1,2026-08-03 05:35:46.810448,1785735346,3464,3.1798611111111,3.1798611111111,2.45,2.45,0.18,0.18,1,1
1,2026-08-03 05:35:47.817121,1785735347,3465,3.13449074074073,3.13449074074073,2.45,2.45,0.09,0.09,1,1
1,2026-08-03 05:35:48.818120,1785735348,3466,3.10046296296295,3.10046296296295,2.45,2.45,0.9,0.9,1,1
1,2026-08-03 05:35:49.823895,1785735349,3467,3.05509259259258,3.05509259259258,2.45,2.45,0.81,0.81,1,1
1,2026-08-03 05:35:50.825658,1785735350,3468,3.00972222222221,3.00972222222221,2.45,2.45,0.72,0.72,1,1
1,2026-08-03 05:35:51.833756,1785735351,3469,2.97569444444443,2.97569444444443,2.45,2.45,0.63,0.63,1,1
1,2026-08-03 05:35:52.835829,1785735352,3470,2.93032407407406,2.93032407407406,2.45,2.45,0.54,0.54,1,1
1,2026-08-03 05:35:53.837575,1785735353,3471,2.88495370370369,2.88495370370369,2.45,2.45,0.45,0.45,1,1
1,2026-08-03 05:35:54.861875,1785735354,3472,2.83958333333332,2.83958333333332,2.45,2.45,0.36,0.36,1,1
1,2026-08-03 05:35:55.867573,1785735355,3473,2.80555555555554,2.80555555555554,2.45,2.45,0.27,0.27,1,1
1,2026-08-03 05:35:56.877960,1785735356,3474,2.76018518518517,2.76018518518517,2.45,2.45,0.18,0.18,1,1
1,2026-08-03 05:35:57.886850,1785735357,3475,2.7148148148148,2.7148148148148,2.45,2.45,0.09,0.09,1,1
1,2026-08-03 05:35:58.894103,1785735358,3476,2.68078703703702,2.68078703703702,2.45,2.45,0.9,0.9,1,1
1,2026-08-03 05:35:59.914046,1785735359,3477,2.63541666666665,2.63541666666665,2.45,2.45,0.81,0.81,1,1
1,2026-08-03 05:36:00.926048,1785735360,3478,2.59004629629628,2.59004629629628,2.45,2.45,0.72,0.72,1,1
1,2026-08-03 05:36:01.933471,1785735361,3479,2.54467592592591,2.54467592592591,2.45,2.45,0.63,0.63,1,1
1,2026-08-03 05:36:02.955606,1785735362,3480,2.51064814814813,2.51064814814813,2.45,2.45,0.54,0.54,1,1
1,2026-08-03 05:36:04.011918,1785735364,3481,2.46527777777776,2.46527777777776,2.45,2.45,0.45,0.45,1,1
1,2026-08-03 05:36:05.018185,1785735365,3482,2.504,2.504,2.45,2.45,0.36,0.36,1,1
1,2026-08-03 05:36:06.021684,1785735366,3483,1.953,1.953,2.45,2.45,0.27,0.27,1,1
1,2026-08-03 05:36:07.034506,1785735367,3484,2.34050925925924,2.34050925925924,2.45,2.45,0.18,0.18,1,1
1,2026-08-03 05:36:08.048516,1785735368,3485,0.851,0.851,2.45,2.45,0.09,0.09,1,1
1,2026-08-03 05:36:09.051478,1785735369,3486,5.81,5.81,2.45,2.45,0.9,0.9,1,1
1,2026-08-03 05:36:10.056181,1785735370,3487,5.259,5.259,2.45,2.45,0.81,0.81,1,1
1,2026-08-03 05:36:11.099409,1785735371,3488,4.708,4.708,2.45,2.45,0.72,0.72,1,1
1,2026-08-03 05:36:12.707354,1785735372,3489,2.13634259259257,2.13634259259257,2.45,2.45,0.63,0.63,1,1
1,2026-08-03 05:36:13.710160,1785735373,3490,3.606,3.606,2.45,2.45,0.54,0.54,1,1
1,2026-08-03 05:36:14.714936,1785735374,3491,3.055,3.055,2.45,2.45,0.45,0.45,1,1
1,2026-08-03 05:36:15.719732,1785735375,3492,2.504,2.504,2.45,2.45,0.36,0.36,1,1
1,2026-08-03 05:36:16.730893,1785735376,3493,1.953,1.953,2.45,2.45,0.27,0.27,1,1
1,2026-08-03 05:36:17.736080,1785735377,3494,1.92083333333331,1.92083333333331,2.45,2.45,0.18,0.18,1,1
1,2026-08-03 05:36:18.785570,1785735378,3495,1.88680555555553,1.88680555555553,2.45,2.45,0.09,0.09,1,1
1,2026-08-03 05:36:19.798315,1785735379,3496,5.81,5.81,2.45,2.45,0.9,0.9,1,1
1,2026-08-03 05:36:20.809154,1785735380,3497,5.259,5.259,2.45,2.45,0.81,0.81,1,1
1,2026-08-03 05:36:21.812012,1785735381,3498,4.708,4.708,2.45,2.45,0.72,0.72,1,1
1,2026-08-03 05:36:22.838993,1785735382,3499,4.157,4.157,2.45,2.45,0.63,0.63,1,1
1,2026-08-03 05:36:23.849732,1785735383,3500,3.606,3.606,2.45,2.45,0.54,0.54,1,1
1,2026-08-03 05:36:24.881397,1785735384,3501,1.6259259259259,1.6259259259259,2.45,2.45,0.45,0.45,1,1
1,2026-08-03 05:36:25.893079,1785735385,3502,2.504,2.504,2.45,2.45,0.36,0.36,1,1
1,2026-08-03 05:36:26.906504,1785735386,3503,1.953,1.953,2.45,2.45,0.27,0.27,1,1
1,2026-08-03 05:36:27.915860,1785735387,3504,1.402,1.402,2.45,2.45,0.18,0.18,1,1
1,2026-08-03 05:36:28.928507,1785735388,3505,0.851,0.851,2.45,2.45,0.09,0.09,1,1
1,2026-08-03 05:36:29.971208,1785735389,3506,1.42175925925923,1.42175925925923,2.45,2.45,0.9,0.9,1,1
1,2026-08-03 05:36:30.976731,1785735390,3507,5.259,5.259,2.45,2.45,0.81,0.81,1,1
1,2026-08-03 05:36:31.988544,1785735391,3508,4.708,4.708,2.45,2.45,0.81,0.81,1,1
1,2026-08-03 05:36:33.028718,1785735393,3509,4.157,4.157,2.45,2.45,0.72,0.72,1,1
1,2026-08-03 05:36:34.051428,1785735394,3510,1.26296296296293,1.26296296296293,2.45,2.45,0.63,0.63,1,1
1,2026-08-03 05:36:35.064830,1785735395,3511,3.055,3.055,2.45,2.45,0.54,0.54,1,1
1,2026-08-03 05:36:36.144153,1785735396,3512,1.18356481481478,1.18356481481478,2.45,2.45,0.36,0.36,1,1
1,2026-08-03 05:36:37.147489,1785735397,3513,1.953,1.953,2.45,2.45,0.27,0.27,1,1
1,2026-08-03 05:36:38.149936,1785735398,3514,1.402,1.402,2.45,2.45,0.18,0.18,1,1
1,2026-08-03 05:36:39.152924,1785735399,3515,1.04745370370367,1.04745370370367,2.45,2.45,0.18,0.18,1,1
1,2026-08-03 05:36:40.189300,1785735400,3516,5.81,5.81,2.45,2.45,0.9,0.9,1,1
1,2026-08-03 05:36:41.195993,1785735401,3517,5.259,5.259,2.45,2.45,0.9,0.9,1,1
1,2026-08-03 05:36:42.240703,1785735402,3518,4.708,4.708,2.45,2.45,0.72,0.72,1,1
1,2026-08-03 05:36:43.249286,1785735403,3519,4.157,4.157,2.45,2.45,0.63,0.63,1,1
1,2026-08-03 05:36:44.275472,1785735404,3520,3.606,3.606,2.45,2.45,0.54,0.54,1,1
1,2026-08-03 05:36:45.806679,1785735405,3521,3.055,3.055,2.45,2.45,0.45,0.45,1,1
1,2026-08-03 05:36:46.840922,1785735406,3522,0.75254629629626,0.75254629629626,2.45,2.45,0.36,0.36,1,1
1,2026-08-03 05:36:47.855848,1785735407,3523,0.707175925925889,0.707175925925889,2.45,2.45,0.27,0.27,1,1
1,2026-08-03 05:36:48.857968,1785735408,3524,0.661805555555519,0.661805555555519,2.45,2.45,0.18,0.18,1,1
1,2026-08-03 05:36:49.921927,1785735409,3525,0.616435185185149,0.616435185185149,2.45,2.45,0.09,0.09,1,1
1,2026-08-03 05:36:50.927973,1785735410,3526,5.81,5.81,2.45,2.45,0.9,0.9,1,1
1,2026-08-03 05:36:51.933487,1785735411,3527,0.537037037037,0.537037037037,2.45,2.45,0.81,0.81,1,1
1,2026-08-03 05:36:52.943729,1785735412,3528,0.49166666666663,0.49166666666663,2.45,2.45,0.72,0.72,1,1
1,2026-08-03 05:36:53.958573,1785735413,3529,0.457638888888852,0.457638888888852,2.45,2.45,0.63,0.63,1,1
1,2026-08-03 05:36:54.970617,1785735414,3530,0.412268518518482,0.412268518518482,2.45,2.45,0.54,0.54,1,1
1,2026-08-03 05:36:55.972545,1785735415,3531,0.366898148148112,0.366898148148112,2.45,2.45,0.45,0.45,1,1
1,2026-08-03 05:36:56.997929,1785735416,3532,0.332870370370334,0.332870370370334,2.45,2.45,0.36,0.36,1,1
1,2026-08-03 05:36:58.008194,1785735418,3533,0.298842592592556,0.298842592592556,2.45,2.45,0.27,0.27,1,1
1,2026-08-03 05:36:59.032843,1785735419,3534,1.953,1.953,2.45,2.45,0.18,0.18,1,1
1,2026-08-03 05:37:00.054717,1785735420,3535,1.402,1.402,2.45,2.45,0.09,0.09,1,1
1,2026-08-03 05:37:01.056269,1785735421,3536,5.76597222222222,5.76597222222222,2.45,2.45,0.09,0.09,1,1
1,2026-08-03 05:37:02.090889,1785735422,3537,5.73194444444445,5.73194444444445,2.45,2.45,0.81,0.81,1,1
1,2026-08-03 05:37:03.101722,1785735423,3538,5.68657407407408,5.68657407407408,2.45,2.45,0.72,0.72,1,1
1,2026-08-03 05:37:04.104051,1785735424,3539,5.64120370370371,5.64120370370371,2.45,2.45,0.63,0.63,1,1
1,2026-08-03 05:37:05.127820,1785735425,3540,5.60717592592593,5.60717592592593,2.45,2.45,0.54,0.54,1,1
1,2026-08-03 05:37:06.147768,1785735426,3541,5.56180555555556,5.56180555555556,2.45,2.45,0.45,0.45,1,1
1,2026-08-03 05:37:07.168775,1785735427,3542,5.5164351851852,5.5164351851852,2.45,2.45,0.36,0.36,1,1
1,2026-08-03 05:37:08.170860,1785735428,3543,5.47106481481483,5.47106481481483,2.45,2.45,0.27,0.27,1,1
1,2026-08-03 05:37:09.212767,1785735429,3544,5.43703703703705,5.43703703703705,2.45,2.45,0.18,0.18,1,1
1,2026-08-03 05:37:10.214926,1785735430,3545,5.39166666666668,5.39166666666668,2.45,2.45,0.09,0.09,1,1
1,2026-08-03 05:37:11.256894,1785735431,3546,5.34629629629631,5.34629629629631,2.45,2.45,0.9,0.9,1,1
1,2026-08-03 05:37:12.274142,1785735432,3547,5.31226851851854,5.31226851851854,2.45,2.45,0.81,0.81,1,1
1,2026-08-03 05:37:13.293879,1785735433,3548,5.26689814814817,5.26689814814817,2.45,2.45,0.72,0.72,1,1
1,2026-08-03 05:37:14.318953,1785735434,3549,5.22152777777779,5.22152777777779,2.45,2.45,0.63,0.63,1,1
1,2026-08-03 05:37:15.348721,1785735435,3550,5.18750000000002,5.18750000000002,2.45,2.45,0.54,0.54,1,1
1,2026-08-03 05:37:16.359503,1785735436,3551,5.14212962962965,5.14212962962965,2.45,2.45,0.45,0.45,1,1
1,2026-08-03 05:37:17.395250,1785735437,3552,5.10810185185187,5.10810185185187,2.45,2.45,0.36,0.36,1,1
1,2026-08-03 05:37:18.926863,1785735438,3553,5.07407407407409,5.07407407407409,2.45,2.45,0.27,0.27,1,1
1,2026-08-03 05:37:19.969061,1785735439,3554,5.02870370370372,5.02870370370372,2.45,2.45,0.18,0.18,1,1
1,2026-08-03 05:37:20.988384,1785735440,3555,4.98333333333335,4.98333333333335,2.45,2.45,0.09,0.09,1,1
1,2026-08-03 05:37:21.992895,1785735441,3556,4.93796296296298,4.93796296296298,2.45,2.45,0.9,0.9,1,1
1,2026-08-03 05:37:23.022073,1785735443,3557,4.9039351851852,4.9039351851852,2.45,2.45,0.81,0.81,1,1
1,2026-08-03 05:37:24.045202,1785735444,3558,4.85856481481483,4.85856481481483,2.45,2.45,0.72,0.72,1,1
1,2026-08-03 05:37:25.057364,1785735445,3559,4.81319444444446,4.81319444444446,2.45,2.45,0.63,0.63,1,1
1,2026-08-03 05:37:26.070448,1785735446,3560,4.76782407407408,4.76782407407408,2.45,2.45,0.54,0.54,1,1
1,2026-08-03 05:37:27.101458,1785735447,3561,4.73379629629631,4.73379629629631,2.45,2.45,0.45,0.45,1,1
1,2026-08-03 05:37:28.131216,1785735448,3562,4.68842592592594,4.68842592592594,2.45,2.45,0.36,0.36,1,1
1,2026-08-03 05:37:29.138821,1785735449,3563,4.64305555555556,4.64305555555556,2.45,2.45,0.27,0.27,1,1
1,2026-08-03 05:37:30.197091,1785735450,3564,4.59768518518519,4.59768518518519,2.45,2.45,0.18,0.18,1,1
1,2026-08-03 05:37:31.210901,1785735451,3565,4.55231481481482,4.55231481481482,2.45,2.45,0.09,0.09,1,1
1,2026-08-03 05:37:32.242212,1785735452,3566,4.50694444444445,4.50694444444445,2.45,2.45,0.9,0.9,1,1
1,2026-08-03 05:37:33.270175,1785735453,3567,4.47291666666667,4.47291666666667,2.45,2.45,0.81,0.81,1,1
1,2026-08-03 05:37:34.301545,1785735454,3568,4.4275462962963,4.4275462962963,2.45,2.45,0.72,0.72,1,1
1,2026-08-03 05:37:35.316137,1785735455,3569,4.38217592592593,4.38217592592593,2.45,2.45,0.63,0.63,1,1
1,2026-08-03 05:37:36.322265,1785735456,3570,4.33680555555556,4.33680555555556,2.45,2.45,0.54,0.54,1,1
1,2026-08-03 05:37:37.412864,1785735457,3571,4.29143518518519,4.29143518518519,2.45,2.45,0.45,0.45,1,1
1,2026-08-03 05:37:38.416458,1785735458,3572,4.25740740740741,4.25740740740741,2.45,2.45,0.36,0.36,1,1
1,2026-08-03 05:37:39.429861,1785735459,3573,4.21203703703704,4.21203703703704,2.45,2.45,0.27,0.27,1,1
1,2026-08-03 05:37:40.431931,1785735460,3574,4.16666666666667,4.16666666666667,2.45,2.45,0.18,0.18,1,1
1,2026-08-03 05:37:41.445345,1785735461,3575,4.1212962962963,4.1212962962963,2.45,2.45,0.09,0.09,1,1
1,2026-08-03 05:37:42.471269,1785735462,3576,4.08726851851852,4.08726851851852,2.45,2.45,0.9,0.9,1,1
1,2026-08-03 05:37:43.498610,1785735463,3577,4.04189814814815,4.04189814814815,2.45,2.45,0.81,0.81,1,1
1,2026-08-03 05:37:44.500826,1785735464,3578,3.99652777777778,3.99652777777778,2.45,2.45,0.72,0.72,1,1
1,2026-08-03 05:37:45.512798,1785735465,3579,3.95115740740741,3.95115740740741,2.45,2.45,0.63,0.63,1,1
1,2026-08-03 05:37:46.549019,1785735466,3580,3.90578703703704,3.90578703703704,2.45,2.45,0.54,0.54,1,1
1,2026-08-03 05:37:47.552116,1785735467,3581,3.87175925925926,3.87175925925926,2.45,2.45,0.45,0.45,1,1
1,2026-08-03 05:37:48.586391,1785735468,3582,3.82638888888889,3.82638888888889,2.45,2.45,0.36,0.36,1,1
1,2026-08-03 05:37:49.589415,1785735469,3583,3.78101851851852,3.78101851851852,2.45,2.45,0.27,0.27,1,1
1,2026-08-03 05:37:50.591981,1785735470,3584,3.73564814814815,3.73564814814815,2.45,2.45,0.18,0.18,1,1
1,2026-08-03 05:37:52.134483,1785735472,3585,3.70162037037037,3.70162037037037,2.45,2.45,0.09,0.09,1,1
1,2026-08-03 05:37:53.145007,1785735473,3586,3.65625,3.65625,2.45,2.45,0.9,0.9,1,1
1,2026-08-03 05:37:54.155075,1785735474,3587,3.61087962962963,3.61087962962963,2.45,2.45,0.81,0.81,1,1
1,2026-08-03 05:37:55.157314,1785735475,3588,3.56550925925925,3.56550925925925,2.45,2.45,0.72,0.72,1,1
1,2026-08-03 05:37:56.212831,1785735476,3589,3.52013888888888,3.52013888888888,2.45,2.45,0.63,0.63,1,1
1,2026-08-03 05:37:57.223144,1785735477,3590,3.48611111111111,3.48611111111111,2.45,2.45,0.54,0.54,1,1
1,2026-08-03 05:37:58.251792,1785735478,3591,3.44074074074073,3.44074074074073,2.45,2.45,0.45,0.45,1,1
1,2026-08-03 05:37:59.254095,1785735479,3592,3.39537037037036,3.39537037037036,2.45,2.45,0.36,0.36,1,1
1,2026-08-03 05:38:00.255542,1785735480,3593,3.34999999999999,3.34999999999999,2.45,2.45,0.27,0.27,1,1
1,2026-08-03 05:38:01.284253,1785735481,3594,3.31597222222221,3.31597222222221,2.45,2.45,0.18,0.18,1,1
1,2026-08-03 05:38:02.305890,1785735482,3595,3.27060185185184,3.27060185185184,2.45,2.45,0.09,0.09,1,1
1,2026-08-03 05:38:03.330634,1785735483,3596,3.22523148148147,3.22523148148147,2.45,2.45,0.9,0.9,1,1
1,2026-08-03 05:38:04.340955,1785735484,3597,3.1798611111111,3.1798611111111,2.45,2.45,0.81,0.81,1,1
1,2026-08-03 05:38:05.343013,1785735485,3598,3.13449074074073,3.13449074074073,2.45,2.45,0.81,0.81,1,1
1,2026-08-03 05:38:06.347482,1785735486,3599,3.10046296296295,3.10046296296295,2.45,2.45,0.72,0.72,1,1
1,2026-08-03 05:38:07.349084,1785735487,3600,3.05509259259258,3.05509259259258,2.45,2.45,0.63,0.63,1,1
1,2026-08-03 05:38:08.396707,1785735488,3601,3.0210648148148,3.0210648148148,2.45,2.45,0.45,0.45,1,1
1,2026-08-03 05:38:09.401861,1785735489,3602,2.97569444444443,2.97569444444443,2.45,2.45,0.36,0.36,1,1
1,2026-08-03 05:38:10.422704,1785735490,3603,2.93032407407406,2.93032407407406,2.45,2.45,0.27,0.27,1,1
1,2026-08-03 05:38:11.433818,1785735491,3604,2.88495370370369,2.88495370370369,2.45,2.45,0.18,0.18,1,1
1,2026-08-03 05:38:12.455498,1785735492,3605,1.402,1.402,2.45,2.45,0.09,0.09,1,1
1,2026-08-03 05:38:13.462634,1785735493,3606,2.80555555555554,2.80555555555554,2.45,2.45,0.9,0.9,1,1
1,2026-08-03 05:38:14.483918,1785735494,3607,2.76018518518517,2.76018518518517,2.45,2.45,0.81,0.81,1,1
1,2026-08-03 05:38:15.524940,1785735495,3608,2.7148148148148,2.7148148148148,2.45,2.45,0.72,0.72,1,1
1,2026-08-03 05:38:16.539484,1785735496,3609,4.708,4.708,2.45,2.45,0.63,0.63,1,1
1,2026-08-03 05:38:17.551379,1785735497,3610,2.62407407407406,2.62407407407406,2.45,2.45,0.54,0.54,1,1
1,2026-08-03 05:38:18.553196,1785735498,3611,2.57870370370369,2.57870370370369,2.45,2.45,0.54,0.54,1,1
1,2026-08-03 05:38:19.555271,1785735499,3612,2.54467592592591,2.54467592592591,2.45,2.45,0.45,0.45,1,1
1,2026-08-03 05:38:20.559339,1785735500,3613,2.49930555555554,2.49930555555554,2.45,2.45,0.36,0.36,1,1
1,2026-08-03 05:38:21.563984,1785735501,3614,2.45393518518517,2.45393518518517,2.45,2.45,0.27,0.27,1,1
1,2026-08-03 05:38:22.578515,1785735502,3615,2.41990740740739,2.41990740740739,2.45,2.45,0.18,0.18,1,1
1,2026-08-03 05:38:23.582097,1785735503,3616,2.37453703703702,2.37453703703702,2.45,2.45,0.09,0.09,1,1
1,2026-08-03 05:38:25.191322,1785735505,3617,2.32916666666665,2.32916666666665,2.45,2.45,0.9,0.9,1,1
1,2026-08-03 05:38:26.193817,1785735506,3618,2.28379629629628,2.28379629629628,2.45,2.45,0.81,0.81,1,1
1,2026-08-03 05:38:27.205852,1785735507,3619,2.2384259259259,2.2384259259259,2.45,2.45,0.72,0.72,1,1
1,2026-08-03 05:38:28.212120,1785735508,3620,2.20439814814813,2.20439814814813,2.45,2.45,0.63,0.63,1,1
1,2026-08-03 05:38:29.223016,1785735509,3621,2.15902777777776,2.15902777777776,2.45,2.45,0.54,0.54,1,1
1,2026-08-03 05:38:30.278139,1785735510,3622,2.11365740740738,2.11365740740738,2.45,2.45,0.45,0.45,1,1
1,2026-08-03 05:38:31.301621,1785735511,3623,2.06828703703701,2.06828703703701,2.45,2.45,0.36,0.36,1,1
1,2026-08-03 05:38:32.307778,1785735512,3624,2.02291666666664,2.02291666666664,2.45,2.45,0.27,0.27,1,1
1,2026-08-03 05:38:33.309617,1785735513,3625,1.98888888888886,1.98888888888886,2.45,2.45,0.18,0.18,1,1
1,2026-08-03 05:38:34.332869,1785735514,3626,1.94351851851849,1.94351851851849,2.45,2.45,0.09,0.09,1,1
1,2026-08-03 05:38:35.334738,1785735515,3627,1.89814814814812,1.89814814814812,2.45,2.45,0.9,0.9,1,1
1,2026-08-03 05:38:36.374608,1785735516,3628,1.86412037037034,1.86412037037034,2.45,2.45,0.81,0.81,1,1
1,2026-08-03 05:38:37.387619,1785735517,3629,1.81874999999997,1.81874999999997,2.45,2.45,0.72,0.72,1,1
1,2026-08-03 05:38:38.402741,1785735518,3630,1.7733796296296,1.7733796296296,2.45,2.45,0.63,0.63,1,1
1,2026-08-03 05:38:39.406938,1785735519,3631,1.72800925925923,1.72800925925923,2.45,2.45,0.54,0.54,1,1
1,2026-08-03 05:38:40.410479,1785735520,3632,1.69398148148145,1.69398148148145,2.45,2.45,0.45,0.45,1,1
1,2026-08-03 05:38:41.423808,1785735521,3633,1.64861111111108,1.64861111111108,2.45,2.45,0.36,0.36,1,1
1,2026-08-03 05:38:42.440299,1785735522,3634,1.60324074074071,1.60324074074071,2.45,2.45,0.27,0.27,1,1
1,2026-08-03 05:38:43.455550,1785735523,3635,1.55787037037034,1.55787037037034,2.45,2.45,0.18,0.18,1,1
1,2026-08-03 05:38:44.466100,1785735524,3636,1.52384259259256,1.52384259259256,2.45,2.45,0.09,0.09,1,1
1,2026-08-03 05:38:45.468053,1785735525,3637,1.47847222222219,1.47847222222219,2.45,2.45,0.9,0.9,1,1
1,2026-08-03 05:38:46.470004,1785735526,3638,1.44444444444441,1.44444444444441,2.45,2.45,0.81,0.81,1,1
1,2026-08-03 05:38:47.474849,1785735527,3639,1.39907407407404,1.39907407407404,2.45,2.45,0.72,0.72,1,1
1,2026-08-03 05:38:48.483999,1785735528,3640,1.36504629629626,1.36504629629626,2.45,2.45,0.63,0.63,1,1
1,2026-08-03 05:38:49.488854,1785735529,3641,1.31967592592589,1.31967592592589,2.45,2.45,0.54,0.54,1,1
1,2026-08-03 05:38:50.490678,1785735530,3642,1.27430555555552,1.27430555555552,2.45,2.45,0.45,0.45,1,1
1,2026-08-03 05:38:51.528276,1785735531,3643,1.24027777777774,1.24027777777774,2.45,2.45,0.36,0.36,1,1
1,2026-08-03 05:38:52.530096,1785735532,3644,1.19490740740737,1.19490740740737,2.45,2.45,0.27,0.27,1,1
1,2026-08-03 05:38:53.565811,1785735533,3645,1.149537037037,1.149537037037,2.45,2.45,0.18,0.18,1,1
1,2026-08-03 05:38:54.637808,1785735534,3646,1.10416666666663,1.10416666666663,2.45,2.45,0.09,0.09,1,1
1,2026-08-03 05:38:55.639849,1785735535,3647,1.05879629629626,1.05879629629626,2.45,2.45,0.9,0.9,1,1
1,2026-08-03 05:38:57.160254,1785735537,3648,1.02476851851848,1.02476851851848,2.45,2.45,0.81,0.81,1,1
1,2026-08-03 05:38:58.175640,1785735538,3649,0.979398148148111,0.979398148148111,2.45,2.45,0.72,0.72,1,1
1,2026-08-03 05:38:59.182518,1785735539,3650,0.934027777777741,0.934027777777741,2.45,2.45,0.63,0.63,1,1
1,2026-08-03 05:39:00.188440,1785735540,3651,0.899999999999963,0.899999999999963,2.45,2.45,0.54,0.54,1,1
1,2026-08-03 05:39:01.194981,1785735541,3652,0.854629629629593,0.854629629629593,2.45,2.45,0.45,0.45,1,1
1,2026-08-03 05:39:02.204043,1785735542,3653,0.809259259259222,0.809259259259222,2.45,2.45,0.36,0.36,1,1
1,2026-08-03 05:39:03.211616,1785735543,3654,0.763888888888852,0.763888888888852,2.45,2.45,0.27,0.27,1,1
1,2026-08-03 05:39:04.214938,1785735544,3655,0.729861111111074,0.729861111111074,2.45,2.45,0.18,0.18,1,1
1,2026-08-03 05:39:05.220977,1785735545,3656,0.684490740740704,0.684490740740704,2.45,2.45,0.09,0.09,1,1
1,2026-08-03 05:39:06.229329,1785735546,3657,0.639120370370334,0.639120370370334,2.45,2.45,0.9,0.9,1,1
1,2026-08-03 05:39:07.240182,1785735547,3658,0.605092592592556,0.605092592592556,2.45,2.45,0.81,0.81,1,1
1,2026-08-03 05:39:08.388144,1785735548,3659,0.548379629629593,0.548379629629593,2.45,2.45,0.72,0.72,1,1
1,2026-08-03 05:39:09.405515,1785735549,3660,0.514351851851815,0.514351851851815,2.45,2.45,0.63,0.63,1,1
1,2026-08-03 05:39:10.409732,1785735550,3661,0.468981481481445,0.468981481481445,2.45,2.45,0.54,0.54,1,1
1,2026-08-03 05:39:11.411515,1785735551,3662,0.423611111111074,0.423611111111074,2.45,2.45,0.45,0.45,1,1
1,2026-08-03 05:39:12.415739,1785735552,3663,0.389583333333297,0.389583333333297,2.45,2.45,0.36,0.36,1,1
1,2026-08-03 05:39:13.419475,1785735553,3664,0.344212962962926,0.344212962962926,2.45,2.45,0.27,0.27,1,1
1,2026-08-03 05:39:14.426366,1785735554,3665,0.298842592592556,0.298842592592556,2.45,2.45,0.18,0.18,1,1
1,2026-08-03 05:39:15.433909,1785735555,3666,1.402,1.402,2.45,2.45,0.09,0.09,1,1
1,2026-08-03 05:39:16.448003,1785735556,3667,0.851,0.851,2.45,2.45,0.9,0.9,1,1
1,2026-08-03 05:39:17.453195,1785735557,3668,5.78865740740741,5.78865740740741,2.45,2.45,0.81,0.81,1,1
1,2026-08-03 05:39:18.456815,1785735558,3669,5.74328703703704,5.74328703703704,2.45,2.45,0.72,0.72,1,1
1,2026-08-03 05:39:19.463919,1785735559,3670,5.69791666666667,5.69791666666667,2.45,2.45,0.63,0.63,1,1
1,2026-08-03 05:39:20.487320,1785735560,3671,5.6525462962963,5.6525462962963,2.45,2.45,0.54,0.54,1,1
1,2026-08-03 05:39:21.518026,1785735561,3672,5.61851851851852,5.61851851851852,2.45,2.45,0.45,0.45,1,1
1,2026-08-03 05:39:22.522716,1785735562,3673,5.57314814814816,5.57314814814816,2.45,2.45,0.36,0.36,1,1
1,2026-08-03 05:39:23.552554,1785735563,3674,5.52777777777779,5.52777777777779,2.45,2.45,0.27,0.27,1,1
1,2026-08-03 05:39:24.646195,1785735564,3675,5.48240740740742,5.48240740740742,2.45,2.45,0.18,0.18,1,1
1,2026-08-03 05:39:25.693124,1785735565,3676,5.43703703703705,5.43703703703705,2.45,2.45,0.09,0.09,1,1
1,2026-08-03 05:39:26.702700,1785735566,3677,5.39166666666668,5.39166666666668,2.45,2.45,0.9,0.9,1,1
1,2026-08-03 05:39:27.715084,1785735567,3678,5.34629629629631,5.34629629629631,2.45,2.45,0.81,0.81,1,1
1,2026-08-03 05:39:28.732850,1785735568,3679,5.31226851851854,5.31226851851854,2.45,2.45,0.72,0.72,1,1
1,2026-08-03 05:39:30.258730,1785735570,3680,5.26689814814817,5.26689814814817,2.45,2.45,0.63,0.63,1,1
1,2026-08-03 05:39:31.262630,1785735571,3681,5.22152777777779,5.22152777777779,2.45,2.45,0.54,0.54,1,1
1,2026-08-03 05:39:32.266047,1785735572,3682,5.17615740740742,5.17615740740742,2.45,2.45,0.45,0.45,1,1
1,2026-08-03 05:39:33.270803,1785735573,3683,5.14212962962965,5.14212962962965,2.45,2.45,0.36,0.36,1,1
1,2026-08-03 05:39:34.371539,1785735574,3684,5.09675925925927,5.09675925925927,2.45,2.45,0.27,0.27,1,1
1,2026-08-03 05:39:35.375953,1785735575,3685,5.0513888888889,5.0513888888889,2.45,2.45,0.18,0.18,1,1
1,2026-08-03 05:39:36.377508,1785735576,3686,5.00601851851853,5.00601851851853,2.45,2.45,0.09,0.09,1,1
1,2026-08-03 05:39:37.385120,1785735577,3687,4.96064814814816,4.96064814814816,2.45,2.45,0.9,0.9,1,1
1,2026-08-03 05:39:38.390295,1785735578,3688,4.91527777777779,4.91527777777779,2.45,2.45,0.81,0.81,1,1
1,2026-08-03 05:39:39.397727,1785735579,3689,4.88125000000001,4.88125000000001,2.45,2.45,0.72,0.72,1,1
1,2026-08-03 05:39:40.435494,1785735580,3690,4.83587962962964,4.83587962962964,2.45,2.45,0.63,0.63,1,1
1,2026-08-03 05:39:41.471390,1785735581,3691,4.79050925925927,4.79050925925927,2.45,2.45,0.54,0.54,1,1
1,2026-08-03 05:39:42.653344,1785735582,3692,3.606,3.606,2.45,2.45,0.45,0.45,1,1
1,2026-08-03 05:39:43.690290,1785735583,3693,4.72245370370371,4.72245370370371,2.45,2.45,0.36,0.36,1,1
1,2026-08-03 05:39:44.717937,1785735584,3694,4.67708333333334,4.67708333333334,2.45,2.45,0.27,0.27,1,1
1,2026-08-03 05:39:45.764431,1785735585,3695,4.63171296296297,4.63171296296297,2.45,2.45,0.18,0.18,1,1
1,2026-08-03 05:39:46.790948,1785735586,3696,4.5863425925926,4.5863425925926,2.45,2.45,0.09,0.09,1,1
1,2026-08-03 05:39:47.800396,1785735587,3697,4.55231481481482,4.55231481481482,2.45,2.45,0.9,0.9,1,1
1,2026-08-03 05:39:48.803124,1785735588,3698,4.50694444444445,4.50694444444445,2.45,2.45,0.81,0.81,1,1
1,2026-08-03 05:39:49.809783,1785735589,3699,4.46157407407408,4.46157407407408,2.45,2.45,0.72,0.72,1,1
1,2026-08-03 05:39:50.811768,1785735590,3700,4.41620370370371,4.41620370370371,2.45,2.45,0.63,0.63,1,1
1,2026-08-03 05:39:51.818294,1785735591,3701,4.38217592592593,4.38217592592593,2.45,2.45,0.54,0.54,1,1
1,2026-08-03 05:39:52.821274,1785735592,3702,4.33680555555556,4.33680555555556,2.45,2.45,0.45,0.45,1,1
1,2026-08-03 05:39:53.829217,1785735593,3703,4.29143518518519,4.29143518518519,2.45,2.45,0.36,0.36,1,1
1,2026-08-03 05:39:54.879988,1785735594,3704,4.24606481481482,4.24606481481482,2.45,2.45,0.27,0.27,1,1
1,2026-08-03 05:39:55.886364,1785735595,3705,4.20069444444445,4.20069444444445,2.45,2.45,0.18,0.18,1,1
1,2026-08-03 05:39:56.895987,1785735596,3706,1.402,1.402,2.45,2.45,0.09,0.09,1,1
1,2026-08-03 05:39:57.919681,1785735597,3707,0.851,0.851,2.45,2.45,0.9,0.9,1,1
1,2026-08-03 05:39:58.931307,1785735598,3708,5.81,5.81,2.45,2.45,0.81,0.81,1,1
1,2026-08-03 05:39:59.937443,1785735599,3709,5.259,5.259,2.45,2.45,0.72,0.72,1,1
1,2026-08-03 05:40:00.940042,1785735600,3710,4.708,4.708,2.45,2.45,0.63,0.63,1,1
1,2026-08-03 05:40:01.965662,1785735601,3711,3.95115740740741,3.95115740740741,2.45,2.45,0.54,0.54,1,1
1,2026-08-03 05:40:03.513211,1785735603,3712,3.606,3.606,2.45,2.45,0.45,0.45,1,1
1,2026-08-03 05:40:04.568239,1785735604,3713,3.055,3.055,2.45,2.45,0.36,0.36,1,1
1,2026-08-03 05:40:05.569371,1785735605,3714,2.504,2.504,2.45,2.45,0.27,0.27,1,1
1,2026-08-03 05:40:06.587438,1785735606,3715,1.953,1.953,2.45,2.45,0.18,0.18,1,1
1,2026-08-03 05:40:07.620533,1785735607,3716,1.402,1.402,2.45,2.45,0.09,0.09,1,1
1,2026-08-03 05:40:08.637076,1785735608,3717,3.69027777777777,3.69027777777777,2.45,2.45,0.9,0.9,1,1
1,2026-08-03 05:40:09.672009,1785735609,3718,5.81,5.81,2.45,2.45,0.81,0.81,1,1
1,2026-08-03 05:40:10.679569,1785735610,3719,5.259,5.259,2.45,2.45,0.72,0.72,1,1
1,2026-08-03 05:40:11.684263,1785735611,3720,4.708,4.708,2.45,2.45,0.63,0.63,1,1
1,2026-08-03 05:40:12.689193,1785735612,3721,3.52013888888888,3.52013888888888,2.45,2.45,0.54,0.54,1,1
1,2026-08-03 05:40:13.694405,1785735613,3722,3.606,3.606,2.45,2.45,0.45,0.45,1,1
1,2026-08-03 05:40:14.797853,1785735614,3723,3.44074074074073,3.44074074074073,2.45,2.45,0.36,0.36,1,1
1,2026-08-03 05:40:15.801855,1785735615,3724,2.504,2.504,2.45,2.45,0.27,0.27,1,1
1,2026-08-03 05:40:16.803254,1785735616,3725,1.953,1.953,2.45,2.45,0.18,0.18,1,1
1,2026-08-03 05:40:17.815157,1785735617,3726,3.30462962962962,3.30462962962962,2.45,2.45,0.09,0.09,1,1
1,2026-08-03 05:40:18.832150,1785735618,3727,0.851,0.851,2.45,2.45,0.9,0.9,1,1
1,2026-08-03 05:40:19.833478,1785735619,3728,5.81,5.81,2.45,2.45,0.81,0.81,1,1
1,2026-08-03 05:40:20.846348,1785735620,3729,5.259,5.259,2.45,2.45,0.72,0.72,1,1
1,2026-08-03 05:40:21.866875,1785735621,3730,4.708,4.708,2.45,2.45,0.63,0.63,1,1
1,2026-08-03 05:40:22.922459,1785735622,3731,4.157,4.157,2.45,2.45,0.54,0.54,1,1
1,2026-08-03 05:40:23.951346,1785735623,3732,3.606,3.606,2.45,2.45,0.45,0.45,1,1
1,2026-08-03 05:40:25.053512,1785735625,3733,3.055,3.055,2.45,2.45,0.36,0.36,1,1
1,2026-08-03 05:40:26.061480,1785735626,3734,2.504,2.504,2.45,2.45,0.27,0.27,1,1
1,2026-08-03 05:40:27.066836,1785735627,3735,2.91898148148147,2.91898148148147,2.45,2.45,0.18,0.18,1,1
1,2026-08-03 05:40:28.068941,1785735628,3736,1.402,1.402,2.45,2.45,0.09,0.09,1,1
1,2026-08-03 05:40:29.071342,1785735629,3737,0.851,0.851,2.45,2.45,0.9,0.9,1,1
1,2026-08-03 05:40:30.078739,1785735630,3738,5.81,5.81,2.45,2.45,0.81,0.81,1,1
1,2026-08-03 05:40:31.101317,1785735631,3739,5.259,5.259,2.45,2.45,0.72,0.72,1,1
1,2026-08-03 05:40:32.182995,1785735632,3740,4.708,4.708,2.45,2.45,0.63,0.63,1,1
1,2026-08-03 05:40:33.211350,1785735633,3741,4.157,4.157,2.45,2.45,0.54,0.54,1,1
1,2026-08-03 05:40:34.214243,1785735634,3742,3.606,3.606,2.45,2.45,0.45,0.45,1,1
1,2026-08-03 05:40:35.215393,1785735635,3743,3.055,3.055,2.45,2.45,0.36,0.36,1,1
1,2026-08-03 05:40:36.736406,1785735636,3744,2.54467592592591,2.54467592592591,2.45,2.45,0.27,0.27,1,1
1,2026-08-03 05:40:37.738493,1785735637,3745,1.953,1.953,2.45,2.45,0.18,0.18,1,1
1,2026-08-03 05:40:38.743111,1785735638,3746,1.402,1.402,2.45,2.45,0.09,0.09,1,1
1,2026-08-03 05:40:39.745239,1785735639,3747,0.851,0.851,2.45,2.45,0.9,0.9,1,1
1,2026-08-03 05:40:40.749616,1785735640,3748,2.38587962962961,2.38587962962961,2.45,2.45,0.81,0.81,1,1
1,2026-08-03 05:40:41.773213,1785735641,3749,2.34050925925924,2.34050925925924,2.45,2.45,0.72,0.72,1,1
1,2026-08-03 05:40:42.797574,1785735642,3750,2.29513888888887,2.29513888888887,2.45,2.45,0.63,0.63,1,1
1,2026-08-03 05:40:43.843646,1785735643,3751,4.157,4.157,2.45,2.45,0.54,0.54,1,1
1,2026-08-03 05:40:44.846749,1785735644,3752,3.606,3.606,2.45,2.45,0.45,0.45,1,1
1,2026-08-03 05:40:45.878225,1785735645,3753,2.15902777777776,2.15902777777776,2.45,2.45,0.36,0.36,1,1
1,2026-08-03 05:40:46.889251,1785735646,3754,2.12499999999998,2.12499999999998,2.45,2.45,0.27,0.27,1,1
1,2026-08-03 05:40:47.929128,1785735647,3755,1.953,1.953,2.45,2.45,0.18,0.18,1,1
1,2026-08-03 05:40:48.931789,1785735648,3756,1.402,1.402,2.45,2.45,0.09,0.09,1,1
1,2026-08-03 05:40:49.950754,1785735649,3757,0.851,0.851,2.45,2.45,0.9,0.9,1,1
1,2026-08-03 05:40:50.955400,1785735650,3758,1.95486111111109,1.95486111111109,2.45,2.45,0.81,0.81,1,1
1,2026-08-03 05:40:51.987359,1785735651,3759,1.90949074074071,1.90949074074071,2.45,2.45,0.72,0.72,1,1
1,2026-08-03 05:40:52.989818,1785735652,3760,4.708,4.708,2.45,2.45,0.63,0.63,1,1
1,2026-08-03 05:40:54.009452,1785735654,3761,1.81874999999997,1.81874999999997,2.45,2.45,0.54,0.54,1,1
1,2026-08-03 05:40:55.048513,1785735655,3762,3.606,3.606,2.45,2.45,0.45,0.45,1,1
1,2026-08-03 05:40:56.060630,1785735656,3763,3.055,3.055,2.45,2.45,0.36,0.36,1,1
1,2026-08-03 05:40:57.062644,1785735657,3764,2.504,2.504,2.45,2.45,0.27,0.27,1,1
1,2026-08-03 05:40:58.098568,1785735658,3765,1.953,1.953,2.45,2.45,0.18,0.18,1,1
1,2026-08-03 05:40:59.109248,1785735659,3766,1.402,1.402,2.45,2.45,0.09,0.09,1,1
1,2026-08-03 05:41:00.119451,1785735660,3767,1.55787037037034,1.55787037037034,2.45,2.45,0.09,0.09,1,1
1,2026-08-03 05:41:01.131401,1785735661,3768,5.81,5.81,2.45,2.45,0.9,0.9,1,1
1,2026-08-03 05:41:02.154137,1785735662,3769,5.259,5.259,2.45,2.45,0.81,0.81,1,1
1,2026-08-03 05:41:03.180978,1785735663,3770,4.708,4.708,2.45,2.45,0.72,0.72,1,1
1,2026-08-03 05:41:04.183073,1785735664,3771,1.38773148148145,1.38773148148145,2.45,2.45,0.63,0.63,1,1
1,2026-08-03 05:41:05.184290,1785735665,3772,1.35370370370367,1.35370370370367,2.45,2.45,0.54,0.54,1,1
1,2026-08-03 05:41:06.245941,1785735666,3773,3.055,3.055,2.45,2.45,0.36,0.36,1,1
1,2026-08-03 05:41:07.254540,1785735667,3774,2.504,2.504,2.45,2.45,0.36,0.36,1,1
1,2026-08-03 05:41:08.278635,1785735668,3775,1.953,1.953,2.45,2.45,0.18,0.18,1,1
1,2026-08-03 05:41:09.800306,1785735669,3776,1.402,1.402,2.45,2.45,0.09,0.09,1,1
1,2026-08-03 05:41:10.841800,1785735670,3777,1.13819444444441,1.13819444444441,2.45,2.45,0.9,0.9,1,1
1,2026-08-03 05:41:11.846431,1785735671,3778,1.09282407407404,1.09282407407404,2.45,2.45,0.81,0.81,1,1
1,2026-08-03 05:41:12.870204,1785735672,3779,1.04745370370367,1.04745370370367,2.45,2.45,0.72,0.72,1,1
1,2026-08-03 05:41:13.928172,1785735673,3780,1.0020833333333,1.0020833333333,2.45,2.45,0.63,0.63,1,1
1,2026-08-03 05:41:14.958472,1785735674,3781,0.968055555555519,0.968055555555519,2.45,2.45,0.54,0.54,1,1
1,2026-08-03 05:41:15.969421,1785735675,3782,0.922685185185148,0.922685185185148,2.45,2.45,0.45,0.45,1,1
1,2026-08-03 05:41:16.974782,1785735676,3783,0.877314814814778,0.877314814814778,2.45,2.45,0.36,0.36,1,1
1,2026-08-03 05:41:17.979696,1785735677,3784,0.831944444444408,0.831944444444408,2.45,2.45,0.27,0.27,1,1
1,2026-08-03 05:41:19.052137,1785735679,3785,0.79791666666663,0.79791666666663,2.45,2.45,0.18,0.18,1,1
1,2026-08-03 05:41:20.058509,1785735680,3786,1.402,1.402,2.45,2.45,0.09,0.09,1,1
1,2026-08-03 05:41:21.060873,1785735681,3787,0.851,0.851,2.45,2.45,0.9,0.9,1,1
1,2026-08-03 05:41:22.062202,1785735682,3788,5.81,5.81,2.45,2.45,0.81,0.81,1,1
1,2026-08-03 05:41:23.072710,1785735683,3789,0.616435185185149,0.616435185185149,2.45,2.45,0.72,0.72,1,1
1,2026-08-03 05:41:24.092969,1785735684,3790,4.708,4.708,2.45,2.45,0.63,0.63,1,1
1,2026-08-03 05:41:25.130022,1785735685,3791,4.157,4.157,2.45,2.45,0.54,0.54,1,1
1,2026-08-03 05:41:26.159930,1785735686,3792,0.49166666666663,0.49166666666663,2.45,2.45,0.45,0.45,1,1
1,2026-08-03 05:41:27.164526,1785735687,3793,3.055,3.055,2.45,2.45,0.36,0.36,1,1
1,2026-08-03 05:41:28.196371,1785735688,3794,2.504,2.504,2.45,2.45,0.27,0.27,1,1
1,2026-08-03 05:41:29.206246,1785735689,3795,1.953,1.953,2.45,2.45,0.18,0.18,1,1
1,2026-08-03 05:41:30.237488,1785735690,3796,1.402,1.402,2.45,2.45,0.09,0.09,1,1
1,2026-08-03 05:41:31.258183,1785735691,3797,0.851,0.851,2.45,2.45,0.9,0.9,1,1
1,2026-08-03 05:41:32.268790,1785735692,3798,5.81,5.81,2.45,2.45,0.9,0.9,1,1
1,2026-08-03 05:41:33.291862,1785735693,3799,5.259,5.259,2.45,2.45,0.81,0.81,1,1
1,2026-08-03 05:41:34.330292,1785735694,3800,4.708,4.708,2.45,2.45,0.63,0.63,1,1
1,2026-08-03 05:41:35.334475,1785735695,3801,5.70925925925926,5.70925925925926,2.45,2.45,0.54,0.54,1,1
1,2026-08-03 05:41:36.346089,1785735696,3802,5.66388888888889,5.66388888888889,2.45,2.45,0.45,0.45,1,1
1,2026-08-03 05:41:37.384141,1785735697,3803,5.61851851851852,5.61851851851852,2.45,2.45,0.36,0.36,1,1
1,2026-08-03 05:41:38.388211,1785735698,3804,5.58449074074075,5.58449074074075,2.45,2.45,0.27,0.27,1,1
1,2026-08-03 05:41:39.408190,1785735699,3805,5.53912037037038,5.53912037037038,2.45,2.45,0.18,0.18,1,1
1,2026-08-03 05:41:40.418037,1785735700,3806,5.49375000000001,5.49375000000001,2.45,2.45,0.09,0.09,1,1
1,2026-08-03 05:41:41.482852,1785735701,3807,5.45972222222224,5.45972222222224,2.45,2.45,0.9,0.9,1,1
1,2026-08-03 05:41:43.003942,1785735703,3808,5.81,5.81,2.45,2.45,0.81,0.81,1,1
1,2026-08-03 05:41:44.005977,1785735704,3809,5.3689814814815,5.3689814814815,2.45,2.45,0.72,0.72,1,1
1,2026-08-03 05:41:45.048525,1785735705,3810,4.708,4.708,2.45,2.45,0.63,0.63,1,1
1,2026-08-03 05:41:46.102605,1785735706,3811,5.28958333333335,5.28958333333335,2.45,2.45,0.54,0.54,1,1
1,2026-08-03 05:41:47.104776,1785735707,3812,3.606,3.606,2.45,2.45,0.45,0.45,1,1
1,2026-08-03 05:41:48.106969,1785735708,3813,3.055,3.055,2.45,2.45,0.36,0.36,1,1
1,2026-08-03 05:41:49.107882,1785735709,3814,5.15347222222224,5.15347222222224,2.45,2.45,0.36,0.36,1,1
1,2026-08-03 05:41:50.112638,1785735710,3815,5.11944444444446,5.11944444444446,2.45,2.45,0.27,0.27,1,1
1,2026-08-03 05:41:51.113908,1785735711,3816,5.07407407407409,5.07407407407409,2.45,2.45,0.18,0.18,1,1
1,2026-08-03 05:41:52.114923,1785735712,3817,5.02870370370372,5.02870370370372,2.45,2.45,0.09,0.09,1,1
1,2026-08-03 05:41:53.153332,1785735713,3818,4.99467592592594,4.99467592592594,2.45,2.45,0.9,0.9,1,1
1,2026-08-03 05:41:54.155667,1785735714,3819,4.94930555555557,4.94930555555557,2.45,2.45,0.81,0.81,1,1
1,2026-08-03 05:41:55.158378,1785735715,3820,4.9039351851852,4.9039351851852,2.45,2.45,0.72,0.72,1,1
1,2026-08-03 05:41:56.165424,1785735716,3821,4.85856481481483,4.85856481481483,2.45,2.45,0.63,0.63,1,1
1,2026-08-03 05:41:57.167169,1785735717,3822,4.82453703703705,4.82453703703705,2.45,2.45,0.54,0.54,1,1
1,2026-08-03 05:41:58.169366,1785735718,3823,4.77916666666668,4.77916666666668,2.45,2.45,0.45,0.45,1,1
1,2026-08-03 05:41:59.171432,1785735719,3824,4.73379629629631,4.73379629629631,2.45,2.45,0.36,0.36,1,1
1,2026-08-03 05:42:00.174458,1785735720,3825,4.69976851851853,4.69976851851853,2.45,2.45,0.27,0.27,1,1
1,2026-08-03 05:42:01.184361,1785735721,3826,4.65439814814816,4.65439814814816,2.45,2.45,0.18,0.18,1,1
1,2026-08-03 05:42:02.199391,1785735722,3827,4.60902777777779,4.60902777777779,2.45,2.45,0.09,0.09,1,1
1,2026-08-03 05:42:03.201452,1785735723,3828,4.56365740740742,4.56365740740742,2.45,2.45,0.9,0.9,1,1
1,2026-08-03 05:42:04.208250,1785735724,3829,4.52962962962964,4.52962962962964,2.45,2.45,0.81,0.81,1,1
1,2026-08-03 05:42:05.215432,1785735725,3830,4.49560185185186,4.49560185185186,2.45,2.45,0.72,0.72,1,1
1,2026-08-03 05:42:06.223201,1785735726,3831,4.45023148148149,4.45023148148149,2.45,2.45,0.63,0.63,1,1
1,2026-08-03 05:42:07.226801,1785735727,3832,4.40486111111112,4.40486111111112,2.45,2.45,0.54,0.54,1,1
1,2026-08-03 05:42:08.231625,1785735728,3833,4.37083333333334,4.37083333333334,2.45,2.45,0.45,0.45,1,1
1,2026-08-03 05:42:09.235026,1785735729,3834,4.32546296296297,4.32546296296297,2.45,2.45,0.36,0.36,1,1
1,2026-08-03 05:42:10.236816,1785735730,3835,4.2800925925926,4.2800925925926,2.45,2.45,0.27,0.27,1,1
1,2026-08-03 05:42:11.239764,1785735731,3836,4.24606481481482,4.24606481481482,2.45,2.45,0.18,0.18,1,1
1,2026-08-03 05:42:12.248026,1785735732,3837,4.20069444444445,4.20069444444445,2.45,2.45,0.09,0.09,1,1
1,2026-08-03 05:42:13.261316,1785735733,3838,4.15532407407408,4.15532407407408,2.45,2.45,0.9,0.9,1,1
1,2026-08-03 05:42:14.264234,1785735734,3839,4.1212962962963,4.1212962962963,2.45,2.45,0.81,0.81,1,1
1,2026-08-03 05:42:15.787988,1785735735,3840,4.07592592592593,4.07592592592593,2.45,2.45,0.72,0.72,1,1
1,2026-08-03 05:42:16.802502,1785735736,3841,4.03055555555556,4.03055555555556,2.45,2.45,0.63,0.63,1,1
1,2026-08-03 05:42:17.813560,1785735737,3842,4.157,4.157,2.45,2.45,0.54,0.54,1,1
1,2026-08-03 05:42:18.816731,1785735738,3843,3.606,3.606,2.45,2.45,0.45,0.45,1,1
1,2026-08-03 05:42:19.829194,1785735739,3844,3.90578703703704,3.90578703703704,2.45,2.45,0.36,0.36,1,1
1,2026-08-03 05:42:20.832983,1785735740,3845,2.504,2.504,2.45,2.45,0.27,0.27,1,1
1,2026-08-03 05:42:21.843328,1785735741,3846,1.953,1.953,2.45,2.45,0.18,0.18,1,1
1,2026-08-03 05:42:22.844515,1785735742,3847,1.402,1.402,2.45,2.45,0.09,0.09,1,1
1,2026-08-03 05:42:23.901407,1785735743,3848,3.74699074074074,3.74699074074074,2.45,2.45,0.9,0.9,1,1
1,2026-08-03 05:42:24.903431,1785735744,3849,3.70162037037037,3.70162037037037,2.45,2.45,0.81,0.81,1,1
1,2026-08-03 05:42:25.916567,1785735745,3850,3.65625,3.65625,2.45,2.45,0.72,0.72,1,1
1,2026-08-03 05:42:26.948665,1785735746,3851,3.61087962962963,3.61087962962963,2.45,2.45,0.63,0.63,1,1
1,2026-08-03 05:42:27.971371,1785735747,3852,3.57685185185185,3.57685185185185,2.45,2.45,0.54,0.54,1,1
1,2026-08-03 05:42:28.992813,1785735748,3853,3.53148148148148,3.53148148148148,2.45,2.45,0.45,0.45,1,1
1,2026-08-03 05:42:30.004772,1785735750,3854,3.48611111111111,3.48611111111111,2.45,2.45,0.36,0.36,1,1
1,2026-08-03 05:42:31.029864,1785735751,3855,2.504,2.504,2.45,2.45,0.36,0.36,1,1
1,2026-08-03 05:42:32.068616,1785735752,3856,1.953,1.953,2.45,2.45,0.18,0.18,1,1
1,2026-08-03 05:42:33.103641,1785735753,3857,3.36134259259259,3.36134259259259,2.45,2.45,0.09,0.09,1,1
1,2026-08-03 05:42:34.128079,1785735754,3858,0.851,0.851,2.45,2.45,0.9,0.9,1,1
1,2026-08-03 05:42:35.154883,1785735755,3859,5.81,5.81,2.45,2.45,0.81,0.81,1,1
1,2026-08-03 05:42:36.174738,1785735756,3860,5.259,5.259,2.45,2.45,0.72,0.72,1,1
1,2026-08-03 05:42:37.195411,1785735757,3861,3.20254629629629,3.20254629629629,2.45,2.45,0.63,0.63,1,1
1,2026-08-03 05:42:38.197612,1785735758,3862,4.157,4.157,2.45,2.45,0.54,0.54,1,1
1,2026-08-03 05:42:39.232580,1785735759,3863,3.12314814814814,3.12314814814814,2.45,2.45,0.45,0.45,1,1
1,2026-08-03 05:42:40.236600,1785735760,3864,3.08912037037036,3.08912037037036,2.45,2.45,0.36,0.36,1,1
1,2026-08-03 05:42:41.259973,1785735761,3865,3.04374999999999,3.04374999999999,2.45,2.45,0.27,0.27,1,1
1,2026-08-03 05:42:42.281301,1785735762,3866,2.99837962962962,2.99837962962962,2.45,2.45,0.18,0.18,1,1
1,2026-08-03 05:42:43.294170,1785735763,3867,1.402,1.402,2.45,2.45,0.09,0.09,1,1
1,2026-08-03 05:42:44.305312,1785735764,3868,2.91898148148147,2.91898148148147,2.45,2.45,0.9,0.9,1,1
1,2026-08-03 05:42:45.329268,1785735765,3869,2.8736111111111,2.8736111111111,2.45,2.45,0.81,0.81,1,1
1,2026-08-03 05:42:46.359914,1785735766,3870,5.259,5.259,2.45,2.45,0.72,0.72,1,1
1,2026-08-03 05:42:47.373276,1785735767,3871,4.708,4.708,2.45,2.45,0.63,0.63,1,1
1,2026-08-03 05:42:48.910438,1785735768,3872,2.73749999999998,2.73749999999998,2.45,2.45,0.54,0.54,1,1
1,2026-08-03 05:42:49.934381,1785735769,3873,3.606,3.606,2.45,2.45,0.45,0.45,1,1
1,2026-08-03 05:42:50.952051,1785735770,3874,3.055,3.055,2.45,2.45,0.36,0.36,1,1
1,2026-08-03 05:42:51.979974,1785735771,3875,2.61273148148146,2.61273148148146,2.45,2.45,0.27,0.27,1,1
1,2026-08-03 05:42:52.991093,1785735772,3876,1.953,1.953,2.45,2.45,0.18,0.18,1,1
1,2026-08-03 05:42:54.030267,1785735774,3877,1.402,1.402,2.45,2.45,0.09,0.09,1,1
1,2026-08-03 05:42:55.045852,1785735775,3878,0.851,0.851,2.45,2.45,0.9,0.9,1,1
1,2026-08-03 05:42:56.062385,1785735776,3879,2.44259259259257,2.44259259259257,2.45,2.45,0.81,0.81,1,1
1,2026-08-03 05:42:57.067764,1785735777,3880,2.3972222222222,2.3972222222222,2.45,2.45,0.72,0.72,1,1
1,2026-08-03 05:42:58.089752,1785735778,3881,4.708,4.708,2.45,2.45,0.63,0.63,1,1
1,2026-08-03 05:42:59.102939,1785735779,3882,2.31782407407405,2.31782407407405,2.45,2.45,0.54,0.54,1,1
1,2026-08-03 05:43:00.124359,1785735780,3883,2.27245370370368,2.27245370370368,2.45,2.45,0.45,0.45,1,1
1,2026-08-03 05:43:01.144606,1785735781,3884,2.22708333333331,2.22708333333331,2.45,2.45,0.36,0.36,1,1
1,2026-08-03 05:43:02.149894,1785735782,3885,2.18171296296294,2.18171296296294,2.45,2.45,0.27,0.27,1,1
1,2026-08-03 05:43:03.170644,1785735783,3886,2.14768518518516,2.14768518518516,2.45,2.45,0.18,0.18,1,1
1,2026-08-03 05:43:04.182789,1785735784,3887,2.10231481481479,2.10231481481479,2.45,2.45,0.09,0.09,1,1
1,2026-08-03 05:43:05.195516,1785735785,3888,2.05694444444442,2.05694444444442,2.45,2.45,0.9,0.9,1,1
1,2026-08-03 05:43:06.207504,1785735786,3889,2.01157407407405,2.01157407407405,2.45,2.45,0.81,0.81,1,1
1,2026-08-03 05:43:07.243880,1785735787,3890,1.96620370370368,1.96620370370368,2.45,2.45,0.72,0.72,1,1
1,2026-08-03 05:43:08.246649,1785735788,3891,1.9321759259259,1.9321759259259,2.45,2.45,0.63,0.63,1,1
1,2026-08-03 05:43:09.278305,1785735789,3892,1.88680555555553,1.88680555555553,2.45,2.45,0.54,0.54,1,1
1,2026-08-03 05:43:10.279146,1785735790,3893,1.84143518518516,1.84143518518516,2.45,2.45,0.45,0.45,1,1
1,2026-08-03 05:43:11.280797,1785735791,3894,1.79606481481479,1.79606481481479,2.45,2.45,0.45,0.45,1,1
1,2026-08-03 05:43:12.285073,1785735792,3895,1.76203703703701,1.76203703703701,2.45,2.45,0.36,0.36,1,1
1,2026-08-03 05:43:13.286991,1785735793,3896,1.71666666666664,1.71666666666664,2.45,2.45,0.27,0.27,1,1
1,2026-08-03 05:43:14.290951,1785735794,3897,1.67129629629627,1.67129629629627,2.45,2.45,0.18,0.18,1,1
1,2026-08-03 05:43:15.342444,1785735795,3898,1.63726851851849,1.63726851851849,2.45,2.45,0.09,0.09,1,1
1,2026-08-03 05:43:16.345537,1785735796,3899,1.59189814814812,1.59189814814812,2.45,2.45,0.9,0.9,1,1
1,2026-08-03 05:43:17.352135,1785735797,3900,1.54652777777775,1.54652777777775,2.45,2.45,0.81,0.81,1,1
1,2026-08-03 05:43:18.358928,1785735798,3901,1.50115740740738,1.50115740740738,2.45,2.45,0.72,0.72,1,1
1,2026-08-03 05:43:19.362664,1785735799,3902,1.4671296296296,1.4671296296296,2.45,2.45,0.63,0.63,1,1
1,2026-08-03 05:43:20.364867,1785735800,3903,1.42175925925923,1.42175925925923,2.45,2.45,0.54,0.54,1,1
1,2026-08-03 05:43:21.884978,1785735801,3904,1.37638888888886,1.37638888888886,2.45,2.45,0.45,0.45,1,1
1,2026-08-03 05:43:22.892172,1785735802,3905,1.33101851851849,1.33101851851849,2.45,2.45,0.36,0.36,1,1
1,2026-08-03 05:43:23.897920,1785735803,3906,1.29699074074071,1.29699074074071,2.45,2.45,0.27,0.27,1,1
1,2026-08-03 05:43:24.906262,1785735804,3907,1.25162037037034,1.25162037037034,2.45,2.45,0.18,0.18,1,1
1,2026-08-03 05:43:25.919296,1785735805,3908,1.20624999999997,1.20624999999997,2.45,2.45,0.09,0.09,1,1
1,2026-08-03 05:43:26.922002,1785735806,3909,1.17222222222219,1.17222222222219,2.45,2.45,0.9,0.9,1,1
1,2026-08-03 05:43:27.931827,1785735807,3910,1.12685185185182,1.12685185185182,2.45,2.45,0.81,0.81,1,1
1,2026-08-03 05:43:28.945951,1785735808,3911,1.08148148148145,1.08148148148145,2.45,2.45,0.72,0.72,1,1
1,2026-08-03 05:43:29.952162,1785735809,3912,1.03611111111107,1.03611111111107,2.45,2.45,0.63,0.63,1,1
1,2026-08-03 05:43:30.954482,1785735810,3913,1.0020833333333,1.0020833333333,2.45,2.45,0.54,0.54,1,1
1,2026-08-03 05:43:31.967501,1785735811,3914,0.956712962962926,0.956712962962926,2.45,2.45,0.45,0.45,1,1
1,2026-08-03 05:43:32.979447,1785735812,3915,0.911342592592556,0.911342592592556,2.45,2.45,0.36,0.36,1,1
1,2026-08-03 05:43:33.996850,1785735813,3916,0.865972222222185,0.865972222222185,2.45,2.45,0.27,0.27,1,1
1,2026-08-03 05:43:35.035494,1785735815,3917,0.831944444444408,0.831944444444408,2.45,2.45,0.18,0.18,1,1
1,2026-08-03 05:43:36.043743,1785735816,3918,0.786574074074037,0.786574074074037,2.45,2.45,0.09,0.09,1,1
1,2026-08-03 05:43:37.044756,1785735817,3919,0.741203703703667,0.741203703703667,2.45,2.45,0.9,0.9,1,1
1,2026-08-03 05:43:38.047171,1785735818,3920,0.695833333333297,0.695833333333297,2.45,2.45,0.81,0.81,1,1
1,2026-08-03 05:43:39.052365,1785735819,3921,0.650462962962926,0.650462962962926,2.45,2.45,0.72,0.72,1,1
1,2026-08-03 05:43:40.062697,1785735820,3922,0.616435185185149,0.616435185185149,2.45,2.45,0.63,0.63,1,1
1,2026-08-03 05:43:41.068655,1785735821,3923,0.571064814814778,0.571064814814778,2.45,2.45,0.54,0.54,1,1
1,2026-08-03 05:43:42.070606,1785735822,3924,0.525694444444408,0.525694444444408,2.45,2.45,0.45,0.45,1,1
1,2026-08-03 05:43:43.088881,1785735823,3925,0.480324074074037,0.480324074074037,2.45,2.45,0.36,0.36,1,1
1,2026-08-03 05:43:44.091560,1785735824,3926,0.44629629629626,0.44629629629626,2.45,2.45,0.27,0.27,1,1
1,2026-08-03 05:43:45.094688,1785735825,3927,0.400925925925889,0.400925925925889,2.45,2.45,0.18,0.18,1,1
1,2026-08-03 05:43:46.096642,1785735826,3928,0.355555555555519,0.355555555555519,2.45,2.45,0.09,0.09,1,1
1,2026-08-03 05:43:47.099669,1785735827,3929,0.310185185185149,0.310185185185149,2.45,2.45,0.9,0.9,1,1
1,2026-08-03 05:43:48.101917,1785735828,3930,5.81,5.81,2.45,2.45,0.81,0.81,1,1
1,2026-08-03 05:43:49.106127,1785735829,3931,5.259,5.259,2.45,2.45,0.72,0.72,1,1
1,2026-08-03 05:43:50.116734,1785735830,3932,4.708,4.708,2.45,2.45,0.63,0.63,1,1
1,2026-08-03 05:43:51.121235,1785735831,3933,4.157,4.157,2.45,2.45,0.54,0.54,1,1
1,2026-08-03 05:43:52.136084,1785735832,3934,5.72060185185185,5.72060185185185,2.45,2.45,0.45,0.45,1,1
1,2026-08-03 05:43:53.143691,1785735833,3935,5.67523148148149,5.67523148148149,2.45,2.45,0.36,0.36,1,1
1,2026-08-03 05:43:54.669866,1785735834,3936,5.62986111111112,5.62986111111112,2.45,2.45,0.27,0.27,1,1
1,2026-08-03 05:43:55.689905,1785735835,3937,1.953,1.953,2.45,2.45,0.18,0.18,1,1
1,2026-08-03 05:43:56.697298,1785735836,3938,1.402,1.402,2.45,2.45,0.09,0.09,1,1
1,2026-08-03 05:43:57.702165,1785735837,3939,5.5050925925926,5.5050925925926,2.45,2.45,0.9,0.9,1,1
1,2026-08-03 05:43:58.709910,1785735838,3940,5.45972222222224,5.45972222222224,2.45,2.45,0.81,0.81,1,1
1,2026-08-03 05:43:59.715878,1785735839,3941,5.259,5.259,2.45,2.45,0.72,0.72,1,1
1,2026-08-03 05:44:00.727557,1785735840,3942,4.708,4.708,2.45,2.45,0.63,0.63,1,1
1,2026-08-03 05:44:01.735961,1785735841,3943,4.157,4.157,2.45,2.45,0.54,0.54,1,1
1,2026-08-03 05:44:02.737896,1785735842,3944,5.28958333333335,5.28958333333335,2.45,2.45,0.45,0.45,1,1
1,2026-08-03 05:44:03.747042,1785735843,3945,3.055,3.055,2.45,2.45,0.36,0.36,1,1
1,2026-08-03 05:44:04.748746,1785735844,3946,2.504,2.504,2.45,2.45,0.27,0.27,1,1
1,2026-08-03 05:44:05.751019,1785735845,3947,1.953,1.953,2.45,2.45,0.18,0.18,1,1
1,2026-08-03 05:44:06.753663,1785735846,3948,1.402,1.402,2.45,2.45,0.09,0.09,1,1
1,2026-08-03 05:44:07.755717,1785735847,3949,5.08541666666668,5.08541666666668,2.45,2.45,0.9,0.9,1,1
1,2026-08-03 05:44:08.798052,1785735848,3950,5.04004629629631,5.04004629629631,2.45,2.45,0.81,0.81,1,1
1,2026-08-03 05:44:09.804328,1785735849,3951,5.00601851851853,5.00601851851853,2.45,2.45,0.72,0.72,1,1
1,2026-08-03 05:44:10.825579,1785735850,3952,4.708,4.708,2.45,2.45,0.63,0.63,1,1
1,2026-08-03 05:44:11.862165,1785735851,3953,4.157,4.157,2.45,2.45,0.54,0.54,1,1
1,2026-08-03 05:44:12.864683,1785735852,3954,4.86990740740742,4.86990740740742,2.45,2.45,0.45,0.45,1,1
1,2026-08-03 05:44:13.870406,1785735853,3955,4.82453703703705,4.82453703703705,2.45,2.45,0.45,0.45,1,1
1,2026-08-03 05:44:14.914156,1785735854,3956,2.504,2.504,2.45,2.45,0.27,0.27,1,1
1,2026-08-03 05:44:15.919589,1785735855,3957,1.953,1.953,2.45,2.45,0.27,0.27,1,1
1,2026-08-03 05:44:16.939037,1785735856,3958,1.402,1.402,2.45,2.45,0.18,0.18,1,1
1,2026-08-03 05:44:17.951632,1785735857,3959,0.851,0.851,2.45,2.45,0.09,0.09,1,1
1,2026-08-03 05:44:18.963488,1785735858,3960,5.81,5.81,2.45,2.45,0.9,0.9,1,1
1,2026-08-03 05:44:19.988925,1785735859,3961,5.259,5.259,2.45,2.45,0.81,0.81,1,1
1,2026-08-03 05:44:21.005258,1785735861,3962,4.708,4.708,2.45,2.45,0.72,0.72,1,1
1,2026-08-03 05:44:22.007547,1785735862,3963,4.157,4.157,2.45,2.45,0.63,0.63,1,1
1,2026-08-03 05:44:23.061906,1785735863,3964,4.4388888888889,4.4388888888889,2.45,2.45,0.54,0.54,1,1
1,2026-08-03 05:44:24.065292,1785735864,3965,3.055,3.055,2.45,2.45,0.45,0.45,1,1
1,2026-08-03 05:44:25.084018,1785735865,3966,2.504,2.504,2.45,2.45,0.36,0.36,1,1
1,2026-08-03 05:44:26.093087,1785735866,3967,1.953,1.953,2.45,2.45,0.27,0.27,1,1
1,2026-08-03 05:44:27.619186,1785735867,3968,1.402,1.402,2.45,2.45,0.18,0.18,1,1
1,2026-08-03 05:44:28.647956,1785735868,3969,0.851,0.851,2.45,2.45,0.09,0.09,1,1
1,2026-08-03 05:44:29.654429,1785735869,3970,5.81,5.81,2.45,2.45,0.9,0.9,1,1
1,2026-08-03 05:44:30.657158,1785735870,3971,5.259,5.259,2.45,2.45,0.81,0.81,1,1
1,2026-08-03 05:44:31.692771,1785735871,3972,4.708,4.708,2.45,2.45,0.72,0.72,1,1
1,2026-08-03 05:44:32.707779,1785735872,3973,4.157,4.157,2.45,2.45,0.63,0.63,1,1
1,2026-08-03 05:44:33.710443,1785735873,3974,4.01921296296296,4.01921296296296,2.45,2.45,0.54,0.54,1,1
1,2026-08-03 05:44:34.719119,1785735874,3975,3.98518518518519,3.98518518518519,2.45,2.45,0.45,0.45,1,1
1,2026-08-03 05:44:35.721404,1785735875,3976,3.93981481481481,3.93981481481481,2.45,2.45,0.36,0.36,1,1
1,2026-08-03 05:44:36.728070,1785735876,3977,3.90578703703704,3.90578703703704,2.45,2.45,0.27,0.27,1,1
1,2026-08-03 05:44:37.738024,1785735877,3978,3.86041666666667,3.86041666666667,2.45,2.45,0.18,0.18,1,1
1,2026-08-03 05:44:38.739342,1785735878,3979,3.82638888888889,3.82638888888889,2.45,2.45,0.09,0.09,1,1
1,2026-08-03 05:44:39.741212,1785735879,3980,3.78101851851852,3.78101851851852,2.45,2.45,0.9,0.9,1,1
1,2026-08-03 05:44:40.750885,1785735880,3981,3.74699074074074,3.74699074074074,2.45,2.45,0.81,0.81,1,1
1,2026-08-03 05:44:41.753362,1785735881,3982,3.70162037037037,3.70162037037037,2.45,2.45,0.72,0.72,1,1
1,2026-08-03 05:44:42.756260,1785735882,3983,3.65625,3.65625,2.45,2.45,0.63,0.63,1,1
1,2026-08-03 05:44:43.758225,1785735883,3984,3.61087962962963,3.61087962962963,2.45,2.45,0.54,0.54,1,1
1,2026-08-03 05:44:44.765254,1785735884,3985,3.57685185185185,3.57685185185185,2.45,2.45,0.45,0.45,1,1
1,2026-08-03 05:44:45.776326,1785735885,3986,3.53148148148148,3.53148148148148,2.45,2.45,0.36,0.36,1,1
1,2026-08-03 05:44:46.777206,1785735886,3987,3.48611111111111,3.48611111111111,2.45,2.45,0.27,0.27,1,1
1,2026-08-03 05:44:47.788247,1785735887,3988,3.45208333333333,3.45208333333333,2.45,2.45,0.18,0.18,1,1
1,2026-08-03 05:44:48.797093,1785735888,3989,3.40671296296296,3.40671296296296,2.45,2.45,0.09,0.09,1,1
1,2026-08-03 05:44:49.799160,1785735889,3990,3.36134259259259,3.36134259259259,2.45,2.45,0.9,0.9,1,1
1,2026-08-03 05:44:50.800442,1785735890,3991,3.31597222222221,3.31597222222221,2.45,2.45,0.81,0.81,1,1
1,2026-08-03 05:44:51.824872,1785735891,3992,3.28194444444444,3.28194444444444,2.45,2.45,0.72,0.72,1,1
1,2026-08-03 05:44:52.826180,1785735892,3993,3.24791666666666,3.24791666666666,2.45,2.45,0.63,0.63,1,1
1,2026-08-03 05:44:53.836523,1785735893,3994,3.20254629629629,3.20254629629629,2.45,2.45,0.54,0.54,1,1
1,2026-08-03 05:44:54.837727,1785735894,3995,3.16851851851851,3.16851851851851,2.45,2.45,0.45,0.45,1,1
1,2026-08-03 05:44:55.840140,1785735895,3996,3.13449074074073,3.13449074074073,2.45,2.45,0.36,0.36,1,1
1,2026-08-03 05:44:56.841893,1785735896,3997,3.08912037037036,3.08912037037036,2.45,2.45,0.27,0.27,1,1
1,2026-08-03 05:44:57.846191,1785735897,3998,3.05509259259258,3.05509259259258,2.45,2.45,0.18,0.18,1,1
1,2026-08-03 05:44:58.847316,1785735898,3999,3.00972222222221,3.00972222222221,2.45,2.45,0.09,0.09,1,1
1,2026-08-03 05:45:00.370251,1785735900,4000,2.96435185185184,2.96435185185184,2.45,2.45,0.9,0.9,1,1
1,2026-08-03 05:45:01.376871,1785735901,4001,2.93032407407406,2.93032407407406,2.45,2.45,0.81,0.81,1,1
1,2026-08-03 05:45:02.378134,1785735902,4002,2.88495370370369,2.88495370370369,2.45,2.45,0.72,0.72,1,1
1,2026-08-03 05:45:03.398949,1785735903,4003,2.83958333333332,2.83958333333332,2.45,2.45,0.63,0.63,1,1
1,2026-08-03 05:45:04.405537,1785735904,4004,2.80555555555554,2.80555555555554,2.45,2.45,0.54,0.54,1,1
1,2026-08-03 05:45:05.417013,1785735905,4005,2.76018518518517,2.76018518518517,2.45,2.45,0.45,0.45,1,1
1,2026-08-03 05:45:06.421100,1785735906,4006,2.7148148148148,2.7148148148148,2.45,2.45,0.36,0.36,1,1
1,2026-08-03 05:45:07.423723,1785735907,4007,2.66944444444443,2.66944444444443,2.45,2.45,0.27,0.27,1,1
1,2026-08-03 05:45:08.439820,1785735908,4008,2.63541666666665,2.63541666666665,2.45,2.45,0.18,0.18,1,1
1,2026-08-03 05:45:09.471888,1785735909,4009,2.59004629629628,2.59004629629628,2.45,2.45,0.09,0.09,1,1
1,2026-08-03 05:45:10.503898,1785735910,4010,2.54467592592591,2.54467592592591,2.45,2.45,0.9,0.9,1,1
1,2026-08-03 05:45:11.505748,1785735911,4011,2.49930555555554,2.49930555555554,2.45,2.45,0.81,0.81,1,1
1,2026-08-03 05:45:12.580094,1785735912,4012,2.46527777777776,2.46527777777776,2.45,2.45,0.72,0.72,1,1
1,2026-08-03 05:45:13.597196,1785735913,4013,2.41990740740739,2.41990740740739,2.45,2.45,0.63,0.63,1,1
1,2026-08-03 05:45:14.598265,1785735914,4014,2.37453703703702,2.37453703703702,2.45,2.45,0.54,0.54,1,1
1,2026-08-03 05:45:15.611981,1785735915,4015,2.34050925925924,2.34050925925924,2.45,2.45,0.45,0.45,1,1
1,2026-08-03 05:45:16.614457,1785735916,4016,2.29513888888887,2.29513888888887,2.45,2.45,0.36,0.36,1,1
1,2026-08-03 05:45:17.621387,1785735917,4017,2.2497685185185,2.2497685185185,2.45,2.45,0.27,0.27,1,1
1,2026-08-03 05:45:18.626961,1785735918,4018,2.21574074074072,2.21574074074072,2.45,2.45,0.18,0.18,1,1
1,2026-08-03 05:45:19.637751,1785735919,4019,2.17037037037035,2.17037037037035,2.45,2.45,0.09,0.09,1,1
1,2026-08-03 05:45:20.660001,1785735920,4020,2.12499999999998,2.12499999999998,2.45,2.45,0.9,0.9,1,1
1,2026-08-03 05:45:21.672664,1785735921,4021,2.0909722222222,2.0909722222222,2.45,2.45,0.81,0.81,1,1
1,2026-08-03 05:45:22.683705,1785735922,4022,2.04560185185183,2.04560185185183,2.45,2.45,0.72,0.72,1,1
1,2026-08-03 05:45:23.689341,1785735923,4023,2.01157407407405,2.01157407407405,2.45,2.45,0.63,0.63,1,1
1,2026-08-03 05:45:24.691189,1785735924,4024,1.96620370370368,1.96620370370368,2.45,2.45,0.54,0.54,1,1
1,2026-08-03 05:45:25.693599,1785735925,4025,1.92083333333331,1.92083333333331,2.45,2.45,0.45,0.45,1,1
1,2026-08-03 05:45:26.704044,1785735926,4026,1.88680555555553,1.88680555555553,2.45,2.45,0.36,0.36,1,1
1,2026-08-03 05:45:27.704916,1785735927,4027,1.84143518518516,1.84143518518516,2.45,2.45,0.27,0.27,1,1
1,2026-08-03 05:45:28.719160,1785735928,4028,1.79606481481479,1.79606481481479,2.45,2.45,0.18,0.18,1,1
1,2026-08-03 05:45:29.725709,1785735929,4029,1.75069444444442,1.75069444444442,2.45,2.45,0.09,0.09,1,1
1,2026-08-03 05:45:30.739255,1785735930,4030,1.71666666666664,1.71666666666664,2.45,2.45,0.9,0.9,1,1
1,2026-08-03 05:45:31.743548,1785735931,4031,1.67129629629627,1.67129629629627,2.45,2.45,0.81,0.81,1,1
1,2026-08-03 05:45:32.751342,1785735932,4032,1.6259259259259,1.6259259259259,2.45,2.45,0.72,0.72,1,1
1,2026-08-03 05:45:34.274973,1785735934,4033,1.58055555555553,1.58055555555553,2.45,2.45,0.63,0.63,1,1
1,2026-08-03 05:45:35.305521,1785735935,4034,1.54652777777775,1.54652777777775,2.45,2.45,0.54,0.54,1,1
1,2026-08-03 05:45:36.327342,1785735936,4035,1.50115740740738,1.50115740740738,2.45,2.45,0.45,0.45,1,1
1,2026-08-03 05:45:37.372938,1785735937,4036,1.45578703703701,1.45578703703701,2.45,2.45,0.36,0.36,1,1
1,2026-08-03 05:45:38.374852,1785735938,4037,1.41041666666663,1.41041666666663,2.45,2.45,0.27,0.27,1,1
1,2026-08-03 05:45:39.381303,1785735939,4038,1.36504629629626,1.36504629629626,2.45,2.45,0.18,0.18,1,1
1,2026-08-03 05:45:40.407903,1785735940,4039,1.33101851851849,1.33101851851849,2.45,2.45,0.09,0.09,1,1
1,2026-08-03 05:45:41.415955,1785735941,4040,1.28564814814812,1.28564814814812,2.45,2.45,0.9,0.9,1,1
1,2026-08-03 05:45:42.426731,1785735942,4041,1.24027777777774,1.24027777777774,2.45,2.45,0.81,0.81,1,1
1,2026-08-03 05:45:43.429250,1785735943,4042,1.19490740740737,1.19490740740737,2.45,2.45,0.72,0.72,1,1
1,2026-08-03 05:45:44.436114,1785735944,4043,1.16087962962959,1.16087962962959,2.45,2.45,0.63,0.63,1,1
1,2026-08-03 05:45:45.446532,1785735945,4044,1.11550925925922,1.11550925925922,2.45,2.45,0.54,0.54,1,1
1,2026-08-03 05:45:46.459552,1785735946,4045,1.07013888888885,1.07013888888885,2.45,2.45,0.45,0.45,1,1
1,2026-08-03 05:45:47.461494,1785735947,4046,1.02476851851848,1.02476851851848,2.45,2.45,0.36,0.36,1,1
1,2026-08-03 05:45:48.484043,1785735948,4047,0.990740740740704,0.990740740740704,2.45,2.45,0.27,0.27,1,1
1,2026-08-03 05:45:49.485755,1785735949,4048,0.945370370370334,0.945370370370334,2.45,2.45,0.18,0.18,1,1
1,2026-08-03 05:45:50.488032,1785735950,4049,0.899999999999963,0.899999999999963,2.45,2.45,0.09,0.09,1,1
1,2026-08-03 05:45:51.491306,1785735951,4050,0.854629629629593,0.854629629629593,2.45,2.45,0.9,0.9,1,1
1,2026-08-03 05:45:52.506058,1785735952,4051,0.820601851851815,0.820601851851815,2.45,2.45,0.81,0.81,1,1
1,2026-08-03 05:45:53.508542,1785735953,4052,0.775231481481445,0.775231481481445,2.45,2.45,0.72,0.72,1,1
1,2026-08-03 05:45:54.511793,1785735954,4053,0.729861111111074,0.729861111111074,2.45,2.45,0.63,0.63,1,1
1,2026-08-03 05:45:55.513680,1785735955,4054,0.684490740740704,0.684490740740704,2.45,2.45,0.54,0.54,1,1
1,2026-08-03 05:45:56.526152,1785735956,4055,0.650462962962926,0.650462962962926,2.45,2.45,0.45,0.45,1,1
1,2026-08-03 05:45:57.536417,1785735957,4056,0.605092592592556,0.605092592592556,2.45,2.45,0.36,0.36,1,1
1,2026-08-03 05:45:58.548963,1785735958,4057,0.559722222222185,0.559722222222185,2.45,2.45,0.27,0.27,1,1
1,2026-08-03 05:45:59.551309,1785735959,4058,0.514351851851815,0.514351851851815,2.45,2.45,0.18,0.18,1,1
1,2026-08-03 05:46:00.559553,1785735960,4059,1.402,1.402,2.45,2.45,0.09,0.09,1,1
1,2026-08-03 05:46:01.571416,1785735961,4060,0.434953703703667,0.434953703703667,2.45,2.45,0.9,0.9,1,1
1,2026-08-03 05:46:02.585699,1785735962,4061,5.81,5.81,2.45,2.45,0.81,0.81,1,1
1,2026-08-03 05:46:03.593648,1785735963,4062,5.259,5.259,2.45,2.45,0.72,0.72,1,1
1,2026-08-03 05:46:04.607792,1785735964,4063,0.310185185185149,0.310185185185149,2.45,2.45,0.63,0.63,1,1
1,2026-08-03 05:46:05.613115,1785735965,4064,4.157,4.157,2.45,2.45,0.54,0.54,1,1
1,2026-08-03 05:46:07.141834,1785735967,4065,3.606,3.606,2.45,2.45,0.45,0.45,1,1
1,2026-08-03 05:46:08.142924,1785735968,4066,5.78865740740741,5.78865740740741,2.45,2.45,0.36,0.36,1,1
1,2026-08-03 05:46:09.151553,1785735969,4067,2.504,2.504,2.45,2.45,0.27,0.27,1,1
1,2026-08-03 05:46:10.160358,1785735970,4068,1.953,1.953,2.45,2.45,0.18,0.18,1,1
1,2026-08-03 05:46:11.168569,1785735971,4069,1.402,1.402,2.45,2.45,0.09,0.09,1,1
1,2026-08-03 05:46:12.175992,1785735972,4070,0.851,0.851,2.45,2.45,0.9,0.9,1,1
1,2026-08-03 05:46:13.181481,1785735973,4071,5.81,5.81,2.45,2.45,0.81,0.81,1,1
1,2026-08-03 05:46:14.186460,1785735974,4072,5.259,5.259,2.45,2.45,0.72,0.72,1,1
1,2026-08-03 05:46:15.193416,1785735975,4073,4.708,4.708,2.45,2.45,0.72,0.72,1,1
1,2026-08-03 05:46:16.216477,1785735976,4074,4.157,4.157,2.45,2.45,0.63,0.63,1,1
1,2026-08-03 05:46:17.236627,1785735977,4075,3.606,3.606,2.45,2.45,0.45,0.45,1,1
1,2026-08-03 05:46:18.237915,1785735978,4076,3.055,3.055,2.45,2.45,0.36,0.36,1,1
1,2026-08-03 05:46:19.266717,1785735979,4077,2.504,2.504,2.45,2.45,0.27,0.27,1,1
1,2026-08-03 05:46:20.276697,1785735980,4078,1.953,1.953,2.45,2.45,0.18,0.18,1,1
1,2026-08-03 05:46:21.281051,1785735981,4079,1.402,1.402,2.45,2.45,0.09,0.09,1,1
1,2026-08-03 05:46:22.286469,1785735982,4080,0.851,0.851,2.45,2.45,0.9,0.9,1,1
1,2026-08-03 05:46:23.349295,1785735983,4081,5.15347222222224,5.15347222222224,2.45,2.45,0.81,0.81,1,1
1,2026-08-03 05:46:24.351284,1785735984,4082,5.259,5.259,2.45,2.45,0.72,0.72,1,1
1,2026-08-03 05:46:25.355805,1785735985,4083,4.708,4.708,2.45,2.45,0.63,0.63,1,1
1,2026-08-03 05:46:26.356899,1785735986,4084,4.157,4.157,2.45,2.45,0.54,0.54,1,1
1,2026-08-03 05:46:27.377216,1785735987,4085,3.606,3.606,2.45,2.45,0.45,0.45,1,1
1,2026-08-03 05:46:28.402742,1785735988,4086,3.055,3.055,2.45,2.45,0.36,0.36,1,1
1,2026-08-03 05:46:29.407855,1785735989,4087,2.504,2.504,2.45,2.45,0.27,0.27,1,1
1,2026-08-03 05:46:30.423461,1785735990,4088,1.953,1.953,2.45,2.45,0.18,0.18,1,1
1,2026-08-03 05:46:31.454688,1785735991,4089,1.402,1.402,2.45,2.45,0.09,0.09,1,1
1,2026-08-03 05:46:32.459788,1785735992,4090,0.851,0.851,2.45,2.45,0.9,0.9,1,1
1,2026-08-03 05:46:33.517484,1785735993,4091,5.81,5.81,2.45,2.45,0.81,0.81,1,1
1,2026-08-03 05:46:34.524353,1785735994,4092,5.259,5.259,2.45,2.45,0.72,0.72,1,1
1,2026-08-03 05:46:35.526922,1785735995,4093,4.708,4.708,2.45,2.45,0.63,0.63,1,1
1,2026-08-03 05:46:36.544561,1785735996,4094,4.157,4.157,2.45,2.45,0.54,0.54,1,1
1,2026-08-03 05:46:37.561141,1785735997,4095,3.606,3.606,2.45,2.45,0.54,0.54,1,1
1,2026-08-03 05:46:38.584661,1785735998,4096,3.055,3.055,2.45,2.45,0.45,0.45,1,1
1,2026-08-03 05:46:40.128208,1785736000,4097,4.48425925925927,4.48425925925927,2.45,2.45,0.36,0.36,1,1
1,2026-08-03 05:46:41.144903,1785736001,4098,4.45023148148149,4.45023148148149,2.45,2.45,0.27,0.27,1,1
1,2026-08-03 05:46:42.146872,1785736002,4099,4.40486111111112,4.40486111111112,2.45,2.45,0.18,0.18,1,1
1,2026-08-03 05:46:43.153219,1785736003,4100,4.35949074074075,4.35949074074075,2.45,2.45,0.09,0.09,1,1
1,2026-08-03 05:46:44.154207,1785736004,4101,4.31412037037038,4.31412037037038,2.45,2.45,0.9,0.9,1,1
1,2026-08-03 05:46:45.186898,1785736005,4102,4.2800925925926,4.2800925925926,2.45,2.45,0.81,0.81,1,1
1,2026-08-03 05:46:46.187686,1785736006,4103,4.23472222222223,4.23472222222223,2.45,2.45,0.72,0.72,1,1
1,2026-08-03 05:46:47.188695,1785736007,4104,4.18935185185186,4.18935185185186,2.45,2.45,0.63,0.63,1,1
1,2026-08-03 05:46:48.265152,1785736008,4105,4.14398148148148,4.14398148148148,2.45,2.45,0.54,0.54,1,1
1,2026-08-03 05:46:49.266274,1785736009,4106,4.09861111111111,4.09861111111111,2.45,2.45,0.45,0.45,1,1
1,2026-08-03 05:46:50.274349,1785736010,4107,4.06458333333333,4.06458333333333,2.45,2.45,0.36,0.36,1,1
1,2026-08-03 05:46:51.281613,1785736011,4108,4.01921296296296,4.01921296296296,2.45,2.45,0.27,0.27,1,1
1,2026-08-03 05:46:52.314493,1785736012,4109,3.97384259259259,3.97384259259259,2.45,2.45,0.18,0.18,1,1
1,2026-08-03 05:46:53.322381,1785736013,4110,3.93981481481481,3.93981481481481,2.45,2.45,0.09,0.09,1,1
1,2026-08-03 05:46:54.325733,1785736014,4111,3.89444444444444,3.89444444444444,2.45,2.45,0.9,0.9,1,1
1,2026-08-03 05:46:55.334741,1785736015,4112,3.86041666666667,3.86041666666667,2.45,2.45,0.81,0.81,1,1
1,2026-08-03 05:46:56.335909,1785736016,4113,3.81504629629629,3.81504629629629,2.45,2.45,0.72,0.72,1,1
1,2026-08-03 05:46:57.342697,1785736017,4114,3.76967592592592,3.76967592592592,2.45,2.45,0.63,0.63,1,1
1,2026-08-03 05:46:58.387218,1785736018,4115,3.72430555555555,3.72430555555555,2.45,2.45,0.54,0.54,1,1
1,2026-08-03 05:46:59.400980,1785736019,4116,3.69027777777777,3.69027777777777,2.45,2.45,0.45,0.45,1,1
1,2026-08-03 05:47:00.406704,1785736020,4117,3.6449074074074,3.6449074074074,2.45,2.45,0.36,0.36,1,1
1,2026-08-03 05:47:01.481825,1785736021,4118,3.59953703703703,3.59953703703703,2.45,2.45,0.27,0.27,1,1
1,2026-08-03 05:47:02.494587,1785736022,4119,3.56550925925925,3.56550925925925,2.45,2.45,0.18,0.18,1,1
1,2026-08-03 05:47:03.500983,1785736023,4120,3.52013888888888,3.52013888888888,2.45,2.45,0.09,0.09,1,1
1,2026-08-03 05:47:04.515195,1785736024,4121,3.47476851851851,3.47476851851851,2.45,2.45,0.9,0.9,1,1
1,2026-08-03 05:47:05.523573,1785736025,4122,3.44074074074073,3.44074074074073,2.45,2.45,0.81,0.81,1,1
1,2026-08-03 05:47:06.537293,1785736026,4123,3.39537037037036,3.39537037037036,2.45,2.45,0.72,0.72,1,1
1,2026-08-03 05:47:07.607364,1785736027,4124,3.34999999999999,3.34999999999999,2.45,2.45,0.63,0.63,1,1
1,2026-08-03 05:47:08.652709,1785736028,4125,3.30462962962962,3.30462962962962,2.45,2.45,0.54,0.54,1,1
1,2026-08-03 05:47:09.663452,1785736029,4126,3.27060185185184,3.27060185185184,2.45,2.45,0.45,0.45,1,1
1,2026-08-03 05:47:10.675686,1785736030,4127,3.22523148148147,3.22523148148147,2.45,2.45,0.36,0.36,1,1
1,2026-08-03 05:47:11.677762,1785736031,4128,3.1798611111111,3.1798611111111,2.45,2.45,0.27,0.27,1,1
1,2026-08-03 05:47:13.199169,1785736033,4129,3.14583333333332,3.14583333333332,2.45,2.45,0.18,0.18,1,1
1,2026-08-03 05:47:14.207169,1785736034,4130,3.10046296296295,3.10046296296295,2.45,2.45,0.09,0.09,1,1
1,2026-08-03 05:47:15.214247,1785736035,4131,3.05509259259258,3.05509259259258,2.45,2.45,0.9,0.9,1,1
1,2026-08-03 05:47:16.224518,1785736036,4132,3.00972222222221,3.00972222222221,2.45,2.45,0.81,0.81,1,1
1,2026-08-03 05:47:17.226558,1785736037,4133,2.97569444444443,2.97569444444443,2.45,2.45,0.72,0.72,1,1
1,2026-08-03 05:47:18.230870,1785736038,4134,2.93032407407406,2.93032407407406,2.45,2.45,0.63,0.63,1,1
1,2026-08-03 05:47:19.237330,1785736039,4135,2.88495370370369,2.88495370370369,2.45,2.45,0.54,0.54,1,1
1,2026-08-03 05:47:20.258332,1785736040,4136,2.83958333333332,2.83958333333332,2.45,2.45,0.45,0.45,1,1
1,2026-08-03 05:47:21.264551,1785736041,4137,2.80555555555554,2.80555555555554,2.45,2.45,0.36,0.36,1,1
1,2026-08-03 05:47:22.273926,1785736042,4138,2.76018518518517,2.76018518518517,2.45,2.45,0.27,0.27,1,1
1,2026-08-03 05:47:23.275441,1785736043,4139,2.7148148148148,2.7148148148148,2.45,2.45,0.18,0.18,1,1
1,2026-08-03 05:47:24.287452,1785736044,4140,2.68078703703702,2.68078703703702,2.45,2.45,0.09,0.09,1,1
1,2026-08-03 05:47:25.293826,1785736045,4141,2.64675925925924,2.64675925925924,2.45,2.45,0.9,0.9,1,1
1,2026-08-03 05:47:26.300300,1785736046,4142,2.60138888888887,2.60138888888887,2.45,2.45,0.81,0.81,1,1
1,2026-08-03 05:47:27.304402,1785736047,4143,2.5560185185185,2.5560185185185,2.45,2.45,0.72,0.72,1,1
1,2026-08-03 05:47:28.307551,1785736048,4144,2.52199074074072,2.52199074074072,2.45,2.45,0.63,0.63,1,1
1,2026-08-03 05:47:29.312020,1785736049,4145,2.47662037037035,2.47662037037035,2.45,2.45,0.54,0.54,1,1
1,2026-08-03 05:47:30.313419,1785736050,4146,2.44259259259257,2.44259259259257,2.45,2.45,0.45,0.45,1,1
1,2026-08-03 05:47:31.321569,1785736051,4147,2.4085648148148,2.4085648148148,2.45,2.45,0.36,0.36,1,1
1,2026-08-03 05:47:32.322590,1785736052,4148,2.37453703703702,2.37453703703702,2.45,2.45,0.27,0.27,1,1
1,2026-08-03 05:47:33.343778,1785736053,4149,2.34050925925924,2.34050925925924,2.45,2.45,0.18,0.18,1,1
1,2026-08-03 05:47:34.351390,1785736054,4150,2.29513888888887,2.29513888888887,2.45,2.45,0.09,0.09,1,1
1,2026-08-03 05:47:35.354629,1785736055,4151,2.2497685185185,2.2497685185185,2.45,2.45,0.9,0.9,1,1
1,2026-08-03 05:47:36.355754,1785736056,4152,2.20439814814813,2.20439814814813,2.45,2.45,0.81,0.81,1,1
1,2026-08-03 05:47:37.388441,1785736057,4153,2.17037037037035,2.17037037037035,2.45,2.45,0.72,0.72,1,1
1,2026-08-03 05:47:38.391247,1785736058,4154,2.12499999999998,2.12499999999998,2.45,2.45,0.63,0.63,1,1
1,2026-08-03 05:47:39.392623,1785736059,4155,2.07962962962961,2.07962962962961,2.45,2.45,0.54,0.54,1,1
1,2026-08-03 05:47:40.397554,1785736060,4156,2.03425925925924,2.03425925925924,2.45,2.45,0.45,0.45,1,1
1,2026-08-03 05:47:41.403568,1785736061,4157,1.98888888888886,1.98888888888886,2.45,2.45,0.36,0.36,1,1
1,2026-08-03 05:47:42.417106,1785736062,4158,1.95486111111109,1.95486111111109,2.45,2.45,0.27,0.27,1,1
1,2026-08-03 05:47:43.427344,1785736063,4159,1.90949074074071,1.90949074074071,2.45,2.45,0.18,0.18,1,1
1,2026-08-03 05:47:44.434225,1785736064,4160,1.86412037037034,1.86412037037034,2.45,2.45,0.09,0.09,1,1
1,2026-08-03 05:47:45.957019,1785736065,4161,1.81874999999997,1.81874999999997,2.45,2.45,0.9,0.9,1,1
1,2026-08-03 05:47:46.970481,1785736066,4162,1.78472222222219,1.78472222222219,2.45,2.45,0.81,0.81,1,1
1,2026-08-03 05:47:47.974442,1785736067,4163,1.73935185185182,1.73935185185182,2.45,2.45,0.72,0.72,1,1
1,2026-08-03 05:47:48.976342,1785736068,4164,1.69398148148145,1.69398148148145,2.45,2.45,0.63,0.63,1,1
1,2026-08-03 05:47:49.990640,1785736069,4165,1.65995370370367,1.65995370370367,2.45,2.45,0.54,0.54,1,1
1,2026-08-03 05:47:50.999945,1785736070,4166,1.6145833333333,1.6145833333333,2.45,2.45,0.45,0.45,1,1
1,2026-08-03 05:47:52.002058,1785736072,4167,1.58055555555553,1.58055555555553,2.45,2.45,0.36,0.36,1,1
1,2026-08-03 05:47:53.014264,1785736073,4168,1.54652777777775,1.54652777777775,2.45,2.45,0.27,0.27,1,1
1,2026-08-03 05:47:54.020151,1785736074,4169,1.50115740740738,1.50115740740738,2.45,2.45,0.18,0.18,1,1
1,2026-08-03 05:47:55.023651,1785736075,4170,1.402,1.402,2.45,2.45,0.09,0.09,1,1
1,2026-08-03 05:47:56.031124,1785736076,4171,0.851,0.851,2.45,2.45,0.9,0.9,1,1
1,2026-08-03 05:47:57.039521,1785736077,4172,1.37638888888886,1.37638888888886,2.45,2.45,0.81,0.81,1,1
1,2026-08-03 05:47:58.043499,1785736078,4173,1.33101851851849,1.33101851851849,2.45,2.45,0.72,0.72,1,1
1,2026-08-03 05:47:59.053094,1785736079,4174,4.708,4.708,2.45,2.45,0.63,0.63,1,1
1,2026-08-03 05:48:00.065987,1785736080,4175,4.157,4.157,2.45,2.45,0.54,0.54,1,1
1,2026-08-03 05:48:01.079200,1785736081,4176,1.20624999999997,1.20624999999997,2.45,2.45,0.45,0.45,1,1
1,2026-08-03 05:48:02.094000,1785736082,4177,1.16087962962959,1.16087962962959,2.45,2.45,0.36,0.36,1,1
1,2026-08-03 05:48:03.096318,1785736083,4178,1.11550925925922,1.11550925925922,2.45,2.45,0.27,0.27,1,1
1,2026-08-03 05:48:04.166578,1785736084,4179,1.08148148148145,1.08148148148145,2.45,2.45,0.18,0.18,1,1
1,2026-08-03 05:48:05.176625,1785736085,4180,1.03611111111107,1.03611111111107,2.45,2.45,0.09,0.09,1,1
1,2026-08-03 05:48:06.222889,1785736086,4181,0.851,0.851,2.45,2.45,0.9,0.9,1,1
1,2026-08-03 05:48:07.234394,1785736087,4182,5.81,5.81,2.45,2.45,0.81,0.81,1,1
1,2026-08-03 05:48:08.245303,1785736088,4183,5.259,5.259,2.45,2.45,0.72,0.72,1,1
1,2026-08-03 05:48:09.304649,1785736089,4184,4.708,4.708,2.45,2.45,0.63,0.63,1,1
1,2026-08-03 05:48:10.314349,1785736090,4185,4.157,4.157,2.45,2.45,0.54,0.54,1,1
1,2026-08-03 05:48:11.347657,1785736091,4186,0.775231481481445,0.775231481481445,2.45,2.45,0.45,0.45,1,1
1,2026-08-03 05:48:12.361446,1785736092,4187,3.055,3.055,2.45,2.45,0.36,0.36,1,1
1,2026-08-03 05:48:13.378499,1785736093,4188,0.684490740740704,0.684490740740704,2.45,2.45,0.27,0.27,1,1
1,2026-08-03 05:48:14.401100,1785736094,4189,0.639120370370334,0.639120370370334,2.45,2.45,0.18,0.18,1,1
1,2026-08-03 05:48:15.411870,1785736095,4190,1.402,1.402,2.45,2.45,0.09,0.09,1,1
1,2026-08-03 05:48:16.438381,1785736096,4191,0.851,0.851,2.45,2.45,0.9,0.9,1,1
1,2026-08-03 05:48:17.448312,1785736097,4192,5.81,5.81,2.45,2.45,0.81,0.81,1,1
1,2026-08-03 05:48:18.987584,1785736098,4193,5.259,5.259,2.45,2.45,0.72,0.72,1,1
1,2026-08-03 05:48:20.000572,1785736100,4194,4.708,4.708,2.45,2.45,0.63,0.63,1,1
1,2026-08-03 05:48:21.022044,1785736101,4195,4.157,4.157,2.45,2.45,0.54,0.54,1,1
1,2026-08-03 05:48:22.023954,1785736102,4196,3.606,3.606,2.45,2.45,0.45,0.45,1,1
1,2026-08-03 05:48:23.033811,1785736103,4197,3.055,3.055,2.45,2.45,0.36,0.36,1,1
1,2026-08-03 05:48:24.045357,1785736104,4198,2.504,2.504,2.45,2.45,0.27,0.27,1,1
1,2026-08-03 05:48:25.055778,1785736105,4199,1.953,1.953,2.45,2.45,0.18,0.18,1,1
1,2026-08-03 05:48:26.060136,1785736106,4200,1.402,1.402,2.45,2.45,0.09,0.09,1,1
1,2026-08-03 05:48:27.074423,1785736107,4201,0.851,0.851,2.45,2.45,0.9,0.9,1,1
1,2026-08-03 05:48:28.113090,1785736108,4202,5.68657407407408,5.68657407407408,2.45,2.45,0.81,0.81,1,1
1,2026-08-03 05:48:29.137444,1785736109,4203,5.259,5.259,2.45,2.45,0.72,0.72,1,1
1,2026-08-03 05:48:30.142831,1785736110,4204,4.708,4.708,2.45,2.45,0.63,0.63,1,1
1,2026-08-03 05:48:31.167030,1785736111,4205,4.157,4.157,2.45,2.45,0.54,0.54,1,1
1,2026-08-03 05:48:32.188018,1785736112,4206,3.606,3.606,2.45,2.45,0.45,0.45,1,1
1,2026-08-03 05:48:33.189001,1785736113,4207,3.055,3.055,2.45,2.45,0.36,0.36,1,1
1,2026-08-03 05:48:34.208320,1785736114,4208,2.504,2.504,2.45,2.45,0.27,0.27,1,1
1,2026-08-03 05:48:35.243609,1785736115,4209,5.39166666666668,5.39166666666668,2.45,2.45,0.18,0.18,1,1
1,2026-08-03 05:48:36.248453,1785736116,4210,1.402,1.402,2.45,2.45,0.09,0.09,1,1
1,2026-08-03 05:48:37.268722,1785736117,4211,0.851,0.851,2.45,2.45,0.9,0.9,1,1
1,2026-08-03 05:48:38.280900,1785736118,4212,5.81,5.81,2.45,2.45,0.81,0.81,1,1
1,2026-08-03 05:48:39.286956,1785736119,4213,5.259,5.259,2.45,2.45,0.72,0.72,1,1
1,2026-08-03 05:48:40.303485,1785736120,4214,4.708,4.708,2.45,2.45,0.63,0.63,1,1
1,2026-08-03 05:48:41.305471,1785736121,4215,4.157,4.157,2.45,2.45,0.54,0.54,1,1
1,2026-08-03 05:48:42.317761,1785736122,4216,3.606,3.606,2.45,2.45,0.45,0.45,1,1
1,2026-08-03 05:48:43.350026,1785736123,4217,3.055,3.055,2.45,2.45,0.36,0.36,1,1
1,2026-08-03 05:48:44.386832,1785736124,4218,2.504,2.504,2.45,2.45,0.27,0.27,1,1
1,2026-08-03 05:48:45.415820,1785736125,4219,1.953,1.953,2.45,2.45,0.18,0.18,1,1
1,2026-08-03 05:48:46.420837,1785736126,4220,1.402,1.402,2.45,2.45,0.09,0.09,1,1
1,2026-08-03 05:48:47.510553,1785736127,4221,0.851,0.851,2.45,2.45,0.9,0.9,1,1
1,2026-08-03 05:48:48.581847,1785736128,4222,5.81,5.81,2.45,2.45,0.81,0.81,1,1
1,2026-08-03 05:48:49.678986,1785736129,4223,4.79050925925927,4.79050925925927,2.45,2.45,0.72,0.72,1,1
1,2026-08-03 05:48:50.716638,1785736130,4224,4.708,4.708,2.45,2.45,0.63,0.63,1,1
1,2026-08-03 05:48:52.250269,1785736132,4225,4.69976851851853,4.69976851851853,2.45,2.45,0.54,0.54,1,1
1,2026-08-03 05:48:53.260890,1785736133,4226,4.65439814814816,4.65439814814816,2.45,2.45,0.45,0.45,1,1
1,2026-08-03 05:48:54.275387,1785736134,4227,4.60902777777779,4.60902777777779,2.45,2.45,0.36,0.36,1,1
1,2026-08-03 05:48:55.277503,1785736135,4228,4.56365740740742,4.56365740740742,2.45,2.45,0.27,0.27,1,1
1,2026-08-03 05:48:56.288365,1785736136,4229,4.52962962962964,4.52962962962964,2.45,2.45,0.18,0.18,1,1
1,2026-08-03 05:48:57.352526,1785736137,4230,4.48425925925927,4.48425925925927,2.45,2.45,0.09,0.09,1,1
1,2026-08-03 05:48:58.360852,1785736138,4231,4.4388888888889,4.4388888888889,2.45,2.45,0.9,0.9,1,1
1,2026-08-03 05:48:59.381896,1785736139,4232,4.39351851851852,4.39351851851852,2.45,2.45,0.81,0.81,1,1
1,2026-08-03 05:49:00.402337,1785736140,4233,4.35949074074075,4.35949074074075,2.45,2.45,0.72,0.72,1,1
1,2026-08-03 05:49:01.412492,1785736141,4234,4.31412037037038,4.31412037037038,2.45,2.45,0.63,0.63,1,1
1,2026-08-03 05:49:02.421584,1785736142,4235,4.26875,4.26875,2.45,2.45,0.54,0.54,1,1
1,2026-08-03 05:49:03.422919,1785736143,4236,4.22337962962963,4.22337962962963,2.45,2.45,0.45,0.45,1,1
1,2026-08-03 05:49:04.455677,1785736144,4237,4.18935185185186,4.18935185185186,2.45,2.45,0.36,0.36,1,1
1,2026-08-03 05:49:05.462229,1785736145,4238,4.14398148148148,4.14398148148148,2.45,2.45,0.27,0.27,1,1
1,2026-08-03 05:49:06.487183,1785736146,4239,4.09861111111111,4.09861111111111,2.45,2.45,0.18,0.18,1,1
1,2026-08-03 05:49:07.492864,1785736147,4240,4.05324074074074,4.05324074074074,2.45,2.45,0.09,0.09,1,1
1,2026-08-03 05:49:08.499883,1785736148,4241,4.01921296296296,4.01921296296296,2.45,2.45,0.9,0.9,1,1
1,2026-08-03 05:49:09.550544,1785736149,4242,3.97384259259259,3.97384259259259,2.45,2.45,0.81,0.81,1,1
1,2026-08-03 05:49:10.558768,1785736150,4243,3.93981481481481,3.93981481481481,2.45,2.45,0.72,0.72,1,1
1,2026-08-03 05:49:11.569858,1785736151,4244,3.89444444444444,3.89444444444444,2.45,2.45,0.63,0.63,1,1
1,2026-08-03 05:49:12.601636,1785736152,4245,3.84907407407407,3.84907407407407,2.45,2.45,0.54,0.54,1,1
1,2026-08-03 05:49:13.602503,1785736153,4246,3.81504629629629,3.81504629629629,2.45,2.45,0.45,0.45,1,1
1,2026-08-03 05:49:14.606149,1785736154,4247,3.76967592592592,3.76967592592592,2.45,2.45,0.36,0.36,1,1
1,2026-08-03 05:49:15.612022,1785736155,4248,3.72430555555555,3.72430555555555,2.45,2.45,0.27,0.27,1,1
1,2026-08-03 05:49:16.617854,1785736156,4249,3.67893518518518,3.67893518518518,2.45,2.45,0.18,0.18,1,1
1,2026-08-03 05:49:17.621316,1785736157,4250,3.6449074074074,3.6449074074074,2.45,2.45,0.09,0.09,1,1
1,2026-08-03 05:49:18.627779,1785736158,4251,3.59953703703703,3.59953703703703,2.45,2.45,0.9,0.9,1,1
1,2026-08-03 05:49:19.650668,1785736159,4252,3.55416666666666,3.55416666666666,2.45,2.45,0.81,0.81,1,1
1,2026-08-03 05:49:20.658177,1785736160,4253,3.52013888888888,3.52013888888888,2.45,2.45,0.72,0.72,1,1
1,2026-08-03 05:49:21.662647,1785736161,4254,3.47476851851851,3.47476851851851,2.45,2.45,0.63,0.63,1,1
1,2026-08-03 05:49:22.665220,1785736162,4255,3.42939814814814,3.42939814814814,2.45,2.45,0.54,0.54,1,1
1,2026-08-03 05:49:23.677806,1785736163,4256,3.39537037037036,3.39537037037036,2.45,2.45,0.45,0.45,1,1
1,2026-08-03 05:49:25.212848,1785736165,4257,3.34999999999999,3.34999999999999,2.45,2.45,0.36,0.36,1,1
1,2026-08-03 05:49:26.215040,1785736166,4258,3.30462962962962,3.30462962962962,2.45,2.45,0.27,0.27,1,1
1,2026-08-03 05:49:27.245394,1785736167,4259,3.25925925925925,3.25925925925925,2.45,2.45,0.18,0.18,1,1
1,2026-08-03 05:49:28.248320,1785736168,4260,3.22523148148147,3.22523148148147,2.45,2.45,0.09,0.09,1,1
1,2026-08-03 05:49:29.252876,1785736169,4261,3.1798611111111,3.1798611111111,2.45,2.45,0.9,0.9,1,1
1,2026-08-03 05:49:30.257227,1785736170,4262,3.13449074074073,3.13449074074073,2.45,2.45,0.81,0.81,1,1
1,2026-08-03 05:49:31.288427,1785736171,4263,3.10046296296295,3.10046296296295,2.45,2.45,0.72,0.72,1,1
1,2026-08-03 05:49:32.291200,1785736172,4264,3.05509259259258,3.05509259259258,2.45,2.45,0.63,0.63,1,1
1,2026-08-03 05:49:33.297023,1785736173,4265,3.00972222222221,3.00972222222221,2.45,2.45,0.54,0.54,1,1
1,2026-08-03 05:49:34.302110,1785736174,4266,2.96435185185184,2.96435185185184,2.45,2.45,0.45,0.45,1,1
1,2026-08-03 05:49:35.308566,1785736175,4267,2.93032407407406,2.93032407407406,2.45,2.45,0.36,0.36,1,1
1,2026-08-03 05:49:36.309828,1785736176,4268,2.88495370370369,2.88495370370369,2.45,2.45,0.27,0.27,1,1
1,2026-08-03 05:49:37.317199,1785736177,4269,2.83958333333332,2.83958333333332,2.45,2.45,0.18,0.18,1,1
1,2026-08-03 05:49:38.344485,1785736178,4270,2.80555555555554,2.80555555555554,2.45,2.45,0.09,0.09,1,1
1,2026-08-03 05:49:39.350322,1785736179,4271,2.76018518518517,2.76018518518517,2.45,2.45,0.9,0.9,1,1
1,2026-08-03 05:49:40.364675,1785736180,4272,2.7148148148148,2.7148148148148,2.45,2.45,0.81,0.81,1,1
1,2026-08-03 05:49:41.367976,1785736181,4273,2.68078703703702,2.68078703703702,2.45,2.45,0.72,0.72,1,1
1,2026-08-03 05:49:42.374609,1785736182,4274,2.63541666666665,2.63541666666665,2.45,2.45,0.63,0.63,1,1
1,2026-08-03 05:49:43.407635,1785736183,4275,2.60138888888887,2.60138888888887,2.45,2.45,0.54,0.54,1,1
1,2026-08-03 05:49:44.411240,1785736184,4276,2.5560185185185,2.5560185185185,2.45,2.45,0.45,0.45,1,1
1,2026-08-03 05:49:45.430281,1785736185,4277,2.51064814814813,2.51064814814813,2.45,2.45,0.36,0.36,1,1
1,2026-08-03 05:49:46.432753,1785736186,4278,2.46527777777776,2.46527777777776,2.45,2.45,0.27,0.27,1,1
1,2026-08-03 05:49:47.434778,1785736187,4279,2.43124999999998,2.43124999999998,2.45,2.45,0.18,0.18,1,1
1,2026-08-03 05:49:48.439628,1785736188,4280,2.38587962962961,2.38587962962961,2.45,2.45,0.09,0.09,1,1
1,2026-08-03 05:49:49.448423,1785736189,4281,2.34050925925924,2.34050925925924,2.45,2.45,0.9,0.9,1,1
1,2026-08-03 05:49:50.453617,1785736190,4282,2.29513888888887,2.29513888888887,2.45,2.45,0.81,0.81,1,1
1,2026-08-03 05:49:51.482817,1785736191,4283,2.26111111111109,2.26111111111109,2.45,2.45,0.72,0.72,1,1
1,2026-08-03 05:49:52.486007,1785736192,4284,2.21574074074072,2.21574074074072,2.45,2.45,0.63,0.63,1,1
1,2026-08-03 05:49:53.487511,1785736193,4285,2.17037037037035,2.17037037037035,2.45,2.45,0.54,0.54,1,1
1,2026-08-03 05:49:54.491400,1785736194,4286,2.12499999999998,2.12499999999998,2.45,2.45,0.45,0.45,1,1
1,2026-08-03 05:49:55.514117,1785736195,4287,2.07962962962961,2.07962962962961,2.45,2.45,0.36,0.36,1,1
1,2026-08-03 05:49:56.529187,1785736196,4288,2.04560185185183,2.04560185185183,2.45,2.45,0.27,0.27,1,1
1,2026-08-03 05:49:58.052763,1785736198,4289,2.00023148148146,2.00023148148146,2.45,2.45,0.18,0.18,1,1
1,2026-08-03 05:49:59.061046,1785736199,4290,1.95486111111109,1.95486111111109,2.45,2.45,0.09,0.09,1,1
1,2026-08-03 05:50:00.062678,1785736200,4291,1.92083333333331,1.92083333333331,2.45,2.45,0.9,0.9,1,1
1,2026-08-03 05:50:01.066056,1785736201,4292,1.87546296296294,1.87546296296294,2.45,2.45,0.81,0.81,1,1
1,2026-08-03 05:50:02.075108,1785736202,4293,1.83009259259257,1.83009259259257,2.45,2.45,0.72,0.72,1,1
1,2026-08-03 05:50:03.080296,1785736203,4294,1.78472222222219,1.78472222222219,2.45,2.45,0.63,0.63,1,1
1,2026-08-03 05:50:04.094545,1785736204,4295,1.75069444444442,1.75069444444442,2.45,2.45,0.54,0.54,1,1
1,2026-08-03 05:50:05.120178,1785736205,4296,1.70532407407405,1.70532407407405,2.45,2.45,0.45,0.45,1,1
1,2026-08-03 05:50:06.128805,1785736206,4297,1.65995370370367,1.65995370370367,2.45,2.45,0.36,0.36,1,1
1,2026-08-03 05:50:07.133977,1785736207,4298,1.6145833333333,1.6145833333333,2.45,2.45,0.27,0.27,1,1
1,2026-08-03 05:50:08.152039,1785736208,4299,1.58055555555553,1.58055555555553,2.45,2.45,0.18,0.18,1,1
1,2026-08-03 05:50:09.173565,1785736209,4300,1.53518518518515,1.53518518518515,2.45,2.45,0.09,0.09,1,1
1,2026-08-03 05:50:10.187608,1785736210,4301,1.48981481481478,1.48981481481478,2.45,2.45,0.9,0.9,1,1
1,2026-08-03 05:50:11.189032,1785736211,4302,1.44444444444441,1.44444444444441,2.45,2.45,0.81,0.81,1,1
1,2026-08-03 05:50:12.201436,1785736212,4303,1.41041666666663,1.41041666666663,2.45,2.45,0.72,0.72,1,1
1,2026-08-03 05:50:13.204525,1785736213,4304,1.36504629629626,1.36504629629626,2.45,2.45,0.63,0.63,1,1
1,2026-08-03 05:50:14.206523,1785736214,4305,1.31967592592589,1.31967592592589,2.45,2.45,0.54,0.54,1,1
1,2026-08-03 05:50:15.230571,1785736215,4306,1.27430555555552,1.27430555555552,2.45,2.45,0.45,0.45,1,1
1,2026-08-03 05:50:16.280664,1785736216,4307,1.22893518518515,1.22893518518515,2.45,2.45,0.36,0.36,1,1
1,2026-08-03 05:50:17.289902,1785736217,4308,1.19490740740737,1.19490740740737,2.45,2.45,0.27,0.27,1,1
1,2026-08-03 05:50:18.291133,1785736218,4309,1.149537037037,1.149537037037,2.45,2.45,0.18,0.18,1,1
1,2026-08-03 05:50:19.292194,1785736219,4310,1.10416666666663,1.10416666666663,2.45,2.45,0.09,0.09,1,1
1,2026-08-03 05:50:20.316081,1785736220,4311,1.07013888888885,1.07013888888885,2.45,2.45,0.9,0.9,1,1
1,2026-08-03 05:50:21.336234,1785736221,4312,1.02476851851848,1.02476851851848,2.45,2.45,0.81,0.81,1,1
1,2026-08-03 05:50:22.356927,1785736222,4313,0.979398148148111,0.979398148148111,2.45,2.45,0.72,0.72,1,1
1,2026-08-03 05:50:23.421417,1785736223,4314,0.934027777777741,0.934027777777741,2.45,2.45,0.63,0.63,1,1
1,2026-08-03 05:50:24.427242,1785736224,4315,0.888657407407371,0.888657407407371,2.45,2.45,0.54,0.54,1,1
1,2026-08-03 05:50:25.432824,1785736225,4316,0.843287037037,0.843287037037,2.45,2.45,0.45,0.45,1,1
1,2026-08-03 05:50:26.475180,1785736226,4317,0.79791666666663,0.79791666666663,2.45,2.45,0.36,0.36,1,1
1,2026-08-03 05:50:27.595514,1785736227,4318,0.75254629629626,0.75254629629626,2.45,2.45,0.27,0.27,1,1
1,2026-08-03 05:50:28.597082,1785736228,4319,0.707175925925889,0.707175925925889,2.45,2.45,0.18,0.18,1,1
1,2026-08-03 05:50:29.598116,1785736229,4320,0.661805555555519,0.661805555555519,2.45,2.45,0.09,0.09,1,1
1,2026-08-03 05:50:31.134863,1785736231,4321,0.627777777777741,0.627777777777741,2.45,2.45,0.9,0.9,1,1
1,2026-08-03 05:50:32.141937,1785736232,4322,0.582407407407371,0.582407407407371,2.45,2.45,0.81,0.81,1,1
1,2026-08-03 05:50:33.158278,1785736233,4323,0.537037037037,0.537037037037,2.45,2.45,0.72,0.72,1,1
1,2026-08-03 05:50:34.168621,1785736234,4324,0.49166666666663,0.49166666666663,2.45,2.45,0.63,0.63,1,1
1,2026-08-03 05:50:35.171780,1785736235,4325,0.457638888888852,0.457638888888852,2.45,2.45,0.54,0.54,1,1
1,2026-08-03 05:50:36.209660,1785736236,4326,0.412268518518482,0.412268518518482,2.45,2.45,0.45,0.45,1,1
1,2026-08-03 05:50:37.222882,1785736237,4327,0.378240740740704,0.378240740740704,2.45,2.45,0.36,0.36,1,1
1,2026-08-03 05:50:38.232415,1785736238,4328,0.332870370370334,0.332870370370334,2.45,2.45,0.27,0.27,1,1
1,2026-08-03 05:50:39.256615,1785736239,4329,0.298842592592556,0.298842592592556,2.45,2.45,0.18,0.18,1,1
1,2026-08-03 05:50:40.260994,1785736240,4330,1.953,1.953,2.45,2.45,0.09,0.09,1,1
1,2026-08-03 05:50:41.391000,1785736241,4331,1.402,1.402,2.45,2.45,0.9,0.9,1,1
1,2026-08-03 05:50:42.413280,1785736242,4332,5.76597222222222,5.76597222222222,2.45,2.45,0.81,0.81,1,1
1,2026-08-03 05:50:43.418777,1785736243,4333,5.72060185185185,5.72060185185185,2.45,2.45,0.72,0.72,1,1
1,2026-08-03 05:50:44.444918,1785736244,4334,5.68657407407408,5.68657407407408,2.45,2.45,0.63,0.63,1,1
1,2026-08-03 05:50:45.449941,1785736245,4335,5.64120370370371,5.64120370370371,2.45,2.45,0.54,0.54,1,1
1,2026-08-03 05:50:46.473907,1785736246,4336,5.60717592592593,5.60717592592593,2.45,2.45,0.45,0.45,1,1
1,2026-08-03 05:50:47.496681,1785736247,4337,5.56180555555556,5.56180555555556,2.45,2.45,0.36,0.36,1,1
1,2026-08-03 05:50:48.506944,1785736248,4338,5.5164351851852,5.5164351851852,2.45,2.45,0.27,0.27,1,1
1,2026-08-03 05:50:49.542721,1785736249,4339,5.48240740740742,5.48240740740742,2.45,2.45,0.18,0.18,1,1
1,2026-08-03 05:50:50.546850,1785736250,4340,5.43703703703705,5.43703703703705,2.45,2.45,0.09,0.09,1,1
1,2026-08-03 05:50:51.570788,1785736251,4341,5.39166666666668,5.39166666666668,2.45,2.45,0.9,0.9,1,1
1,2026-08-03 05:50:52.627471,1785736252,4342,5.35763888888891,5.35763888888891,2.45,2.45,0.81,0.81,1,1
1,2026-08-03 05:50:53.807520,1785736253,4343,5.31226851851854,5.31226851851854,2.45,2.45,0.72,0.72,1,1
1,2026-08-03 05:50:54.809571,1785736254,4344,5.26689814814817,5.26689814814817,2.45,2.45,0.63,0.63,1,1
1,2026-08-03 05:50:55.811801,1785736255,4345,5.22152777777779,5.22152777777779,2.45,2.45,0.54,0.54,1,1
1,2026-08-03 05:50:56.832445,1785736256,4346,5.18750000000002,5.18750000000002,2.45,2.45,0.45,0.45,1,1
1,2026-08-03 05:50:57.877522,1785736257,4347,5.14212962962965,5.14212962962965,2.45,2.45,0.36,0.36,1,1
1,2026-08-03 05:50:58.880064,1785736258,4348,5.09675925925927,5.09675925925927,2.45,2.45,0.27,0.27,1,1
1,2026-08-03 05:50:59.903077,1785736259,4349,5.0513888888889,5.0513888888889,2.45,2.45,0.27,0.27,1,1
1,2026-08-03 05:51:00.919015,1785736260,4350,5.01736111111112,5.01736111111112,2.45,2.45,0.18,0.18,1,1
1,2026-08-03 05:51:01.931009,1785736261,4351,4.97199074074075,4.97199074074075,2.45,2.45,0.09,0.09,1,1
1,2026-08-03 05:51:02.934806,1785736262,4352,4.92662037037038,4.92662037037038,2.45,2.45,0.9,0.9,1,1
1,2026-08-03 05:51:04.461851,1785736264,4353,4.88125000000001,4.88125000000001,2.45,2.45,0.81,0.81,1,1
1,2026-08-03 05:51:05.469205,1785736265,4354,4.84722222222223,4.84722222222223,2.45,2.45,0.72,0.72,1,1
1,2026-08-03 05:51:06.482375,1785736266,4355,4.80185185185186,4.80185185185186,2.45,2.45,0.63,0.63,1,1
1,2026-08-03 05:51:07.483468,1785736267,4356,4.75648148148149,4.75648148148149,2.45,2.45,0.54,0.54,1,1
1,2026-08-03 05:51:08.490840,1785736268,4357,4.71111111111112,4.71111111111112,2.45,2.45,0.45,0.45,1,1
1,2026-08-03 05:51:09.492838,1785736269,4358,4.67708333333334,4.67708333333334,2.45,2.45,0.36,0.36,1,1
1,2026-08-03 05:51:10.497812,1785736270,4359,4.63171296296297,4.63171296296297,2.45,2.45,0.27,0.27,1,1
1,2026-08-03 05:51:11.505590,1785736271,4360,4.5863425925926,4.5863425925926,2.45,2.45,0.18,0.18,1,1
1,2026-08-03 05:51:12.511640,1785736272,4361,4.54097222222223,4.54097222222223,2.45,2.45,0.09,0.09,1,1
1,2026-08-03 05:51:13.520129,1785736273,4362,4.50694444444445,4.50694444444445,2.45,2.45,0.9,0.9,1,1
1,2026-08-03 05:51:14.524073,1785736274,4363,4.46157407407408,4.46157407407408,2.45,2.45,0.81,0.81,1,1
1,2026-08-03 05:51:15.527040,1785736275,4364,4.41620370370371,4.41620370370371,2.45,2.45,0.72,0.72,1,1
1,2026-08-03 05:51:16.564677,1785736276,4365,4.37083333333334,4.37083333333334,2.45,2.45,0.63,0.63,1,1
1,2026-08-03 05:51:17.566652,1785736277,4366,4.33680555555556,4.33680555555556,2.45,2.45,0.54,0.54,1,1
1,2026-08-03 05:51:18.578154,1785736278,4367,4.29143518518519,4.29143518518519,2.45,2.45,0.45,0.45,1,1
1,2026-08-03 05:51:19.589217,1785736279,4368,4.24606481481482,4.24606481481482,2.45,2.45,0.36,0.36,1,1
1,2026-08-03 05:51:20.606728,1785736280,4369,4.20069444444445,4.20069444444445,2.45,2.45,0.27,0.27,1,1
1,2026-08-03 05:51:21.622287,1785736281,4370,4.16666666666667,4.16666666666667,2.45,2.45,0.18,0.18,1,1
1,2026-08-03 05:51:22.660228,1785736282,4371,4.1212962962963,4.1212962962963,2.45,2.45,0.09,0.09,1,1
1,2026-08-03 05:51:23.661248,1785736283,4372,4.07592592592593,4.07592592592593,2.45,2.45,0.9,0.9,1,1
1,2026-08-03 05:51:24.666870,1785736284,4373,4.03055555555556,4.03055555555556,2.45,2.45,0.81,0.81,1,1
1,2026-08-03 05:51:25.692879,1785736285,4374,3.99652777777778,3.99652777777778,2.45,2.45,0.72,0.72,1,1
1,2026-08-03 05:51:26.705662,1785736286,4375,3.9625,3.9625,2.45,2.45,0.63,0.63,1,1
1,2026-08-03 05:51:27.711181,1785736287,4376,3.91712962962963,3.91712962962963,2.45,2.45,0.54,0.54,1,1
1,2026-08-03 05:51:28.731015,1785736288,4377,3.87175925925926,3.87175925925926,2.45,2.45,0.45,0.45,1,1
1,2026-08-03 05:51:29.759400,1785736289,4378,3.82638888888889,3.82638888888889,2.45,2.45,0.36,0.36,1,1
1,2026-08-03 05:51:30.778807,1785736290,4379,3.79236111111111,3.79236111111111,2.45,2.45,0.27,0.27,1,1
1,2026-08-03 05:51:31.785681,1785736291,4380,3.74699074074074,3.74699074074074,2.45,2.45,0.18,0.18,1,1
1,2026-08-03 05:51:32.788993,1785736292,4381,3.70162037037037,3.70162037037037,2.45,2.45,0.09,0.09,1,1
1,2026-08-03 05:51:33.792170,1785736293,4382,3.65625,3.65625,2.45,2.45,0.9,0.9,1,1
1,2026-08-03 05:51:34.798640,1785736294,4383,3.62222222222222,3.62222222222222,2.45,2.45,0.81,0.81,1,1
1,2026-08-03 05:51:35.800512,1785736295,4384,3.57685185185185,3.57685185185185,2.45,2.45,0.72,0.72,1,1
1,2026-08-03 05:51:37.330641,1785736297,4385,3.53148148148148,3.53148148148148,2.45,2.45,0.63,0.63,1,1
1,2026-08-03 05:51:38.332286,1785736298,4386,3.48611111111111,3.48611111111111,2.45,2.45,0.54,0.54,1,1
1,2026-08-03 05:51:39.344500,1785736299,4387,3.45208333333333,3.45208333333333,2.45,2.45,0.45,0.45,1,1
1,2026-08-03 05:51:40.349025,1785736300,4388,3.40671296296296,3.40671296296296,2.45,2.45,0.36,0.36,1,1
1,2026-08-03 05:51:41.357484,1785736301,4389,3.36134259259259,3.36134259259259,2.45,2.45,0.27,0.27,1,1
1,2026-08-03 05:51:42.437729,1785736302,4390,3.31597222222221,3.31597222222221,2.45,2.45,0.18,0.18,1,1
1,2026-08-03 05:51:43.473321,1785736303,4391,3.28194444444444,3.28194444444444,2.45,2.45,0.09,0.09,1,1
1,2026-08-03 05:51:44.474412,1785736304,4392,3.23657407407407,3.23657407407407,2.45,2.45,0.9,0.9,1,1
1,2026-08-03 05:51:45.477361,1785736305,4393,3.19120370370369,3.19120370370369,2.45,2.45,0.81,0.81,1,1
1,2026-08-03 05:51:46.487525,1785736306,4394,3.14583333333332,3.14583333333332,2.45,2.45,0.72,0.72,1,1
1,2026-08-03 05:51:47.499280,1785736307,4395,3.10046296296295,3.10046296296295,2.45,2.45,0.63,0.63,1,1
1,2026-08-03 05:51:48.501264,1785736308,4396,3.06643518518517,3.06643518518517,2.45,2.45,0.54,0.54,1,1
1,2026-08-03 05:51:49.513688,1785736309,4397,3.0210648148148,3.0210648148148,2.45,2.45,0.45,0.45,1,1
1,2026-08-03 05:51:50.515824,1785736310,4398,3.055,3.055,2.45,2.45,0.36,0.36,1,1
1,2026-08-03 05:51:51.525088,1785736311,4399,2.504,2.504,2.45,2.45,0.27,0.27,1,1
1,2026-08-03 05:51:52.531673,1785736312,4400,1.953,1.953,2.45,2.45,0.18,0.18,1,1
1,2026-08-03 05:51:53.540395,1785736313,4401,1.402,1.402,2.45,2.45,0.09,0.09,1,1
1,2026-08-03 05:51:54.551772,1785736314,4402,0.851,0.851,2.45,2.45,0.9,0.9,1,1
1,2026-08-03 05:51:55.595182,1785736315,4403,5.81,5.81,2.45,2.45,0.81,0.81,1,1
1,2026-08-03 05:51:56.841943,1785736316,4404,2.72615740740739,2.72615740740739,2.45,2.45,0.72,0.72,1,1
1,2026-08-03 05:51:57.844299,1785736317,4405,2.68078703703702,2.68078703703702,2.45,2.45,0.63,0.63,1,1
1,2026-08-03 05:51:58.846255,1785736318,4406,2.63541666666665,2.63541666666665,2.45,2.45,0.54,0.54,1,1
1,2026-08-03 05:51:59.888335,1785736319,4407,2.60138888888887,2.60138888888887,2.45,2.45,0.45,0.45,1,1
1,2026-08-03 05:52:00.894281,1785736320,4408,2.5560185185185,2.5560185185185,2.45,2.45,0.36,0.36,1,1
1,2026-08-03 05:52:01.904493,1785736321,4409,2.51064814814813,2.51064814814813,2.45,2.45,0.27,0.27,1,1
1,2026-08-03 05:52:02.913046,1785736322,4410,2.46527777777776,2.46527777777776,2.45,2.45,0.18,0.18,1,1
1,2026-08-03 05:52:03.950397,1785736323,4411,1.402,1.402,2.45,2.45,0.09,0.09,1,1
1,2026-08-03 05:52:04.965033,1785736324,4412,2.38587962962961,2.38587962962961,2.45,2.45,0.9,0.9,1,1
1,2026-08-03 05:52:05.967887,1785736325,4413,2.34050925925924,2.34050925925924,2.45,2.45,0.81,0.81,1,1
1,2026-08-03 05:52:06.972299,1785736326,4414,2.29513888888887,2.29513888888887,2.45,2.45,0.72,0.72,1,1
1,2026-08-03 05:52:07.974387,1785736327,4415,2.2497685185185,2.2497685185185,2.45,2.45,0.63,0.63,1,1
1,2026-08-03 05:52:08.977885,1785736328,4416,2.21574074074072,2.21574074074072,2.45,2.45,0.54,0.54,1,1
1,2026-08-03 05:52:10.498266,1785736330,4417,2.17037037037035,2.17037037037035,2.45,2.45,0.45,0.45,1,1
1,2026-08-03 05:52:11.499673,1785736331,4418,2.12499999999998,2.12499999999998,2.45,2.45,0.36,0.36,1,1
1,2026-08-03 05:52:12.502168,1785736332,4419,2.504,2.504,2.45,2.45,0.27,0.27,1,1
1,2026-08-03 05:52:13.509218,1785736333,4420,1.953,1.953,2.45,2.45,0.18,0.18,1,1
1,2026-08-03 05:52:14.530515,1785736334,4421,2.00023148148146,2.00023148148146,2.45,2.45,0.09,0.09,1,1
1,2026-08-03 05:52:15.533200,1785736335,4422,1.95486111111109,1.95486111111109,2.45,2.45,0.9,0.9,1,1
1,2026-08-03 05:52:16.536670,1785736336,4423,5.81,5.81,2.45,2.45,0.81,0.81,1,1
1,2026-08-03 05:52:17.537890,1785736337,4424,5.259,5.259,2.45,2.45,0.72,0.72,1,1
1,2026-08-03 05:52:18.541600,1785736338,4425,1.83009259259257,1.83009259259257,2.45,2.45,0.63,0.63,1,1
1,2026-08-03 05:52:19.555425,1785736339,4426,4.157,4.157,2.45,2.45,0.54,0.54,1,1
1,2026-08-03 05:52:20.810207,1785736340,4427,3.606,3.606,2.45,2.45,0.45,0.45,1,1
1,2026-08-03 05:52:21.825920,1785736341,4428,1.69398148148145,1.69398148148145,2.45,2.45,0.36,0.36,1,1
1,2026-08-03 05:52:22.827724,1785736342,4429,1.65995370370367,1.65995370370367,2.45,2.45,0.27,0.27,1,1
1,2026-08-03 05:52:23.839082,1785736343,4430,1.6145833333333,1.6145833333333,2.45,2.45,0.18,0.18,1,1
1,2026-08-03 05:52:24.855539,1785736344,4431,1.56921296296293,1.56921296296293,2.45,2.45,0.09,0.09,1,1
1,2026-08-03 05:52:25.863665,1785736345,4432,1.52384259259256,1.52384259259256,2.45,2.45,0.9,0.9,1,1
1,2026-08-03 05:52:26.962389,1785736346,4433,1.48981481481478,1.48981481481478,2.45,2.45,0.81,0.81,1,1
1,2026-08-03 05:52:27.964356,1785736347,4434,1.44444444444441,1.44444444444441,2.45,2.45,0.72,0.72,1,1
1,2026-08-03 05:52:28.967978,1785736348,4435,1.39907407407404,1.39907407407404,2.45,2.45,0.63,0.63,1,1
1,2026-08-03 05:52:29.976388,1785736349,4436,1.35370370370367,1.35370370370367,2.45,2.45,0.54,0.54,1,1
1,2026-08-03 05:52:30.979663,1785736350,4437,3.606,3.606,2.45,2.45,0.45,0.45,1,1
1,2026-08-03 05:52:31.982392,1785736351,4438,3.055,3.055,2.45,2.45,0.36,0.36,1,1
1,2026-08-03 05:52:32.995778,1785736352,4439,2.504,2.504,2.45,2.45,0.27,0.27,1,1
1,2026-08-03 05:52:34.009566,1785736354,4440,1.18356481481478,1.18356481481478,2.45,2.45,0.18,0.18,1,1
1,2026-08-03 05:52:35.015785,1785736355,4441,1.149537037037,1.149537037037,2.45,2.45,0.09,0.09,1,1
1,2026-08-03 05:52:36.021754,1785736356,4442,1.10416666666663,1.10416666666663,2.45,2.45,0.9,0.9,1,1
1,2026-08-03 05:52:37.023717,1785736357,4443,1.05879629629626,1.05879629629626,2.45,2.45,0.81,0.81,1,1
1,2026-08-03 05:52:38.025793,1785736358,4444,1.02476851851848,1.02476851851848,2.45,2.45,0.72,0.72,1,1
1,2026-08-03 05:52:39.027686,1785736359,4445,0.979398148148111,0.979398148148111,2.45,2.45,0.63,0.63,1,1
1,2026-08-03 05:52:40.033479,1785736360,4446,0.945370370370334,0.945370370370334,2.45,2.45,0.54,0.54,1,1
1,2026-08-03 05:52:41.046997,1785736361,4447,0.911342592592556,0.911342592592556,2.45,2.45,0.45,0.45,1,1
1,2026-08-03 05:52:42.061503,1785736362,4448,0.865972222222185,0.865972222222185,2.45,2.45,0.36,0.36,1,1
1,2026-08-03 05:52:43.578643,1785736363,4449,0.820601851851815,0.820601851851815,2.45,2.45,0.27,0.27,1,1
1,2026-08-03 05:52:44.641750,1785736364,4450,0.786574074074037,0.786574074074037,2.45,2.45,0.18,0.18,1,1
1,2026-08-03 05:52:45.671214,1785736365,4451,0.741203703703667,0.741203703703667,2.45,2.45,0.09,0.09,1,1
1,2026-08-03 05:52:46.673033,1785736366,4452,0.851,0.851,2.45,2.45,0.9,0.9,1,1
1,2026-08-03 05:52:47.703313,1785736367,4453,0.650462962962926,0.650462962962926,2.45,2.45,0.81,0.81,1,1
1,2026-08-03 05:52:48.708861,1785736368,4454,5.259,5.259,2.45,2.45,0.72,0.72,1,1
1,2026-08-03 05:52:49.735329,1785736369,4455,0.571064814814778,0.571064814814778,2.45,2.45,0.63,0.63,1,1
1,2026-08-03 05:52:50.749408,1785736370,4456,4.157,4.157,2.45,2.45,0.54,0.54,1,1
1,2026-08-03 05:52:51.751493,1785736371,4457,3.606,3.606,2.45,2.45,0.45,0.45,1,1
1,2026-08-03 05:52:52.761581,1785736372,4458,3.055,3.055,2.45,2.45,0.36,0.36,1,1
1,2026-08-03 05:52:53.777679,1785736373,4459,0.400925925925889,0.400925925925889,2.45,2.45,0.27,0.27,1,1
1,2026-08-03 05:52:54.797459,1785736374,4460,0.355555555555519,0.355555555555519,2.45,2.45,0.18,0.18,1,1
1,2026-08-03 05:52:55.818388,1785736375,4461,1.402,1.402,2.45,2.45,0.09,0.09,1,1
1,2026-08-03 05:52:56.832417,1785736376,4462,0.851,0.851,2.45,2.45,0.9,0.9,1,1
1,2026-08-03 05:52:57.865688,1785736377,4463,5.81,5.81,2.45,2.45,0.81,0.81,1,1
1,2026-08-03 05:52:58.878269,1785736378,4464,5.259,5.259,2.45,2.45,0.72,0.72,1,1
1,2026-08-03 05:52:59.881044,1785736379,4465,4.708,4.708,2.45,2.45,0.63,0.63,1,1
1,2026-08-03 05:53:00.891463,1785736380,4466,4.157,4.157,2.45,2.45,0.54,0.54,1,1
1,2026-08-03 05:53:01.899478,1785736381,4467,3.606,3.606,2.45,2.45,0.45,0.45,1,1
1,2026-08-03 05:53:02.929291,1785736382,4468,3.055,3.055,2.45,2.45,0.36,0.36,1,1
1,2026-08-03 05:53:03.930508,1785736383,4469,2.504,2.504,2.45,2.45,0.27,0.27,1,1
1,2026-08-03 05:53:04.941695,1785736384,4470,1.953,1.953,2.45,2.45,0.18,0.18,1,1
1,2026-08-03 05:53:05.957423,1785736385,4471,1.402,1.402,2.45,2.45,0.09,0.09,1,1
1,2026-08-03 05:53:07.017050,1785736387,4472,5.45972222222224,5.45972222222224,2.45,2.45,0.9,0.9,1,1
1,2026-08-03 05:53:08.075851,1785736388,4473,5.81,5.81,2.45,2.45,0.81,0.81,1,1
1,2026-08-03 05:53:09.077526,1785736389,4474,5.3689814814815,5.3689814814815,2.45,2.45,0.72,0.72,1,1
1,2026-08-03 05:53:10.108394,1785736390,4475,4.708,4.708,2.45,2.45,0.63,0.63,1,1
1,2026-08-03 05:53:11.113278,1785736391,4476,4.157,4.157,2.45,2.45,0.54,0.54,1,1
1,2026-08-03 05:53:12.116920,1785736392,4477,3.606,3.606,2.45,2.45,0.45,0.45,1,1
1,2026-08-03 05:53:13.118563,1785736393,4478,5.19884259259261,5.19884259259261,2.45,2.45,0.36,0.36,1,1
1,2026-08-03 05:53:14.122861,1785736394,4479,2.504,2.504,2.45,2.45,0.27,0.27,1,1
1,2026-08-03 05:53:15.131329,1785736395,4480,1.953,1.953,2.45,2.45,0.18,0.18,1,1
1,2026-08-03 05:53:16.663492,1785736396,4481,1.402,1.402,2.45,2.45,0.09,0.09,1,1
1,2026-08-03 05:53:17.668627,1785736397,4482,0.851,0.851,2.45,2.45,0.9,0.9,1,1
1,2026-08-03 05:53:18.686971,1785736398,4483,5.81,5.81,2.45,2.45,0.81,0.81,1,1
1,2026-08-03 05:53:19.713182,1785736399,4484,5.259,5.259,2.45,2.45,0.72,0.72,1,1
1,2026-08-03 05:53:20.714825,1785736400,4485,4.9039351851852,4.9039351851852,2.45,2.45,0.63,0.63,1,1
1,2026-08-03 05:53:21.753415,1785736401,4486,4.86990740740742,4.86990740740742,2.45,2.45,0.54,0.54,1,1
1,2026-08-03 05:53:22.764915,1785736402,4487,3.606,3.606,2.45,2.45,0.45,0.45,1,1
1,2026-08-03 05:53:23.779876,1785736403,4488,3.055,3.055,2.45,2.45,0.36,0.36,1,1
1,2026-08-03 05:53:24.787595,1785736404,4489,2.504,2.504,2.45,2.45,0.27,0.27,1,1
1,2026-08-03 05:53:25.808024,1785736405,4490,1.953,1.953,2.45,2.45,0.18,0.18,1,1
1,2026-08-03 05:53:26.811759,1785736406,4491,1.402,1.402,2.45,2.45,0.09,0.09,1,1
1,2026-08-03 05:53:27.831595,1785736407,4492,0.851,0.851,2.45,2.45,0.9,0.9,1,1
1,2026-08-03 05:53:28.835047,1785736408,4493,5.81,5.81,2.45,2.45,0.81,0.81,1,1
1,2026-08-03 05:53:29.863125,1785736409,4494,5.259,5.259,2.45,2.45,0.72,0.72,1,1
1,2026-08-03 05:53:30.865119,1785736410,4495,4.708,4.708,2.45,2.45,0.63,0.63,1,1
1,2026-08-03 05:53:31.872691,1785736411,4496,4.4388888888889,4.4388888888889,2.45,2.45,0.54,0.54,1,1
1,2026-08-03 05:53:32.910794,1785736412,4497,4.39351851851852,4.39351851851852,2.45,2.45,0.45,0.45,1,1
1,2026-08-03 05:53:33.914039,1785736413,4498,3.055,3.055,2.45,2.45,0.36,0.36,1,1
1,2026-08-03 05:53:34.925066,1785736414,4499,4.31412037037038,4.31412037037038,2.45,2.45,0.27,0.27,1,1
1,2026-08-03 05:53:35.931733,1785736415,4500,1.953,1.953,2.45,2.45,0.18,0.18,1,1
1,2026-08-03 05:53:36.942175,1785736416,4501,1.402,1.402,2.45,2.45,0.09,0.09,1,1
1,2026-08-03 05:53:37.957065,1785736417,4502,4.20069444444445,4.20069444444445,2.45,2.45,0.9,0.9,1,1
1,2026-08-03 05:53:38.961836,1785736418,4503,5.81,5.81,2.45,2.45,0.81,0.81,1,1
1,2026-08-03 05:53:39.972217,1785736419,4504,5.259,5.259,2.45,2.45,0.72,0.72,1,1
1,2026-08-03 05:53:40.978112,1785736420,4505,4.708,4.708,2.45,2.45,0.63,0.63,1,1
1,2026-08-03 05:53:41.992176,1785736421,4506,4.157,4.157,2.45,2.45,0.54,0.54,1,1
1,2026-08-03 05:53:43.006969,1785736423,4507,3.98518518518519,3.98518518518519,2.45,2.45,0.45,0.45,1,1
1,2026-08-03 05:53:44.025076,1785736424,4508,3.93981481481481,3.93981481481481,2.45,2.45,0.36,0.36,1,1
1,2026-08-03 05:53:45.029997,1785736425,4509,2.504,2.504,2.45,2.45,0.27,0.27,1,1
1,2026-08-03 05:53:46.043067,1785736426,4510,1.953,1.953,2.45,2.45,0.18,0.18,1,1
1,2026-08-03 05:53:47.047550,1785736427,4511,1.402,1.402,2.45,2.45,0.09,0.09,1,1
1,2026-08-03 05:53:48.060997,1785736428,4512,3.76967592592592,3.76967592592592,2.45,2.45,0.9,0.9,1,1
1,2026-08-03 05:53:49.582130,1785736429,4513,5.81,5.81,2.45,2.45,0.81,0.81,1,1
1,2026-08-03 05:53:50.588150,1785736430,4514,5.259,5.259,2.45,2.45,0.72,0.72,1,1
1,2026-08-03 05:53:51.601895,1785736431,4515,4.708,4.708,2.45,2.45,0.63,0.63,1,1
1,2026-08-03 05:53:52.614123,1785736432,4516,3.59953703703703,3.59953703703703,2.45,2.45,0.54,0.54,1,1
1,2026-08-03 05:53:53.668098,1785736433,4517,3.56550925925925,3.56550925925925,2.45,2.45,0.45,0.45,1,1
1,2026-08-03 05:53:54.684173,1785736434,4518,3.055,3.055,2.45,2.45,0.36,0.36,1,1
1,2026-08-03 05:53:55.685161,1785736435,4519,2.504,2.504,2.45,2.45,0.27,0.27,1,1
1,2026-08-03 05:53:56.705405,1785736436,4520,1.953,1.953,2.45,2.45,0.18,0.18,1,1
1,2026-08-03 05:53:57.715402,1785736437,4521,1.402,1.402,2.45,2.45,0.09,0.09,1,1
1,2026-08-03 05:53:58.747463,1785736438,4522,0.851,0.851,2.45,2.45,0.9,0.9,1,1
1,2026-08-03 05:53:59.755978,1785736439,4523,5.81,5.81,2.45,2.45,0.81,0.81,1,1
1,2026-08-03 05:54:00.765345,1785736440,4524,5.259,5.259,2.45,2.45,0.72,0.72,1,1
1,2026-08-03 05:54:01.766136,1785736441,4525,3.21388888888888,3.21388888888888,2.45,2.45,0.63,0.63,1,1
1,2026-08-03 05:54:02.770510,1785736442,4526,4.157,4.157,2.45,2.45,0.54,0.54,1,1
1,2026-08-03 05:54:03.792546,1785736443,4527,3.606,3.606,2.45,2.45,0.45,0.45,1,1
1,2026-08-03 05:54:04.795886,1785736444,4528,3.055,3.055,2.45,2.45,0.36,0.36,1,1
1,2026-08-03 05:54:05.800921,1785736445,4529,2.504,2.504,2.45,2.45,0.27,0.27,1,1
1,2026-08-03 05:54:06.836922,1785736446,4530,3.00972222222221,3.00972222222221,2.45,2.45,0.18,0.18,1,1
1,2026-08-03 05:54:07.838205,1785736447,4531,1.402,1.402,2.45,2.45,0.09,0.09,1,1
1,2026-08-03 05:54:08.840186,1785736448,4532,0.851,0.851,2.45,2.45,0.9,0.9,1,1
1,2026-08-03 05:54:09.860135,1785736449,4533,2.8736111111111,2.8736111111111,2.45,2.45,0.81,0.81,1,1
1,2026-08-03 05:54:10.867732,1785736450,4534,5.259,5.259,2.45,2.45,0.72,0.72,1,1
1,2026-08-03 05:54:11.890055,1785736451,4535,4.708,4.708,2.45,2.45,0.63,0.63,1,1
1,2026-08-03 05:54:12.941152,1785736452,4536,4.157,4.157,2.45,2.45,0.54,0.54,1,1
1,2026-08-03 05:54:13.946960,1785736453,4537,3.606,3.606,2.45,2.45,0.45,0.45,1,1
1,2026-08-03 05:54:14.953388,1785736454,4538,3.055,3.055,2.45,2.45,0.36,0.36,1,1
1,2026-08-03 05:54:15.991598,1785736455,4539,2.62407407407406,2.62407407407406,2.45,2.45,0.27,0.27,1,1
1,2026-08-03 05:54:16.998090,1785736456,4540,1.953,1.953,2.45,2.45,0.18,0.18,1,1
1,2026-08-03 05:54:18.006340,1785736458,4541,1.402,1.402,2.45,2.45,0.09,0.09,1,1
1,2026-08-03 05:54:19.018455,1785736459,4542,2.48796296296294,2.48796296296294,2.45,2.45,0.9,0.9,1,1
1,2026-08-03 05:54:20.031205,1785736460,4543,5.81,5.81,2.45,2.45,0.81,0.81,1,1
1,2026-08-03 05:54:21.034707,1785736461,4544,5.259,5.259,2.45,2.45,0.72,0.72,1,1
1,2026-08-03 05:54:22.572838,1785736462,4545,4.708,4.708,2.45,2.45,0.63,0.63,1,1
1,2026-08-03 05:54:23.606679,1785736463,4546,4.157,4.157,2.45,2.45,0.54,0.54,1,1
1,2026-08-03 05:54:24.654943,1785736464,4547,3.606,3.606,2.45,2.45,0.45,0.45,1,1
1,2026-08-03 05:54:25.659610,1785736465,4548,3.055,3.055,2.45,2.45,0.36,0.36,1,1
1,2026-08-03 05:54:26.666001,1785736466,4549,2.504,2.504,2.45,2.45,0.27,0.27,1,1
1,2026-08-03 05:54:27.666828,1785736467,4550,1.953,1.953,2.45,2.45,0.18,0.18,1,1
1,2026-08-03 05:54:28.693345,1785736468,4551,1.402,1.402,2.45,2.45,0.09,0.09,1,1
1,2026-08-03 05:54:29.698207,1785736469,4552,0.851,0.851,2.45,2.45,0.9,0.9,1,1
1,2026-08-03 05:54:30.701595,1785736470,4553,5.81,5.81,2.45,2.45,0.81,0.81,1,1
1,2026-08-03 05:54:31.720271,1785736471,4554,5.259,5.259,2.45,2.45,0.72,0.72,1,1
1,2026-08-03 05:54:32.725559,1785736472,4555,4.708,4.708,2.45,2.45,0.63,0.63,1,1
1,2026-08-03 05:54:33.735238,1785736473,4556,4.157,4.157,2.45,2.45,0.54,0.54,1,1
1,2026-08-03 05:54:34.756780,1785736474,4557,3.606,3.606,2.45,2.45,0.45,0.45,1,1
1,2026-08-03 05:54:35.766061,1785736475,4558,3.055,3.055,2.45,2.45,0.36,0.36,1,1
1,2026-08-03 05:54:36.805163,1785736476,4559,2.504,2.504,2.45,2.45,0.27,0.27,1,1
1,2026-08-03 05:54:37.816666,1785736477,4560,1.953,1.953,2.45,2.45,0.18,0.18,1,1
1,2026-08-03 05:54:38.829377,1785736478,4561,1.402,1.402,2.45,2.45,0.09,0.09,1,1
1,2026-08-03 05:54:39.839865,1785736479,4562,0.851,0.851,2.45,2.45,0.9,0.9,1,1
1,2026-08-03 05:54:40.845786,1785736480,4563,5.81,5.81,2.45,2.45,0.81,0.81,1,1
1,2026-08-03 05:54:41.976824,1785736481,4564,5.259,5.259,2.45,2.45,0.72,0.72,1,1
1,2026-08-03 05:54:42.992162,1785736482,4565,4.708,4.708,2.45,2.45,0.63,0.63,1,1
1,2026-08-03 05:54:43.995606,1785736483,4566,4.157,4.157,2.45,2.45,0.54,0.54,1,1
1,2026-08-03 05:54:45.074667,1785736485,4567,3.606,3.606,2.45,2.45,0.45,0.45,1,1
1,2026-08-03 05:54:46.075928,1785736486,4568,3.055,3.055,2.45,2.45,0.36,0.36,1,1
1,2026-08-03 05:54:47.079477,1785736487,4569,2.504,2.504,2.45,2.45,0.27,0.27,1,1
1,2026-08-03 05:54:48.081397,1785736488,4570,1.3083333333333,1.3083333333333,2.45,2.45,0.18,0.18,1,1
1,2026-08-03 05:54:49.089834,1785736489,4571,1.402,1.402,2.45,2.45,0.09,0.09,1,1
1,2026-08-03 05:54:50.093469,1785736490,4572,0.851,0.851,2.45,2.45,0.9,0.9,1,1
1,2026-08-03 05:54:51.101798,1785736491,4573,5.81,5.81,2.45,2.45,0.81,0.81,1,1
1,2026-08-03 05:54:52.108280,1785736492,4574,5.259,5.259,2.45,2.45,0.72,0.72,1,1
1,2026-08-03 05:54:53.109808,1785736493,4575,4.708,4.708,2.45,2.45,0.63,0.63,1,1
1,2026-08-03 05:54:54.116349,1785736494,4576,4.157,4.157,2.45,2.45,0.54,0.54,1,1
1,2026-08-03 05:54:55.653066,1785736495,4577,3.606,3.606,2.45,2.45,0.45,0.45,1,1
1,2026-08-03 05:54:56.668455,1785736496,4578,0.968055555555519,0.968055555555519,2.45,2.45,0.36,0.36,1,1
1,2026-08-03 05:54:57.676314,1785736497,4579,2.504,2.504,2.45,2.45,0.27,0.27,1,1
1,2026-08-03 05:54:58.698543,1785736498,4580,0.888657407407371,0.888657407407371,2.45,2.45,0.18,0.18,1,1
1,2026-08-03 05:54:59.713449,1785736499,4581,0.843287037037,0.843287037037,2.45,2.45,0.09,0.09,1,1
1,2026-08-03 05:55:00.718623,1785736500,4582,0.851,0.851,2.45,2.45,0.9,0.9,1,1
1,2026-08-03 05:55:01.723219,1785736501,4583,5.81,5.81,2.45,2.45,0.81,0.81,1,1
1,2026-08-03 05:55:02.734647,1785736502,4584,5.259,5.259,2.45,2.45,0.72,0.72,1,1
1,2026-08-03 05:55:03.738049,1785736503,4585,0.673148148148111,0.673148148148111,2.45,2.45,0.63,0.63,1,1
1,2026-08-03 05:55:04.746558,1785736504,4586,0.627777777777741,0.627777777777741,2.45,2.45,0.54,0.54,1,1
1,2026-08-03 05:55:05.872288,1785736505,4587,0.593749999999963,0.593749999999963,2.45,2.45,0.45,0.45,1,1
1,2026-08-03 05:55:06.880448,1785736506,4588,3.055,3.055,2.45,2.45,0.36,0.36,1,1
1,2026-08-03 05:55:07.883736,1785736507,4589,2.504,2.504,2.45,2.45,0.27,0.27,1,1
1,2026-08-03 05:55:08.894301,1785736508,4590,1.953,1.953,2.45,2.45,0.18,0.18,1,1
1,2026-08-03 05:55:09.929546,1785736509,4591,1.402,1.402,2.45,2.45,0.09,0.09,1,1
1,2026-08-03 05:55:10.931163,1785736510,4592,0.851,0.851,2.45,2.45,0.9,0.9,1,1
1,2026-08-03 05:55:11.934942,1785736511,4593,5.81,5.81,2.45,2.45,0.81,0.81,1,1
1,2026-08-03 05:55:12.941406,1785736512,4594,5.259,5.259,2.45,2.45,0.72,0.72,1,1
1,2026-08-03 05:55:13.947664,1785736513,4595,4.708,4.708,2.45,2.45,0.63,0.63,1,1
1,2026-08-03 05:55:14.953682,1785736514,4596,4.157,4.157,2.45,2.45,0.54,0.54,1,1
1,2026-08-03 05:55:15.954652,1785736515,4597,3.606,3.606,2.45,2.45,0.45,0.45,1,1
1,2026-08-03 05:55:16.990710,1785736516,4598,5.73194444444445,5.73194444444445,2.45,2.45,0.36,0.36,1,1
1,2026-08-03 05:55:17.995972,1785736517,4599,2.504,2.504,2.45,2.45,0.27,0.27,1,1
1,2026-08-03 05:55:19.063983,1785736519,4600,5.64120370370371,5.64120370370371,2.45,2.45,0.18,0.18,1,1
1,2026-08-03 05:55:20.066663,1785736520,4601,1.402,1.402,2.45,2.45,0.09,0.09,1,1
1,2026-08-03 05:55:21.069559,1785736521,4602,5.56180555555556,5.56180555555556,2.45,2.45,0.9,0.9,1,1
1,2026-08-03 05:55:22.084889,1785736522,4603,5.5164351851852,5.5164351851852,2.45,2.45,0.81,0.81,1,1
1,2026-08-03 05:55:23.131788,1785736523,4604,5.259,5.259,2.45,2.45,0.72,0.72,1,1
1,2026-08-03 05:55:24.133470,1785736524,4605,4.708,4.708,2.45,2.45,0.63,0.63,1,1
1,2026-08-03 05:55:25.293714,1785736525,4606,5.41435185185187,5.41435185185187,2.45,2.45,0.54,0.54,1,1
1,2026-08-03 05:55:26.302051,1785736526,4607,3.606,3.606,2.45,2.45,0.45,0.45,1,1
1,2026-08-03 05:55:28.037158,1785736528,4608,3.055,3.055,2.45,2.45,0.36,0.36,1,1
1,2026-08-03 05:55:29.039175,1785736529,4609,5.30092592592594,5.30092592592594,2.45,2.45,0.27,0.27,1,1
1,2026-08-03 05:55:30.040765,1785736530,4610,5.25555555555557,5.25555555555557,2.45,2.45,0.18,0.18,1,1
1,2026-08-03 05:55:31.068352,1785736531,4611,5.2101851851852,5.2101851851852,2.45,2.45,0.09,0.09,1,1
1,2026-08-03 05:55:32.073180,1785736532,4612,5.16481481481483,5.16481481481483,2.45,2.45,0.9,0.9,1,1
1,2026-08-03 05:55:33.133784,1785736533,4613,5.81,5.81,2.45,2.45,0.81,0.81,1,1
1,2026-08-03 05:55:34.270193,1785736534,4614,5.259,5.259,2.45,2.45,0.72,0.72,1,1
1,2026-08-03 05:55:35.272952,1785736535,4615,5.02870370370372,5.02870370370372,2.45,2.45,0.63,0.63,1,1
1,2026-08-03 05:55:36.301293,1785736536,4616,4.157,4.157,2.45,2.45,0.54,0.54,1,1
1,2026-08-03 05:55:37.393775,1785736537,4617,4.96064814814816,4.96064814814816,2.45,2.45,0.54,0.54,1,1
1,2026-08-03 05:55:38.398420,1785736538,4618,4.91527777777779,4.91527777777779,2.45,2.45,0.45,0.45,1,1
1,2026-08-03 05:55:39.400422,1785736539,4619,4.86990740740742,4.86990740740742,2.45,2.45,0.36,0.36,1,1
1,2026-08-03 05:55:40.401769,1785736540,4620,4.83587962962964,4.83587962962964,2.45,2.45,0.27,0.27,1,1
1,2026-08-03 05:55:41.459018,1785736541,4621,4.79050925925927,4.79050925925927,2.45,2.45,0.18,0.18,1,1
1,2026-08-03 05:55:42.490750,1785736542,4622,0.851,0.851,2.45,2.45,0.9,0.9,1,1
1,2026-08-03 05:55:43.504128,1785736543,4623,5.81,5.81,2.45,2.45,0.9,0.9,1,1
1,2026-08-03 05:55:44.566949,1785736544,4624,5.259,5.259,2.45,2.45,0.72,0.72,1,1
1,2026-08-03 05:55:45.589674,1785736545,4625,4.708,4.708,2.45,2.45,0.63,0.63,1,1
1,2026-08-03 05:55:46.604725,1785736546,4626,4.157,4.157,2.45,2.45,0.54,0.54,1,1
1,2026-08-03 05:55:47.615680,1785736547,4627,3.606,3.606,2.45,2.45,0.45,0.45,1,1
1,2026-08-03 05:55:48.639320,1785736548,4628,3.055,3.055,2.45,2.45,0.36,0.36,1,1
1,2026-08-03 05:55:49.685778,1785736549,4629,2.504,2.504,2.45,2.45,0.27,0.27,1,1
1,2026-08-03 05:55:50.687109,1785736550,4630,1.953,1.953,2.45,2.45,0.18,0.18,1,1
1,2026-08-03 05:55:51.743663,1785736551,4631,4.38217592592593,4.38217592592593,2.45,2.45,0.09,0.09,1,1
1,2026-08-03 05:55:52.745330,1785736552,4632,0.851,0.851,2.45,2.45,0.9,0.9,1,1
1,2026-08-03 05:55:53.796413,1785736553,4633,5.81,5.81,2.45,2.45,0.81,0.81,1,1
1,2026-08-03 05:55:54.845291,1785736554,4634,4.25740740740741,4.25740740740741,2.45,2.45,0.72,0.72,1,1
1,2026-08-03 05:55:55.856702,1785736555,4635,4.708,4.708,2.45,2.45,0.63,0.63,1,1
1,2026-08-03 05:55:56.899641,1785736556,4636,4.157,4.157,2.45,2.45,0.54,0.54,1,1
1,2026-08-03 05:55:57.915002,1785736557,4637,3.606,3.606,2.45,2.45,0.45,0.45,1,1
1,2026-08-03 05:55:58.951272,1785736558,4638,4.08726851851852,4.08726851851852,2.45,2.45,0.36,0.36,1,1
1,2026-08-03 05:55:59.952362,1785736559,4639,2.504,2.504,2.45,2.45,0.36,0.36,1,1
1,2026-08-03 05:56:01.508240,1785736561,4640,1.953,1.953,2.45,2.45,0.18,0.18,1,1
1,2026-08-03 05:56:02.528757,1785736562,4641,1.402,1.402,2.45,2.45,0.09,0.09,1,1
1,2026-08-03 05:56:03.543502,1785736563,4642,0.851,0.851,2.45,2.45,0.09,0.09,1,1
1,2026-08-03 05:56:04.565848,1785736564,4643,3.87175925925926,3.87175925925926,2.45,2.45,0.81,0.81,1,1
1,2026-08-03 05:56:05.570866,1785736565,4644,5.259,5.259,2.45,2.45,0.72,0.72,1,1
1,2026-08-03 05:56:06.603064,1785736566,4645,4.708,4.708,2.45,2.45,0.63,0.63,1,1
1,2026-08-03 05:56:07.604988,1785736567,4646,4.157,4.157,2.45,2.45,0.54,0.54,1,1
1,2026-08-03 05:56:08.638688,1785736568,4647,3.606,3.606,2.45,2.45,0.45,0.45,1,1
1,2026-08-03 05:56:09.641445,1785736569,4648,3.055,3.055,2.45,2.45,0.36,0.36,1,1
1,2026-08-03 05:56:10.666527,1785736570,4649,2.504,2.504,2.45,2.45,0.27,0.27,1,1
1,2026-08-03 05:56:11.679008,1785736571,4650,1.953,1.953,2.45,2.45,0.18,0.18,1,1
1,2026-08-03 05:56:12.715789,1785736572,4651,3.53148148148148,3.53148148148148,2.45,2.45,0.09,0.09,1,1
1,2026-08-03 05:56:13.720394,1785736573,4652,0.851,0.851,2.45,2.45,0.9,0.9,1,1
1,2026-08-03 05:56:14.744958,1785736574,4653,5.81,5.81,2.45,2.45,0.81,0.81,1,1
1,2026-08-03 05:56:15.746876,1785736575,4654,5.259,5.259,2.45,2.45,0.72,0.72,1,1
1,2026-08-03 05:56:16.793994,1785736576,4655,4.708,4.708,2.45,2.45,0.63,0.63,1,1
1,2026-08-03 05:56:17.796394,1785736577,4656,3.32731481481481,3.32731481481481,2.45,2.45,0.54,0.54,1,1
1,2026-08-03 05:56:18.826114,1785736578,4657,3.28194444444444,3.28194444444444,2.45,2.45,0.45,0.45,1,1
1,2026-08-03 05:56:19.828567,1785736579,4658,3.23657407407407,3.23657407407407,2.45,2.45,0.36,0.36,1,1
1,2026-08-03 05:56:20.833284,1785736580,4659,3.19120370370369,3.19120370370369,2.45,2.45,0.27,0.27,1,1
1,2026-08-03 05:56:21.856745,1785736581,4660,3.15717592592592,3.15717592592592,2.45,2.45,0.18,0.18,1,1
1,2026-08-03 05:56:22.874718,1785736582,4661,3.11180555555555,3.11180555555555,2.45,2.45,0.09,0.09,1,1
1,2026-08-03 05:56:23.896587,1785736583,4662,3.06643518518517,3.06643518518517,2.45,2.45,0.9,0.9,1,1
1,2026-08-03 05:56:24.922391,1785736584,4663,5.81,5.81,2.45,2.45,0.81,0.81,1,1
1,2026-08-03 05:56:25.943638,1785736585,4664,2.98703703703702,2.98703703703702,2.45,2.45,0.72,0.72,1,1
1,2026-08-03 05:56:26.967784,1785736586,4665,4.708,4.708,2.45,2.45,0.63,0.63,1,1
1,2026-08-03 05:56:27.973284,1785736587,4666,2.89629629629628,2.89629629629628,2.45,2.45,0.54,0.54,1,1
1,2026-08-03 05:56:29.029000,1785736589,4667,2.8622685185185,2.8622685185185,2.45,2.45,0.45,0.45,1,1
1,2026-08-03 05:56:30.039942,1785736590,4668,3.055,3.055,2.45,2.45,0.36,0.36,1,1
1,2026-08-03 05:56:31.049439,1785736591,4669,2.504,2.504,2.45,2.45,0.27,0.27,1,1
1,2026-08-03 05:56:32.105998,1785736592,4670,2.72615740740739,2.72615740740739,2.45,2.45,0.18,0.18,1,1
1,2026-08-03 05:56:33.113601,1785736593,4671,1.402,1.402,2.45,2.45,0.09,0.09,1,1
1,2026-08-03 05:56:34.632322,1785736594,4672,0.851,0.851,2.45,2.45,0.9,0.9,1,1
1,2026-08-03 05:56:35.642704,1785736595,4673,5.81,5.81,2.45,2.45,0.81,0.81,1,1
1,2026-08-03 05:56:36.647970,1785736596,4674,2.56736111111109,2.56736111111109,2.45,2.45,0.72,0.72,1,1
1,2026-08-03 05:56:37.671964,1785736597,4675,2.52199074074072,2.52199074074072,2.45,2.45,0.63,0.63,1,1
1,2026-08-03 05:56:38.674553,1785736598,4676,2.47662037037035,2.47662037037035,2.45,2.45,0.54,0.54,1,1
1,2026-08-03 05:56:39.696915,1785736599,4677,3.606,3.606,2.45,2.45,0.45,0.45,1,1
1,2026-08-03 05:56:40.728601,1785736600,4678,3.055,3.055,2.45,2.45,0.36,0.36,1,1
1,2026-08-03 05:56:41.733593,1785736601,4679,2.504,2.504,2.45,2.45,0.36,0.36,1,1
1,2026-08-03 05:56:42.738735,1785736602,4680,1.953,1.953,2.45,2.45,0.27,0.27,1,1
1,2026-08-03 05:56:43.775717,1785736603,4681,1.402,1.402,2.45,2.45,0.09,0.09,1,1
1,2026-08-03 05:56:44.798011,1785736604,4682,0.851,0.851,2.45,2.45,0.9,0.9,1,1
1,2026-08-03 05:56:45.799845,1785736605,4683,2.18171296296294,2.18171296296294,2.45,2.45,0.81,0.81,1,1
1,2026-08-03 05:56:46.804903,1785736606,4684,2.13634259259257,2.13634259259257,2.45,2.45,0.72,0.72,1,1
1,2026-08-03 05:56:47.836303,1785736607,4685,4.708,4.708,2.45,2.45,0.63,0.63,1,1
1,2026-08-03 05:56:48.846228,1785736608,4686,2.05694444444442,2.05694444444442,2.45,2.45,0.54,0.54,1,1
1,2026-08-03 05:56:49.871680,1785736609,4687,2.02291666666664,2.02291666666664,2.45,2.45,0.45,0.45,1,1
1,2026-08-03 05:56:50.889743,1785736610,4688,1.97754629629627,1.97754629629627,2.45,2.45,0.36,0.36,1,1
1,2026-08-03 05:56:51.900656,1785736611,4689,1.9321759259259,1.9321759259259,2.45,2.45,0.27,0.27,1,1
1,2026-08-03 05:56:52.922949,1785736612,4690,1.88680555555553,1.88680555555553,2.45,2.45,0.18,0.18,1,1
1,2026-08-03 05:56:53.934045,1785736613,4691,1.85277777777775,1.85277777777775,2.45,2.45,0.09,0.09,1,1
1,2026-08-03 05:56:54.992229,1785736614,4692,0.851,0.851,2.45,2.45,0.9,0.9,1,1
1,2026-08-03 05:56:55.994037,1785736615,4693,5.81,5.81,2.45,2.45,0.81,0.81,1,1
1,2026-08-03 05:56:57.014027,1785736617,4694,5.259,5.259,2.45,2.45,0.72,0.72,1,1
1,2026-08-03 05:56:58.015978,1785736618,4695,4.708,4.708,2.45,2.45,0.63,0.63,1,1
1,2026-08-03 05:56:59.058725,1785736619,4696,1.63726851851849,1.63726851851849,2.45,2.45,0.54,0.54,1,1
1,2026-08-03 05:57:00.059965,1785736620,4697,1.59189814814812,1.59189814814812,2.45,2.45,0.45,0.45,1,1
1,2026-08-03 05:57:01.094899,1785736621,4698,1.54652777777775,1.54652777777775,2.45,2.45,0.36,0.36,1,1
1,2026-08-03 05:57:02.114300,1785736622,4699,2.504,2.504,2.45,2.45,0.27,0.27,1,1
1,2026-08-03 05:57:03.133873,1785736623,4700,1.953,1.953,2.45,2.45,0.27,0.27,1,1
1,2026-08-03 05:57:04.152717,1785736624,4701,1.402,1.402,2.45,2.45,0.18,0.18,1,1
1,2026-08-03 05:57:05.178692,1785736625,4702,1.37638888888886,1.37638888888886,2.45,2.45,0.9,0.9,1,1
1,2026-08-03 05:57:06.185019,1785736626,4703,1.33101851851849,1.33101851851849,2.45,2.45,0.81,0.81,1,1
1,2026-08-03 05:57:07.724945,1785736627,4704,5.259,5.259,2.45,2.45,0.81,0.81,1,1
1,2026-08-03 05:57:08.777701,1785736628,4705,1.25162037037034,1.25162037037034,2.45,2.45,0.63,0.63,1,1
1,2026-08-03 05:57:09.781013,1785736629,4706,4.157,4.157,2.45,2.45,0.54,0.54,1,1
1,2026-08-03 05:57:10.819292,1785736630,4707,1.16087962962959,1.16087962962959,2.45,2.45,0.45,0.45,1,1
1,2026-08-03 05:57:11.821379,1785736631,4708,1.11550925925922,1.11550925925922,2.45,2.45,0.36,0.36,1,1
1,2026-08-03 05:57:12.863385,1785736632,4709,1.08148148148145,1.08148148148145,2.45,2.45,0.27,0.27,1,1
1,2026-08-03 05:57:13.874332,1785736633,4710,1.03611111111107,1.03611111111107,2.45,2.45,0.18,0.18,1,1
1,2026-08-03 05:57:14.887383,1785736634,4711,0.990740740740704,0.990740740740704,2.45,2.45,0.09,0.09,1,1
1,2026-08-03 05:57:15.918285,1785736635,4712,0.851,0.851,2.45,2.45,0.9,0.9,1,1
1,2026-08-03 05:57:16.973823,1785736636,4713,5.81,5.81,2.45,2.45,0.81,0.81,1,1
1,2026-08-03 05:57:17.975344,1785736637,4714,5.259,5.259,2.45,2.45,0.72,0.72,1,1
1,2026-08-03 05:57:18.978292,1785736638,4715,4.708,4.708,2.45,2.45,0.63,0.63,1,1
1,2026-08-03 05:57:19.990243,1785736639,4716,0.786574074074037,0.786574074074037,2.45,2.45,0.54,0.54,1,1
1,2026-08-03 05:57:21.017499,1785736641,4717,0.741203703703667,0.741203703703667,2.45,2.45,0.45,0.45,1,1
1,2026-08-03 05:57:22.039410,1785736642,4718,0.695833333333297,0.695833333333297,2.45,2.45,0.36,0.36,1,1
1,2026-08-03 05:57:23.044983,1785736643,4719,2.504,2.504,2.45,2.45,0.27,0.27,1,1
1,2026-08-03 05:57:24.102898,1785736644,4720,1.953,1.953,2.45,2.45,0.18,0.18,1,1
1,2026-08-03 05:57:25.127086,1785736645,4721,1.402,1.402,2.45,2.45,0.09,0.09,1,1
1,2026-08-03 05:57:26.129103,1785736646,4722,0.851,0.851,2.45,2.45,0.9,0.9,1,1
1,2026-08-03 05:57:27.132143,1785736647,4723,5.81,5.81,2.45,2.45,0.81,0.81,1,1
1,2026-08-03 05:57:28.145559,1785736648,4724,5.259,5.259,2.45,2.45,0.72,0.72,1,1
1,2026-08-03 05:57:29.170959,1785736649,4725,4.708,4.708,2.45,2.45,0.63,0.63,1,1
1,2026-08-03 05:57:30.181007,1785736650,4726,4.157,4.157,2.45,2.45,0.54,0.54,1,1
1,2026-08-03 05:57:31.183537,1785736651,4727,3.606,3.606,2.45,2.45,0.54,0.54,1,1
1,2026-08-03 05:57:32.211930,1785736652,4728,3.055,3.055,2.45,2.45,0.45,0.45,1,1
1,2026-08-03 05:57:33.241120,1785736653,4729,2.504,2.504,2.45,2.45,0.36,0.36,1,1
1,2026-08-03 05:57:34.269272,1785736654,4730,1.953,1.953,2.45,2.45,0.18,0.18,1,1
1,2026-08-03 05:57:35.301943,1785736655,4731,1.402,1.402,2.45,2.45,0.09,0.09,1,1
1,2026-08-03 05:57:36.305848,1785736656,4732,0.851,0.851,2.45,2.45,0.09,0.09,1,1
1,2026-08-03 05:57:37.332056,1785736657,4733,5.81,5.81,2.45,2.45,0.81,0.81,1,1
1,2026-08-03 05:57:38.345369,1785736658,4734,5.259,5.259,2.45,2.45,0.72,0.72,1,1
1,2026-08-03 05:57:39.879248,1785736659,4735,4.708,4.708,2.45,2.45,0.63,0.63,1,1
1,2026-08-03 05:57:40.916181,1785736660,4736,4.157,4.157,2.45,2.45,0.54,0.54,1,1
1,2026-08-03 05:57:41.917426,1785736661,4737,3.606,3.606,2.45,2.45,0.45,0.45,1,1
1,2026-08-03 05:57:43.131952,1785736663,4738,3.055,3.055,2.45,2.45,0.36,0.36,1,1
1,2026-08-03 05:57:44.138436,1785736664,4739,5.41435185185187,5.41435185185187,2.45,2.45,0.27,0.27,1,1
1,2026-08-03 05:57:45.140477,1785736665,4740,5.3689814814815,5.3689814814815,2.45,2.45,0.18,0.18,1,1
1,2026-08-03 05:57:46.151000,1785736666,4741,5.32361111111113,5.32361111111113,2.45,2.45,0.09,0.09,1,1
1,2026-08-03 05:57:47.165838,1785736667,4742,0.851,0.851,2.45,2.45,0.9,0.9,1,1
1,2026-08-03 05:57:48.174595,1785736668,4743,5.81,5.81,2.45,2.45,0.81,0.81,1,1
1,2026-08-03 05:57:49.180542,1785736669,4744,5.19884259259261,5.19884259259261,2.45,2.45,0.72,0.72,1,1
1,2026-08-03 05:57:50.206224,1785736670,4745,5.15347222222224,5.15347222222224,2.45,2.45,0.63,0.63,1,1
1,2026-08-03 05:57:51.240235,1785736671,4746,4.157,4.157,2.45,2.45,0.54,0.54,1,1
1,2026-08-03 05:57:52.244748,1785736672,4747,3.606,3.606,2.45,2.45,0.45,0.45,1,1
1,2026-08-03 05:57:53.249804,1785736673,4748,5.02870370370372,5.02870370370372,2.45,2.45,0.36,0.36,1,1
1,2026-08-03 05:57:54.260847,1785736674,4749,2.504,2.504,2.45,2.45,0.27,0.27,1,1
1,2026-08-03 05:57:55.266159,1785736675,4750,1.953,1.953,2.45,2.45,0.18,0.18,1,1
1,2026-08-03 05:57:56.274260,1785736676,4751,1.402,1.402,2.45,2.45,0.09,0.09,1,1
1,2026-08-03 05:57:57.275880,1785736677,4752,4.85856481481483,4.85856481481483,2.45,2.45,0.9,0.9,1,1
1,2026-08-03 05:57:58.292381,1785736678,4753,5.81,5.81,2.45,2.45,0.81,0.81,1,1
1,2026-08-03 05:57:59.295778,1785736679,4754,4.77916666666668,4.77916666666668,2.45,2.45,0.72,0.72,1,1
1,2026-08-03 05:58:00.302166,1785736680,4755,4.708,4.708,2.45,2.45,0.63,0.63,1,1
1,2026-08-03 05:58:01.304998,1785736681,4756,4.157,4.157,2.45,2.45,0.54,0.54,1,1
1,2026-08-03 05:58:02.306049,1785736682,4757,3.606,3.606,2.45,2.45,0.45,0.45,1,1
1,2026-08-03 05:58:03.319965,1785736683,4758,4.60902777777779,4.60902777777779,2.45,2.45,0.36,0.36,1,1
1,2026-08-03 05:58:04.348456,1785736684,4759,2.504,2.504,2.45,2.45,0.27,0.27,1,1
1,2026-08-03 05:58:05.360721,1785736685,4760,4.52962962962964,4.52962962962964,2.45,2.45,0.18,0.18,1,1
1,2026-08-03 05:58:06.383203,1785736686,4761,4.48425925925927,4.48425925925927,2.45,2.45,0.09,0.09,1,1
1,2026-08-03 05:58:07.395308,1785736687,4762,4.4388888888889,4.4388888888889,2.45,2.45,0.9,0.9,1,1
1,2026-08-03 05:58:08.436096,1785736688,4763,4.39351851851852,4.39351851851852,2.45,2.45,0.81,0.81,1,1
1,2026-08-03 05:58:09.462915,1785736689,4764,4.35949074074075,4.35949074074075,2.45,2.45,0.72,0.72,1,1
1,2026-08-03 05:58:10.465978,1785736690,4765,4.31412037037038,4.31412037037038,2.45,2.45,0.63,0.63,1,1
1,2026-08-03 05:58:11.494560,1785736691,4766,4.26875,4.26875,2.45,2.45,0.54,0.54,1,1
1,2026-08-03 05:58:13.054667,1785736693,4767,4.22337962962963,4.22337962962963,2.45,2.45,0.45,0.45,1,1
1,2026-08-03 05:58:14.080729,1785736694,4768,3.055,3.055,2.45,2.45,0.36,0.36,1,1
1,2026-08-03 05:58:15.121107,1785736695,4769,2.504,2.504,2.45,2.45,0.27,0.27,1,1
1,2026-08-03 05:58:16.399442,1785736696,4770,4.08726851851852,4.08726851851852,2.45,2.45,0.18,0.18,1,1
1,2026-08-03 05:58:17.413054,1785736697,4771,4.04189814814815,4.04189814814815,2.45,2.45,0.09,0.09,1,1
1,2026-08-03 05:58:18.440798,1785736698,4772,0.851,0.851,2.45,2.45,0.9,0.9,1,1
1,2026-08-03 05:58:19.442395,1785736699,4773,5.81,5.81,2.45,2.45,0.81,0.81,1,1
1,2026-08-03 05:58:20.443704,1785736700,4774,5.259,5.259,2.45,2.45,0.72,0.72,1,1
1,2026-08-03 05:58:21.466140,1785736701,4775,4.708,4.708,2.45,2.45,0.63,0.63,1,1
1,2026-08-03 05:58:22.588209,1785736702,4776,4.157,4.157,2.45,2.45,0.54,0.54,1,1
1,2026-08-03 05:58:23.595950,1785736703,4777,3.606,3.606,2.45,2.45,0.45,0.45,1,1
1,2026-08-03 05:58:24.616410,1785736704,4778,3.055,3.055,2.45,2.45,0.36,0.36,1,1
1,2026-08-03 05:58:25.627353,1785736705,4779,2.504,2.504,2.45,2.45,0.27,0.27,1,1
1,2026-08-03 05:58:26.632414,1785736706,4780,1.953,1.953,2.45,2.45,0.18,0.18,1,1
1,2026-08-03 05:58:27.671943,1785736707,4781,1.402,1.402,2.45,2.45,0.09,0.09,1,1
1,2026-08-03 05:58:28.673435,1785736708,4782,0.851,0.851,2.45,2.45,0.9,0.9,1,1
1,2026-08-03 05:58:29.715882,1785736709,4783,3.54282407407407,3.54282407407407,2.45,2.45,0.81,0.81,1,1
1,2026-08-03 05:58:30.722957,1785736710,4784,5.259,5.259,2.45,2.45,0.72,0.72,1,1
1,2026-08-03 05:58:31.732679,1785736711,4785,4.708,4.708,2.45,2.45,0.63,0.63,1,1
1,2026-08-03 05:58:32.733809,1785736712,4786,4.157,4.157,2.45,2.45,0.54,0.54,1,1
1,2026-08-03 05:58:33.744229,1785736713,4787,3.606,3.606,2.45,2.45,0.45,0.45,1,1
1,2026-08-03 05:58:34.746201,1785736714,4788,3.055,3.055,2.45,2.45,0.36,0.36,1,1
1,2026-08-03 05:58:35.748543,1785736715,4789,2.504,2.504,2.45,2.45,0.27,0.27,1,1
1,2026-08-03 05:58:36.760264,1785736716,4790,3.24791666666666,3.24791666666666,2.45,2.45,0.27,0.27,1,1
1,2026-08-03 05:58:37.762202,1785736717,4791,3.21388888888888,3.21388888888888,2.45,2.45,0.18,0.18,1,1
1,2026-08-03 05:58:38.770513,1785736718,4792,3.16851851851851,3.16851851851851,2.45,2.45,0.09,0.09,1,1
1,2026-08-03 05:58:39.772296,1785736719,4793,3.12314814814814,3.12314814814814,2.45,2.45,0.9,0.9,1,1
1,2026-08-03 05:58:40.784812,1785736720,4794,3.08912037037036,3.08912037037036,2.45,2.45,0.81,0.81,1,1
1,2026-08-03 05:58:41.786808,1785736721,4795,3.04374999999999,3.04374999999999,2.45,2.45,0.72,0.72,1,1
1,2026-08-03 05:58:42.793274,1785736722,4796,3.00972222222221,3.00972222222221,2.45,2.45,0.63,0.63,1,1
1,2026-08-03 05:58:43.798534,1785736723,4797,2.96435185185184,2.96435185185184,2.45,2.45,0.54,0.54,1,1
1,2026-08-03 05:58:44.805724,1785736724,4798,2.91898148148147,2.91898148148147,2.45,2.45,0.45,0.45,1,1
1,2026-08-03 05:58:46.325104,1785736726,4799,2.88495370370369,2.88495370370369,2.45,2.45,0.36,0.36,1,1
1,2026-08-03 05:58:47.327232,1785736727,4800,2.83958333333332,2.83958333333332,2.45,2.45,0.27,0.27,1,1
1,2026-08-03 05:58:48.347659,1785736728,4801,2.80555555555554,2.80555555555554,2.45,2.45,0.18,0.18,1,1
1,2026-08-03 05:58:49.371015,1785736729,4802,2.76018518518517,2.76018518518517,2.45,2.45,0.09,0.09,1,1
1,2026-08-03 05:58:50.372410,1785736730,4803,2.7148148148148,2.7148148148148,2.45,2.45,0.9,0.9,1,1
1,2026-08-03 05:58:51.384183,1785736731,4804,2.66944444444443,2.66944444444443,2.45,2.45,0.81,0.81,1,1
1,2026-08-03 05:58:52.385229,1785736732,4805,2.63541666666665,2.63541666666665,2.45,2.45,0.72,0.72,1,1
1,2026-08-03 05:58:53.406315,1785736733,4806,2.59004629629628,2.59004629629628,2.45,2.45,0.63,0.63,1,1
1,2026-08-03 05:58:54.410199,1785736734,4807,2.54467592592591,2.54467592592591,2.45,2.45,0.54,0.54,1,1
1,2026-08-03 05:58:55.469584,1785736735,4808,2.51064814814813,2.51064814814813,2.45,2.45,0.45,0.45,1,1
1,2026-08-03 05:58:56.481142,1785736736,4809,2.46527777777776,2.46527777777776,2.45,2.45,0.36,0.36,1,1
1,2026-08-03 05:58:57.487241,1785736737,4810,2.41990740740739,2.41990740740739,2.45,2.45,0.27,0.27,1,1
1,2026-08-03 05:58:58.488455,1785736738,4811,2.37453703703702,2.37453703703702,2.45,2.45,0.18,0.18,1,1
1,2026-08-03 05:58:59.490254,1785736739,4812,2.32916666666665,2.32916666666665,2.45,2.45,0.09,0.09,1,1
1,2026-08-03 05:59:00.491678,1785736740,4813,2.29513888888887,2.29513888888887,2.45,2.45,0.9,0.9,1,1
1,2026-08-03 05:59:01.517269,1785736741,4814,2.2497685185185,2.2497685185185,2.45,2.45,0.81,0.81,1,1
1,2026-08-03 05:59:02.518790,1785736742,4815,2.20439814814813,2.20439814814813,2.45,2.45,0.72,0.72,1,1
1,2026-08-03 05:59:03.521476,1785736743,4816,2.17037037037035,2.17037037037035,2.45,2.45,0.63,0.63,1,1
1,2026-08-03 05:59:04.543399,1785736744,4817,2.12499999999998,2.12499999999998,2.45,2.45,0.54,0.54,1,1
1,2026-08-03 05:59:05.544293,1785736745,4818,2.07962962962961,2.07962962962961,2.45,2.45,0.45,0.45,1,1
1,2026-08-03 05:59:06.551323,1785736746,4819,2.03425925925924,2.03425925925924,2.45,2.45,0.36,0.36,1,1
1,2026-08-03 05:59:07.558654,1785736747,4820,2.00023148148146,2.00023148148146,2.45,2.45,0.27,0.27,1,1
1,2026-08-03 05:59:08.560811,1785736748,4821,1.95486111111109,1.95486111111109,2.45,2.45,0.18,0.18,1,1
1,2026-08-03 05:59:09.562398,1785736749,4822,1.90949074074071,1.90949074074071,2.45,2.45,0.09,0.09,1,1
1,2026-08-03 05:59:10.615462,1785736750,4823,1.87546296296294,1.87546296296294,2.45,2.45,0.9,0.9,1,1
1,2026-08-03 05:59:11.619662,1785736751,4824,1.83009259259257,1.83009259259257,2.45,2.45,0.81,0.81,1,1
1,2026-08-03 05:59:12.649319,1785736752,4825,1.78472222222219,1.78472222222219,2.45,2.45,0.72,0.72,1,1
1,2026-08-03 05:59:13.651342,1785736753,4826,1.73935185185182,1.73935185185182,2.45,2.45,0.63,0.63,1,1
1,2026-08-03 05:59:14.653141,1785736754,4827,1.69398148148145,1.69398148148145,2.45,2.45,0.54,0.54,1,1
1,2026-08-03 05:59:15.655063,1785736755,4828,1.65995370370367,1.65995370370367,2.45,2.45,0.45,0.45,1,1
1,2026-08-03 05:59:16.665346,1785736756,4829,1.6145833333333,1.6145833333333,2.45,2.45,0.36,0.36,1,1
1,2026-08-03 05:59:17.667303,1785736757,4830,1.56921296296293,1.56921296296293,2.45,2.45,0.27,0.27,1,1
1,2026-08-03 05:59:19.197914,1785736759,4831,1.53518518518515,1.53518518518515,2.45,2.45,0.18,0.18,1,1
1,2026-08-03 05:59:20.222064,1785736760,4832,1.48981481481478,1.48981481481478,2.45,2.45,0.09,0.09,1,1
1,2026-08-03 05:59:21.253817,1785736761,4833,1.44444444444441,1.44444444444441,2.45,2.45,0.9,0.9,1,1
1,2026-08-03 05:59:22.294828,1785736762,4834,1.39907407407404,1.39907407407404,2.45,2.45,0.81,0.81,1,1
1,2026-08-03 05:59:23.364466,1785736763,4835,1.36504629629626,1.36504629629626,2.45,2.45,0.72,0.72,1,1
1,2026-08-03 05:59:24.368717,1785736764,4836,1.31967592592589,1.31967592592589,2.45,2.45,0.63,0.63,1,1
1,2026-08-03 05:59:25.378095,1785736765,4837,1.27430555555552,1.27430555555552,2.45,2.45,0.54,0.54,1,1
1,2026-08-03 05:59:26.380750,1785736766,4838,1.24027777777774,1.24027777777774,2.45,2.45,0.45,0.45,1,1
1,2026-08-03 05:59:27.394562,1785736767,4839,1.19490740740737,1.19490740740737,2.45,2.45,0.36,0.36,1,1
1,2026-08-03 05:59:28.427837,1785736768,4840,1.16087962962959,1.16087962962959,2.45,2.45,0.27,0.27,1,1
1,2026-08-03 05:59:29.433968,1785736769,4841,1.11550925925922,1.11550925925922,2.45,2.45,0.18,0.18,1,1
1,2026-08-03 05:59:30.445665,1785736770,4842,1.07013888888885,1.07013888888885,2.45,2.45,0.09,0.09,1,1
1,2026-08-03 05:59:31.467888,1785736771,4843,1.02476851851848,1.02476851851848,2.45,2.45,0.9,0.9,1,1
1,2026-08-03 05:59:32.469720,1785736772,4844,0.990740740740704,0.990740740740704,2.45,2.45,0.81,0.81,1,1
1,2026-08-03 05:59:33.488609,1785736773,4845,0.945370370370334,0.945370370370334,2.45,2.45,0.72,0.72,1,1
1,2026-08-03 05:59:34.553695,1785736774,4846,0.899999999999963,0.899999999999963,2.45,2.45,0.63,0.63,1,1
1,2026-08-03 05:59:35.569068,1785736775,4847,0.854629629629593,0.854629629629593,2.45,2.45,0.54,0.54,1,1
1,2026-08-03 05:59:36.573069,1785736776,4848,0.820601851851815,0.820601851851815,2.45,2.45,0.45,0.45,1,1
1,2026-08-03 05:59:37.574433,1785736777,4849,0.775231481481445,0.775231481481445,2.45,2.45,0.36,0.36,1,1
1,2026-08-03 05:59:38.601202,1785736778,4850,0.729861111111074,0.729861111111074,2.45,2.45,0.27,0.27,1,1
1,2026-08-03 05:59:39.603077,1785736779,4851,0.684490740740704,0.684490740740704,2.45,2.45,0.18,0.18,1,1
1,2026-08-03 05:59:40.612916,1785736780,4852,0.639120370370334,0.639120370370334,2.45,2.45,0.09,0.09,1,1
1,2026-08-03 05:59:41.619745,1785736781,4853,0.605092592592556,0.605092592592556,2.45,2.45,0.9,0.9,1,1
1,2026-08-03 05:59:42.622154,1785736782,4854,0.559722222222185,0.559722222222185,2.45,2.45,0.81,0.81,1,1
1,2026-08-03 05:59:43.627708,1785736783,4855,0.514351851851815,0.514351851851815,2.45,2.45,0.72,0.72,1,1
1,2026-08-03 05:59:44.656538,1785736784,4856,0.480324074074037,0.480324074074037,2.45,2.45,0.63,0.63,1,1
1,2026-08-03 05:59:45.665495,1785736785,4857,0.434953703703667,0.434953703703667,2.45,2.45,0.54,0.54,1,1
1,2026-08-03 05:59:46.688452,1785736786,4858,0.389583333333297,0.389583333333297,2.45,2.45,0.45,0.45,1,1
1,2026-08-03 05:59:47.693736,1785736787,4859,0.344212962962926,0.344212962962926,2.45,2.45,0.36,0.36,1,1
1,2026-08-03 05:59:48.695072,1785736788,4860,0.298842592592556,0.298842592592556,2.45,2.45,0.27,0.27,1,1
1,2026-08-03 05:59:49.704910,1785736789,4861,1.953,1.953,2.45,2.45,0.18,0.18,1,1
1,2026-08-03 05:59:50.709404,1785736790,4862,1.402,1.402,2.45,2.45,0.09,0.09,1,1
1,2026-08-03 05:59:52.229803,1785736792,4863,5.78865740740741,5.78865740740741,2.45,2.45,0.9,0.9,1,1
1,2026-08-03 05:59:53.230732,1785736793,4864,5.74328703703704,5.74328703703704,2.45,2.45,0.81,0.81,1,1
1,2026-08-03 05:59:54.234006,1785736794,4865,5.70925925925926,5.70925925925926,2.45,2.45,0.72,0.72,1,1
1,2026-08-03 05:59:55.236944,1785736795,4866,5.66388888888889,5.66388888888889,2.45,2.45,0.63,0.63,1,1
1,2026-08-03 05:59:56.299786,1785736796,4867,5.61851851851852,5.61851851851852,2.45,2.45,0.54,0.54,1,1
1,2026-08-03 05:59:57.314276,1785736797,4868,5.57314814814816,5.57314814814816,2.45,2.45,0.45,0.45,1,1
1,2026-08-03 05:59:58.320927,1785736798,4869,5.53912037037038,5.53912037037038,2.45,2.45,0.36,0.36,1,1
1,2026-08-03 05:59:59.323671,1785736799,4870,5.49375000000001,5.49375000000001,2.45,2.45,0.27,0.27,1,1
1,2026-08-03 06:00:00.347655,1785736800,4871,5.44837962962964,5.44837962962964,2.45,2.45,0.18,0.18,1,1
1,2026-08-03 06:00:01.364708,1785736801,4872,5.40300925925927,5.40300925925927,2.45,2.45,0.09,0.09,1,1
1,2026-08-03 06:00:02.391332,1785736802,4873,5.35763888888891,5.35763888888891,2.45,2.45,0.9,0.9,1,1
1,2026-08-03 06:00:03.399644,1785736803,4874,5.32361111111113,5.32361111111113,2.45,2.45,0.81,0.81,1,1
1,2026-08-03 06:00:04.400684,1785736804,4875,5.27824074074076,5.27824074074076,2.45,2.45,0.72,0.72,1,1
1,2026-08-03 06:00:05.429568,1785736805,4876,5.23287037037039,5.23287037037039,2.45,2.45,0.63,0.63,1,1
1,2026-08-03 06:00:06.479574,1785736806,4877,5.18750000000002,5.18750000000002,2.45,2.45,0.54,0.54,1,1
1,2026-08-03 06:00:07.492110,1785736807,4878,5.15347222222224,5.15347222222224,2.45,2.45,0.45,0.45,1,1
1,2026-08-03 06:00:08.574403,1785736808,4879,5.10810185185187,5.10810185185187,2.45,2.45,0.36,0.36,1,1
1,2026-08-03 06:00:09.579054,1785736809,4880,5.0627314814815,5.0627314814815,2.45,2.45,0.27,0.27,1,1
1,2026-08-03 06:00:10.603483,1785736810,4881,5.01736111111112,5.01736111111112,2.45,2.45,0.18,0.18,1,1
1,2026-08-03 06:00:11.612211,1785736811,4882,4.97199074074075,4.97199074074075,2.45,2.45,0.09,0.09,1,1
1,2026-08-03 06:00:12.631982,1785736812,4883,4.93796296296298,4.93796296296298,2.45,2.45,0.9,0.9,1,1
1,2026-08-03 06:00:13.661718,1785736813,4884,4.8925925925926,4.8925925925926,2.45,2.45,0.81,0.81,1,1
1,2026-08-03 06:00:14.679521,1785736814,4885,4.84722222222223,4.84722222222223,2.45,2.45,0.72,0.72,1,1
1,2026-08-03 06:00:15.720329,1785736815,4886,4.80185185185186,4.80185185185186,2.45,2.45,0.63,0.63,1,1
1,2026-08-03 06:00:16.729466,1785736816,4887,4.75648148148149,4.75648148148149,2.45,2.45,0.54,0.54,1,1
1,2026-08-03 06:00:17.733358,1785736817,4888,4.72245370370371,4.72245370370371,2.45,2.45,0.45,0.45,1,1
1,2026-08-03 06:00:18.832167,1785736818,4889,4.67708333333334,4.67708333333334,2.45,2.45,0.36,0.36,1,1
1,2026-08-03 06:00:19.863413,1785736819,4890,4.63171296296297,4.63171296296297,2.45,2.45,0.27,0.27,1,1
1,2026-08-03 06:00:20.894728,1785736820,4891,4.5863425925926,4.5863425925926,2.45,2.45,0.18,0.18,1,1
1,2026-08-03 06:00:21.896382,1785736821,4892,4.54097222222223,4.54097222222223,2.45,2.45,0.09,0.09,1,1
1,2026-08-03 06:00:22.949065,1785736822,4893,4.49560185185186,4.49560185185186,2.45,2.45,0.9,0.9,1,1
1,2026-08-03 06:00:23.976332,1785736823,4894,4.46157407407408,4.46157407407408,2.45,2.45,0.81,0.81,1,1
1,2026-08-03 06:00:25.536139,1785736825,4895,4.41620370370371,4.41620370370371,2.45,2.45,0.72,0.72,1,1
1,2026-08-03 06:00:26.538945,1785736826,4896,4.37083333333334,4.37083333333334,2.45,2.45,0.63,0.63,1,1
1,2026-08-03 06:00:27.543965,1785736827,4897,4.32546296296297,4.32546296296297,2.45,2.45,0.54,0.54,1,1
1,2026-08-03 06:00:28.554158,1785736828,4898,4.29143518518519,4.29143518518519,2.45,2.45,0.45,0.45,1,1
1,2026-08-03 06:00:29.555333,1785736829,4899,4.24606481481482,4.24606481481482,2.45,2.45,0.36,0.36,1,1
1,2026-08-03 06:00:30.564132,1785736830,4900,4.20069444444445,4.20069444444445,2.45,2.45,0.27,0.27,1,1
1,2026-08-03 06:00:31.571842,1785736831,4901,4.15532407407408,4.15532407407408,2.45,2.45,0.18,0.18,1,1
1,2026-08-03 06:00:32.576088,1785736832,4902,4.1212962962963,4.1212962962963,2.45,2.45,0.09,0.09,1,1
1,2026-08-03 06:00:33.583748,1785736833,4903,4.07592592592593,4.07592592592593,2.45,2.45,0.9,0.9,1,1
1,2026-08-03 06:00:34.589434,1785736834,4904,4.03055555555556,4.03055555555556,2.45,2.45,0.81,0.81,1,1
1,2026-08-03 06:00:35.598226,1785736835,4905,3.98518518518519,3.98518518518519,2.45,2.45,0.72,0.72,1,1
1,2026-08-03 06:00:36.632684,1785736836,4906,3.95115740740741,3.95115740740741,2.45,2.45,0.63,0.63,1,1
1,2026-08-03 06:00:37.638682,1785736837,4907,4.157,4.157,2.45,2.45,0.54,0.54,1,1
1,2026-08-03 06:00:38.640238,1785736838,4908,3.87175925925926,3.87175925925926,2.45,2.45,0.45,0.45,1,1
1,2026-08-03 06:00:39.648962,1785736839,4909,3.055,3.055,2.45,2.45,0.36,0.36,1,1
1,2026-08-03 06:00:40.650251,1785736840,4910,2.504,2.504,2.45,2.45,0.27,0.27,1,1
1,2026-08-03 06:00:41.688269,1785736841,4911,1.953,1.953,2.45,2.45,0.18,0.18,1,1
1,2026-08-03 06:00:42.729711,1785736842,4912,1.402,1.402,2.45,2.45,0.09,0.09,1,1
1,2026-08-03 06:00:43.793463,1785736843,4913,0.851,0.851,2.45,2.45,0.9,0.9,1,1
1,2026-08-03 06:00:44.805216,1785736844,4914,5.81,5.81,2.45,2.45,0.81,0.81,1,1
1,2026-08-03 06:00:45.811091,1785736845,4915,3.57685185185185,3.57685185185185,2.45,2.45,0.72,0.72,1,1
1,2026-08-03 06:00:46.814320,1785736846,4916,4.708,4.708,2.45,2.45,0.63,0.63,1,1
1,2026-08-03 06:00:47.823656,1785736847,4917,4.157,4.157,2.45,2.45,0.54,0.54,1,1
1,2026-08-03 06:00:48.826075,1785736848,4918,3.606,3.606,2.45,2.45,0.45,0.45,1,1
1,2026-08-03 06:00:49.852112,1785736849,4919,3.055,3.055,2.45,2.45,0.36,0.36,1,1
1,2026-08-03 06:00:50.853219,1785736850,4920,2.504,2.504,2.45,2.45,0.36,0.36,1,1
1,2026-08-03 06:00:51.863211,1785736851,4921,1.953,1.953,2.45,2.45,0.27,0.27,1,1
1,2026-08-03 06:00:52.870153,1785736852,4922,1.402,1.402,2.45,2.45,0.18,0.18,1,1
1,2026-08-03 06:00:53.882154,1785736853,4923,0.851,0.851,2.45,2.45,0.09,0.09,1,1
1,2026-08-03 06:00:54.887002,1785736854,4924,5.81,5.81,2.45,2.45,0.9,0.9,1,1
1,2026-08-03 06:00:55.900107,1785736855,4925,5.259,5.259,2.45,2.45,0.81,0.81,1,1
1,2026-08-03 06:00:56.918687,1785736856,4926,4.708,4.708,2.45,2.45,0.72,0.72,1,1
1,2026-08-03 06:00:58.465783,1785736858,4927,4.157,4.157,2.45,2.45,0.54,0.54,1,1
1,2026-08-03 06:00:59.485995,1785736859,4928,3.606,3.606,2.45,2.45,0.45,0.45,1,1
1,2026-08-03 06:01:00.487462,1785736860,4929,3.055,3.055,2.45,2.45,0.36,0.36,1,1
1,2026-08-03 06:01:01.523357,1785736861,4930,2.94166666666665,2.94166666666665,2.45,2.45,0.27,0.27,1,1
1,2026-08-03 06:01:02.536574,1785736862,4931,1.953,1.953,2.45,2.45,0.18,0.18,1,1
1,2026-08-03 06:01:03.549336,1785736863,4932,1.402,1.402,2.45,2.45,0.18,0.18,1,1
1,2026-08-03 06:01:04.568786,1785736864,4933,0.851,0.851,2.45,2.45,0.9,0.9,1,1
1,2026-08-03 06:01:05.573279,1785736865,4934,2.77152777777776,2.77152777777776,2.45,2.45,0.9,0.9,1,1
1,2026-08-03 06:01:06.574265,1785736866,4935,2.73749999999998,2.73749999999998,2.45,2.45,0.81,0.81,1,1
1,2026-08-03 06:01:07.630264,1785736867,4936,2.69212962962961,2.69212962962961,2.45,2.45,0.63,0.63,1,1
1,2026-08-03 06:01:08.674806,1785736868,4937,2.64675925925924,2.64675925925924,2.45,2.45,0.54,0.54,1,1
1,2026-08-03 06:01:09.677069,1785736869,4938,2.60138888888887,2.60138888888887,2.45,2.45,0.45,0.45,1,1
1,2026-08-03 06:01:10.708450,1785736870,4939,2.56736111111109,2.56736111111109,2.45,2.45,0.36,0.36,1,1
1,2026-08-03 06:01:11.728724,1785736871,4940,2.52199074074072,2.52199074074072,2.45,2.45,0.27,0.27,1,1
1,2026-08-03 06:01:12.769826,1785736872,4941,1.953,1.953,2.45,2.45,0.18,0.18,1,1
1,2026-08-03 06:01:13.771365,1785736873,4942,1.402,1.402,2.45,2.45,0.18,0.18,1,1
1,2026-08-03 06:01:14.781766,1785736874,4943,0.851,0.851,2.45,2.45,0.09,0.09,1,1
1,2026-08-03 06:01:15.802903,1785736875,4944,2.34050925925924,2.34050925925924,2.45,2.45,0.9,0.9,1,1
1,2026-08-03 06:01:16.844098,1785736876,4945,5.259,5.259,2.45,2.45,0.72,0.72,1,1
1,2026-08-03 06:01:17.895816,1785736877,4946,2.26111111111109,2.26111111111109,2.45,2.45,0.63,0.63,1,1
1,2026-08-03 06:01:18.914041,1785736878,4947,4.157,4.157,2.45,2.45,0.54,0.54,1,1
1,2026-08-03 06:01:19.930135,1785736879,4948,3.606,3.606,2.45,2.45,0.45,0.45,1,1
1,2026-08-03 06:01:20.941604,1785736880,4949,2.12499999999998,2.12499999999998,2.45,2.45,0.36,0.36,1,1
1,2026-08-03 06:01:21.951683,1785736881,4950,2.504,2.504,2.45,2.45,0.27,0.27,1,1
1,2026-08-03 06:01:22.973416,1785736882,4951,1.953,1.953,2.45,2.45,0.18,0.18,1,1
1,2026-08-03 06:01:23.976707,1785736883,4952,1.402,1.402,2.45,2.45,0.18,0.18,1,1
1,2026-08-03 06:01:25.003749,1785736885,4953,0.851,0.851,2.45,2.45,0.9,0.9,1,1
1,2026-08-03 06:01:26.032481,1785736886,4954,5.81,5.81,2.45,2.45,0.81,0.81,1,1
1,2026-08-03 06:01:27.049407,1785736887,4955,5.259,5.259,2.45,2.45,0.72,0.72,1,1
1,2026-08-03 06:01:28.050751,1785736888,4956,1.83009259259257,1.83009259259257,2.45,2.45,0.63,0.63,1,1
1,2026-08-03 06:01:29.076967,1785736889,4957,1.78472222222219,1.78472222222219,2.45,2.45,0.54,0.54,1,1
1,2026-08-03 06:01:30.078719,1785736890,4958,3.606,3.606,2.45,2.45,0.45,0.45,1,1
1,2026-08-03 06:01:31.641088,1785736891,4959,1.69398148148145,1.69398148148145,2.45,2.45,0.36,0.36,1,1
1,2026-08-03 06:01:32.642176,1785736892,4960,1.65995370370367,1.65995370370367,2.45,2.45,0.27,0.27,1,1
1,2026-08-03 06:01:33.690927,1785736893,4961,1.6145833333333,1.6145833333333,2.45,2.45,0.18,0.18,1,1
1,2026-08-03 06:01:34.693324,1785736894,4962,1.56921296296293,1.56921296296293,2.45,2.45,0.09,0.09,1,1
1,2026-08-03 06:01:35.723732,1785736895,4963,0.851,0.851,2.45,2.45,0.9,0.9,1,1
1,2026-08-03 06:01:36.759626,1785736896,4964,5.81,5.81,2.45,2.45,0.81,0.81,1,1
1,2026-08-03 06:01:37.819548,1785736897,4965,5.259,5.259,2.45,2.45,0.72,0.72,1,1
1,2026-08-03 06:01:38.827555,1785736898,4966,1.39907407407404,1.39907407407404,2.45,2.45,0.63,0.63,1,1
1,2026-08-03 06:01:39.981245,1785736899,4967,4.157,4.157,2.45,2.45,0.54,0.54,1,1
1,2026-08-03 06:01:40.989019,1785736900,4968,1.3083333333333,1.3083333333333,2.45,2.45,0.45,0.45,1,1
1,2026-08-03 06:01:41.990993,1785736901,4969,3.055,3.055,2.45,2.45,0.36,0.36,1,1
1,2026-08-03 06:01:42.993468,1785736902,4970,2.504,2.504,2.45,2.45,0.27,0.27,1,1
1,2026-08-03 06:01:44.008819,1785736904,4971,1.18356481481478,1.18356481481478,2.45,2.45,0.18,0.18,1,1
1,2026-08-03 06:01:45.090012,1785736905,4972,1.13819444444441,1.13819444444441,2.45,2.45,0.09,0.09,1,1
1,2026-08-03 06:01:46.124020,1785736906,4973,1.09282407407404,1.09282407407404,2.45,2.45,0.9,0.9,1,1
1,2026-08-03 06:01:47.139987,1785736907,4974,5.81,5.81,2.45,2.45,0.81,0.81,1,1
1,2026-08-03 06:01:48.145738,1785736908,4975,5.259,5.259,2.45,2.45,0.72,0.72,1,1
1,2026-08-03 06:01:49.157037,1785736909,4976,4.708,4.708,2.45,2.45,0.63,0.63,1,1
1,2026-08-03 06:01:50.158934,1785736910,4977,4.157,4.157,2.45,2.45,0.54,0.54,1,1
1,2026-08-03 06:01:51.206858,1785736911,4978,3.606,3.606,2.45,2.45,0.45,0.45,1,1
1,2026-08-03 06:01:52.208144,1785736912,4979,3.055,3.055,2.45,2.45,0.36,0.36,1,1
1,2026-08-03 06:01:53.222230,1785736913,4980,2.504,2.504,2.45,2.45,0.27,0.27,1,1
1,2026-08-03 06:01:54.226377,1785736914,4981,1.953,1.953,2.45,2.45,0.18,0.18,1,1
1,2026-08-03 06:01:55.280303,1785736915,4982,0.718518518518482,0.718518518518482,2.45,2.45,0.09,0.09,1,1
1,2026-08-03 06:01:56.287631,1785736916,4983,0.851,0.851,2.45,2.45,0.9,0.9,1,1
1,2026-08-03 06:01:57.289297,1785736917,4984,5.81,5.81,2.45,2.45,0.81,0.81,1,1
1,2026-08-03 06:01:58.297388,1785736918,4985,5.259,5.259,2.45,2.45,0.72,0.72,1,1
1,2026-08-03 06:01:59.309279,1785736919,4986,4.708,4.708,2.45,2.45,0.63,0.63,1,1
1,2026-08-03 06:02:00.332901,1785736920,4987,0.514351851851815,0.514351851851815,2.45,2.45,0.54,0.54,1,1
1,2026-08-03 06:02:01.368555,1785736921,4988,3.606,3.606,2.45,2.45,0.45,0.45,1,1
1,2026-08-03 06:02:02.375129,1785736922,4989,3.055,3.055,2.45,2.45,0.36,0.36,1,1
1,2026-08-03 06:02:03.414155,1785736923,4990,0.378240740740704,0.378240740740704,2.45,2.45,0.27,0.27,1,1
1,2026-08-03 06:02:04.939648,1785736924,4991,1.953,1.953,2.45,2.45,0.18,0.18,1,1
1,2026-08-03 06:02:05.951597,1785736925,4992,0.298842592592556,0.298842592592556,2.45,2.45,0.09,0.09,1,1
1,2026-08-03 06:02:06.953705,1785736926,4993,1.402,1.402,2.45,2.45,0.9,0.9,1,1
1,2026-08-03 06:02:07.955734,1785736927,4994,0.851,0.851,2.45,2.45,0.81,0.81,1,1
1,2026-08-03 06:02:08.985350,1785736928,4995,5.78865740740741,5.78865740740741,2.45,2.45,0.72,0.72,1,1
1,2026-08-03 06:02:09.998152,1785736929,4996,4.708,4.708,2.45,2.45,0.63,0.63,1,1
1,2026-08-03 06:02:11.008157,1785736931,4997,4.157,4.157,2.45,2.45,0.54,0.54,1,1
1,2026-08-03 06:02:12.043897,1785736932,4998,3.606,3.606,2.45,2.45,0.45,0.45,1,1
1,2026-08-03 06:02:13.044984,1785736933,4999,3.055,3.055,2.45,2.45,0.36,0.36,1,1
1,2026-08-03 06:02:14.045902,1785736934,5000,2.504,2.504,2.45,2.45,0.27,0.27,1,1
1,2026-08-03 06:02:15.095545,1785736935,5001,1.953,1.953,2.45,2.45,0.18,0.18,1,1
1,2026-08-03 06:02:16.101106,1785736936,5002,1.402,1.402,2.45,2.45,0.09,0.09,1,1
1,2026-08-03 06:02:17.107824,1785736937,5003,0.851,0.851,2.45,2.45,0.9,0.9,1,1
1,2026-08-03 06:02:18.110477,1785736938,5004,5.81,5.81,2.45,2.45,0.81,0.81,1,1
1,2026-08-03 06:02:19.122018,1785736939,5005,5.35763888888891,5.35763888888891,2.45,2.45,0.72,0.72,1,1
1,2026-08-03 06:02:20.127141,1785736940,5006,4.708,4.708,2.45,2.45,0.63,0.63,1,1
1,2026-08-03 06:02:21.143223,1785736941,5007,4.157,4.157,2.45,2.45,0.54,0.54,1,1
1,2026-08-03 06:02:22.156134,1785736942,5008,3.606,3.606,2.45,2.45,0.45,0.45,1,1
1,2026-08-03 06:02:23.159838,1785736943,5009,3.055,3.055,2.45,2.45,0.36,0.36,1,1
1,2026-08-03 06:02:24.170076,1785736944,5010,5.15347222222224,5.15347222222224,2.45,2.45,0.27,0.27,1,1
1,2026-08-03 06:02:25.186347,1785736945,5011,1.953,1.953,2.45,2.45,0.18,0.18,1,1
1,2026-08-03 06:02:26.188568,1785736946,5012,1.402,1.402,2.45,2.45,0.09,0.09,1,1
1,2026-08-03 06:02:27.190531,1785736947,5013,5.01736111111112,5.01736111111112,2.45,2.45,0.9,0.9,1,1
1,2026-08-03 06:02:28.194072,1785736948,5014,4.98333333333335,4.98333333333335,2.45,2.45,0.81,0.81,1,1
1,2026-08-03 06:02:29.194966,1785736949,5015,4.93796296296298,4.93796296296298,2.45,2.45,0.72,0.72,1,1
1,2026-08-03 06:02:30.197786,1785736950,5016,4.8925925925926,4.8925925925926,2.45,2.45,0.63,0.63,1,1
1,2026-08-03 06:02:31.276005,1785736951,5017,4.157,4.157,2.45,2.45,0.54,0.54,1,1
1,2026-08-03 06:02:32.287127,1785736952,5018,3.606,3.606,2.45,2.45,0.45,0.45,1,1
1,2026-08-03 06:02:33.295532,1785736953,5019,3.055,3.055,2.45,2.45,0.36,0.36,1,1
1,2026-08-03 06:02:34.297998,1785736954,5020,2.504,2.504,2.45,2.45,0.27,0.27,1,1
1,2026-08-03 06:02:35.318382,1785736955,5021,1.953,1.953,2.45,2.45,0.18,0.18,1,1
1,2026-08-03 06:02:36.429283,1785736956,5022,4.64305555555556,4.64305555555556,2.45,2.45,0.09,0.09,1,1
1,2026-08-03 06:02:37.989674,1785736957,5023,0.851,0.851,2.45,2.45,0.9,0.9,1,1
1,2026-08-03 06:02:38.991669,1785736958,5024,5.81,5.81,2.45,2.45,0.81,0.81,1,1
1,2026-08-03 06:02:40.001818,1785736960,5025,5.259,5.259,2.45,2.45,0.72,0.72,1,1
1,2026-08-03 06:02:41.003212,1785736961,5026,4.46157407407408,4.46157407407408,2.45,2.45,0.63,0.63,1,1
1,2026-08-03 06:02:42.026930,1785736962,5027,4.157,4.157,2.45,2.45,0.54,0.54,1,1
1,2026-08-03 06:02:43.027865,1785736963,5028,3.606,3.606,2.45,2.45,0.45,0.45,1,1
1,2026-08-03 06:02:44.033269,1785736964,5029,3.055,3.055,2.45,2.45,0.36,0.36,1,1
1,2026-08-03 06:02:45.035277,1785736965,5030,2.504,2.504,2.45,2.45,0.27,0.27,1,1
1,2026-08-03 06:02:46.057091,1785736966,5031,4.25740740740741,4.25740740740741,2.45,2.45,0.18,0.18,1,1
1,2026-08-03 06:02:47.072321,1785736967,5032,4.21203703703704,4.21203703703704,2.45,2.45,0.09,0.09,1,1
1,2026-08-03 06:02:48.092907,1785736968,5033,0.851,0.851,2.45,2.45,0.9,0.9,1,1
1,2026-08-03 06:02:49.103845,1785736969,5034,5.81,5.81,2.45,2.45,0.81,0.81,1,1
1,2026-08-03 06:02:50.144583,1785736970,5035,5.259,5.259,2.45,2.45,0.72,0.72,1,1
1,2026-08-03 06:02:51.209362,1785736971,5036,4.708,4.708,2.45,2.45,0.63,0.63,1,1
1,2026-08-03 06:02:52.300136,1785736972,5037,4.157,4.157,2.45,2.45,0.54,0.54,1,1
1,2026-08-03 06:02:53.392038,1785736973,5038,3.95115740740741,3.95115740740741,2.45,2.45,0.45,0.45,1,1
1,2026-08-03 06:02:54.430600,1785736974,5039,3.90578703703704,3.90578703703704,2.45,2.45,0.36,0.36,1,1
1,2026-08-03 06:02:55.478260,1785736975,5040,3.86041666666667,3.86041666666667,2.45,2.45,0.27,0.27,1,1
1,2026-08-03 06:02:56.517024,1785736976,5041,3.81504629629629,3.81504629629629,2.45,2.45,0.18,0.18,1,1
1,2026-08-03 06:02:57.525001,1785736977,5042,3.76967592592592,3.76967592592592,2.45,2.45,0.09,0.09,1,1
1,2026-08-03 06:02:58.529264,1785736978,5043,3.73564814814815,3.73564814814815,2.45,2.45,0.9,0.9,1,1
1,2026-08-03 06:02:59.533184,1785736979,5044,3.69027777777777,3.69027777777777,2.45,2.45,0.81,0.81,1,1
1,2026-08-03 06:03:00.538923,1785736980,5045,3.6449074074074,3.6449074074074,2.45,2.45,0.72,0.72,1,1
1,2026-08-03 06:03:01.591328,1785736981,5046,3.59953703703703,3.59953703703703,2.45,2.45,0.63,0.63,1,1
1,2026-08-03 06:03:02.621155,1785736982,5047,3.56550925925925,3.56550925925925,2.45,2.45,0.54,0.54,1,1
1,2026-08-03 06:03:03.650487,1785736983,5048,3.52013888888888,3.52013888888888,2.45,2.45,0.45,0.45,1,1
1,2026-08-03 06:03:04.653225,1785736984,5049,3.47476851851851,3.47476851851851,2.45,2.45,0.36,0.36,1,1
1,2026-08-03 06:03:05.710934,1785736985,5050,3.42939814814814,3.42939814814814,2.45,2.45,0.27,0.27,1,1
1,2026-08-03 06:03:06.727335,1785736986,5051,3.38402777777777,3.38402777777777,2.45,2.45,0.18,0.18,1,1
1,2026-08-03 06:03:07.729136,1785736987,5052,3.34999999999999,3.34999999999999,2.45,2.45,0.09,0.09,1,1
1,2026-08-03 06:03:08.732912,1785736988,5053,3.30462962962962,3.30462962962962,2.45,2.45,0.9,0.9,1,1
1,2026-08-03 06:03:10.256092,1785736990,5054,3.25925925925925,3.25925925925925,2.45,2.45,0.81,0.81,1,1
1,2026-08-03 06:03:11.263240,1785736991,5055,3.21388888888888,3.21388888888888,2.45,2.45,0.72,0.72,1,1
1,2026-08-03 06:03:12.272737,1785736992,5056,3.1798611111111,3.1798611111111,2.45,2.45,0.63,0.63,1,1
1,2026-08-03 06:03:13.289490,1785736993,5057,3.13449074074073,3.13449074074073,2.45,2.45,0.54,0.54,1,1
1,2026-08-03 06:03:14.296788,1785736994,5058,3.08912037037036,3.08912037037036,2.45,2.45,0.45,0.45,1,1
1,2026-08-03 06:03:15.301822,1785736995,5059,3.04374999999999,3.04374999999999,2.45,2.45,0.36,0.36,1,1
1,2026-08-03 06:03:16.305587,1785736996,5060,2.504,2.504,2.45,2.45,0.27,0.27,1,1
1,2026-08-03 06:03:17.307702,1785736997,5061,1.953,1.953,2.45,2.45,0.18,0.18,1,1
1,2026-08-03 06:03:18.319679,1785736998,5062,2.91898148148147,2.91898148148147,2.45,2.45,0.09,0.09,1,1
1,2026-08-03 06:03:19.353945,1785736999,5063,0.851,0.851,2.45,2.45,0.9,0.9,1,1
1,2026-08-03 06:03:20.380140,1785737000,5064,5.81,5.81,2.45,2.45,0.81,0.81,1,1
1,2026-08-03 06:03:21.381744,1785737001,5065,5.259,5.259,2.45,2.45,0.72,0.72,1,1
1,2026-08-03 06:03:22.383055,1785737002,5066,4.708,4.708,2.45,2.45,0.63,0.63,1,1
1,2026-08-03 06:03:23.396416,1785737003,5067,4.157,4.157,2.45,2.45,0.54,0.54,1,1
1,2026-08-03 06:03:24.405055,1785737004,5068,3.606,3.606,2.45,2.45,0.45,0.45,1,1
1,2026-08-03 06:03:25.412781,1785737005,5069,3.055,3.055,2.45,2.45,0.36,0.36,1,1
1,2026-08-03 06:03:26.415334,1785737006,5070,2.504,2.504,2.45,2.45,0.27,0.27,1,1
1,2026-08-03 06:03:27.425867,1785737007,5071,1.953,1.953,2.45,2.45,0.18,0.18,1,1
1,2026-08-03 06:03:28.436809,1785737008,5072,2.49930555555554,2.49930555555554,2.45,2.45,0.09,0.09,1,1
1,2026-08-03 06:03:29.483807,1785737009,5073,2.45393518518517,2.45393518518517,2.45,2.45,0.9,0.9,1,1
1,2026-08-03 06:03:30.486878,1785737010,5074,5.81,5.81,2.45,2.45,0.81,0.81,1,1
1,2026-08-03 06:03:31.491842,1785737011,5075,5.259,5.259,2.45,2.45,0.72,0.72,1,1
1,2026-08-03 06:03:32.509792,1785737012,5076,2.32916666666665,2.32916666666665,2.45,2.45,0.63,0.63,1,1
1,2026-08-03 06:03:33.522804,1785737013,5077,2.28379629629628,2.28379629629628,2.45,2.45,0.54,0.54,1,1
1,2026-08-03 06:03:34.540876,1785737014,5078,2.2384259259259,2.2384259259259,2.45,2.45,0.45,0.45,1,1
1,2026-08-03 06:03:35.565257,1785737015,5079,3.055,3.055,2.45,2.45,0.36,0.36,1,1
1,2026-08-03 06:03:36.588073,1785737016,5080,2.15902777777776,2.15902777777776,2.45,2.45,0.27,0.27,1,1
1,2026-08-03 06:03:37.610195,1785737017,5081,1.953,1.953,2.45,2.45,0.18,0.18,1,1
1,2026-08-03 06:03:38.615692,1785737018,5082,1.402,1.402,2.45,2.45,0.09,0.09,1,1
1,2026-08-03 06:03:39.620651,1785737019,5083,0.851,0.851,2.45,2.45,0.9,0.9,1,1
1,2026-08-03 06:03:40.658816,1785737020,5084,1.97754629629627,1.97754629629627,2.45,2.45,0.81,0.81,1,1
1,2026-08-03 06:03:41.671734,1785737021,5085,5.259,5.259,2.45,2.45,0.72,0.72,1,1
1,2026-08-03 06:03:43.217119,1785737023,5086,4.708,4.708,2.45,2.45,0.63,0.63,1,1
1,2026-08-03 06:03:44.229490,1785737024,5087,4.157,4.157,2.45,2.45,0.54,0.54,1,1
1,2026-08-03 06:03:45.282997,1785737025,5088,3.606,3.606,2.45,2.45,0.54,0.54,1,1
1,2026-08-03 06:03:46.285537,1785737026,5089,3.055,3.055,2.45,2.45,0.36,0.36,1,1
1,2026-08-03 06:03:47.287601,1785737027,5090,2.504,2.504,2.45,2.45,0.27,0.27,1,1
1,2026-08-03 06:03:48.324495,1785737028,5091,1.68263888888886,1.68263888888886,2.45,2.45,0.18,0.18,1,1
1,2026-08-03 06:03:49.326814,1785737029,5092,1.402,1.402,2.45,2.45,0.09,0.09,1,1
1,2026-08-03 06:03:50.416924,1785737030,5093,1.59189814814812,1.59189814814812,2.45,2.45,0.9,0.9,1,1
1,2026-08-03 06:03:51.471688,1785737031,5094,5.81,5.81,2.45,2.45,0.81,0.81,1,1
1,2026-08-03 06:03:52.473656,1785737032,5095,5.259,5.259,2.45,2.45,0.72,0.72,1,1
1,2026-08-03 06:03:53.475519,1785737033,5096,4.708,4.708,2.45,2.45,0.63,0.63,1,1
1,2026-08-03 06:03:54.479520,1785737034,5097,4.157,4.157,2.45,2.45,0.54,0.54,1,1
1,2026-08-03 06:03:55.481408,1785737035,5098,3.606,3.606,2.45,2.45,0.45,0.45,1,1
1,2026-08-03 06:03:56.503397,1785737036,5099,1.34236111111108,1.34236111111108,2.45,2.45,0.36,0.36,1,1
1,2026-08-03 06:03:57.505376,1785737037,5100,2.504,2.504,2.45,2.45,0.27,0.27,1,1
1,2026-08-03 06:03:58.559520,1785737038,5101,1.25162037037034,1.25162037037034,2.45,2.45,0.18,0.18,1,1
1,2026-08-03 06:03:59.574499,1785737039,5102,1.21759259259256,1.21759259259256,2.45,2.45,0.09,0.09,1,1
1,2026-08-03 06:04:00.579484,1785737040,5103,0.851,0.851,2.45,2.45,0.9,0.9,1,1
1,2026-08-03 06:04:01.589657,1785737041,5104,1.12685185185182,1.12685185185182,2.45,2.45,0.81,0.81,1,1
1,2026-08-03 06:04:02.603585,1785737042,5105,1.08148148148145,1.08148148148145,2.45,2.45,0.72,0.72,1,1
1,2026-08-03 06:04:03.647554,1785737043,5106,1.04745370370367,1.04745370370367,2.45,2.45,0.63,0.63,1,1
1,2026-08-03 06:04:04.670416,1785737044,5107,4.157,4.157,2.45,2.45,0.54,0.54,1,1
1,2026-08-03 06:04:05.675543,1785737045,5108,3.606,3.606,2.45,2.45,0.45,0.45,1,1
1,2026-08-03 06:04:06.716053,1785737046,5109,0.922685185185148,0.922685185185148,2.45,2.45,0.36,0.36,1,1
1,2026-08-03 06:04:07.718787,1785737047,5110,2.504,2.504,2.45,2.45,0.27,0.27,1,1
1,2026-08-03 06:04:08.728146,1785737048,5111,0.831944444444408,0.831944444444408,2.45,2.45,0.18,0.18,1,1
1,2026-08-03 06:04:09.766144,1785737049,5112,1.402,1.402,2.45,2.45,0.09,0.09,1,1
1,2026-08-03 06:04:10.774674,1785737050,5113,0.851,0.851,2.45,2.45,0.09,0.09,1,1
1,2026-08-03 06:04:11.788887,1785737051,5114,5.81,5.81,2.45,2.45,0.9,0.9,1,1
1,2026-08-03 06:04:12.837130,1785737052,5115,5.259,5.259,2.45,2.45,0.72,0.72,1,1
1,2026-08-03 06:04:13.839218,1785737053,5116,4.708,4.708,2.45,2.45,0.72,0.72,1,1
1,2026-08-03 06:04:14.859609,1785737054,5117,4.157,4.157,2.45,2.45,0.54,0.54,1,1
1,2026-08-03 06:04:16.385244,1785737056,5118,3.606,3.606,2.45,2.45,0.45,0.45,1,1
1,2026-08-03 06:04:17.417102,1785737057,5119,3.055,3.055,2.45,2.45,0.36,0.36,1,1
1,2026-08-03 06:04:18.431271,1785737058,5120,0.457638888888852,0.457638888888852,2.45,2.45,0.27,0.27,1,1
1,2026-08-03 06:04:19.475299,1785737059,5121,0.423611111111074,0.423611111111074,2.45,2.45,0.18,0.18,1,1
1,2026-08-03 06:04:20.480143,1785737060,5122,0.378240740740704,0.378240740740704,2.45,2.45,0.09,0.09,1,1
1,2026-08-03 06:04:21.482862,1785737061,5123,0.332870370370334,0.332870370370334,2.45,2.45,0.9,0.9,1,1
1,2026-08-03 06:04:22.520253,1785737062,5124,0.298842592592556,0.298842592592556,2.45,2.45,0.81,0.81,1,1
1,2026-08-03 06:04:23.536517,1785737063,5125,5.81,5.81,2.45,2.45,0.72,0.72,1,1
1,2026-08-03 06:04:24.567174,1785737064,5126,5.259,5.259,2.45,2.45,0.63,0.63,1,1
1,2026-08-03 06:04:25.593027,1785737065,5127,4.157,4.157,2.45,2.45,0.63,0.63,1,1
1,2026-08-03 06:04:26.618255,1785737066,5128,3.606,3.606,2.45,2.45,0.54,0.54,1,1
1,2026-08-03 06:04:27.630294,1785737067,5129,3.055,3.055,2.45,2.45,0.45,0.45,1,1
1,2026-08-03 06:04:28.649609,1785737068,5130,2.504,2.504,2.45,2.45,0.36,0.36,1,1
1,2026-08-03 06:04:29.663095,1785737069,5131,5.59583333333334,5.59583333333334,2.45,2.45,0.27,0.27,1,1
1,2026-08-03 06:04:30.684441,1785737070,5132,5.55046296296297,5.55046296296297,2.45,2.45,0.18,0.18,1,1
1,2026-08-03 06:04:31.689352,1785737071,5133,0.851,0.851,2.45,2.45,0.09,0.09,1,1
1,2026-08-03 06:04:32.731580,1785737072,5134,5.81,5.81,2.45,2.45,0.81,0.81,1,1
1,2026-08-03 06:04:33.744256,1785737073,5135,5.259,5.259,2.45,2.45,0.72,0.72,1,1
1,2026-08-03 06:04:34.763675,1785737074,5136,5.38032407407409,5.38032407407409,2.45,2.45,0.63,0.63,1,1
1,2026-08-03 06:04:35.779546,1785737075,5137,4.157,4.157,2.45,2.45,0.54,0.54,1,1
1,2026-08-03 06:04:36.781809,1785737076,5138,5.30092592592594,5.30092592592594,2.45,2.45,0.45,0.45,1,1
1,2026-08-03 06:04:37.816564,1785737077,5139,5.26689814814817,5.26689814814817,2.45,2.45,0.36,0.36,1,1
1,2026-08-03 06:04:38.826949,1785737078,5140,2.504,2.504,2.45,2.45,0.27,0.27,1,1
1,2026-08-03 06:04:39.847336,1785737079,5141,1.953,1.953,2.45,2.45,0.18,0.18,1,1
1,2026-08-03 06:04:40.859956,1785737080,5142,1.402,1.402,2.45,2.45,0.09,0.09,1,1
1,2026-08-03 06:04:41.905538,1785737081,5143,5.09675925925927,5.09675925925927,2.45,2.45,0.9,0.9,1,1
1,2026-08-03 06:04:42.912592,1785737082,5144,5.81,5.81,2.45,2.45,0.81,0.81,1,1
1,2026-08-03 06:04:43.946735,1785737083,5145,5.259,5.259,2.45,2.45,0.72,0.72,1,1
1,2026-08-03 06:04:44.950099,1785737084,5146,4.98333333333335,4.98333333333335,2.45,2.45,0.63,0.63,1,1
1,2026-08-03 06:04:45.994374,1785737085,5147,4.93796296296298,4.93796296296298,2.45,2.45,0.54,0.54,1,1
1,2026-08-03 06:04:47.018187,1785737087,5148,3.606,3.606,2.45,2.45,0.45,0.45,1,1
1,2026-08-03 06:04:48.038622,1785737088,5149,4.84722222222223,4.84722222222223,2.45,2.45,0.36,0.36,1,1
1,2026-08-03 06:04:49.625782,1785737089,5150,4.80185185185186,4.80185185185186,2.45,2.45,0.27,0.27,1,1
1,2026-08-03 06:04:50.627787,1785737090,5151,1.953,1.953,2.45,2.45,0.18,0.18,1,1
1,2026-08-03 06:04:51.629703,1785737091,5152,1.402,1.402,2.45,2.45,0.09,0.09,1,1
1,2026-08-03 06:04:52.631724,1785737092,5153,0.851,0.851,2.45,2.45,0.9,0.9,1,1
1,2026-08-03 06:04:53.645427,1785737093,5154,4.64305555555556,4.64305555555556,2.45,2.45,0.81,0.81,1,1
1,2026-08-03 06:04:54.688926,1785737094,5155,5.259,5.259,2.45,2.45,0.72,0.72,1,1
1,2026-08-03 06:04:55.710732,1785737095,5156,4.708,4.708,2.45,2.45,0.63,0.63,1,1
1,2026-08-03 06:04:56.713818,1785737096,5157,4.157,4.157,2.45,2.45,0.54,0.54,1,1
1,2026-08-03 06:04:57.755269,1785737097,5158,4.46157407407408,4.46157407407408,2.45,2.45,0.45,0.45,1,1
1,2026-08-03 06:04:58.756398,1785737098,5159,3.055,3.055,2.45,2.45,0.36,0.36,1,1
1,2026-08-03 06:04:59.775053,1785737099,5160,2.504,2.504,2.45,2.45,0.27,0.27,1,1
1,2026-08-03 06:05:00.777026,1785737100,5161,4.33680555555556,4.33680555555556,2.45,2.45,0.18,0.18,1,1
1,2026-08-03 06:05:01.807912,1785737101,5162,1.402,1.402,2.45,2.45,0.09,0.09,1,1
1,2026-08-03 06:05:02.830402,1785737102,5163,0.851,0.851,2.45,2.45,0.9,0.9,1,1
1,2026-08-03 06:05:03.835327,1785737103,5164,5.81,5.81,2.45,2.45,0.81,0.81,1,1
1,2026-08-03 06:05:04.838432,1785737104,5165,5.259,5.259,2.45,2.45,0.81,0.81,1,1
1,2026-08-03 06:05:05.871110,1785737105,5166,4.1212962962963,4.1212962962963,2.45,2.45,0.72,0.72,1,1
1,2026-08-03 06:05:06.888398,1785737106,5167,4.08726851851852,4.08726851851852,2.45,2.45,0.63,0.63,1,1
1,2026-08-03 06:05:07.894119,1785737107,5168,4.04189814814815,4.04189814814815,2.45,2.45,0.54,0.54,1,1
1,2026-08-03 06:05:08.895872,1785737108,5169,3.99652777777778,3.99652777777778,2.45,2.45,0.45,0.45,1,1
1,2026-08-03 06:05:09.897053,1785737109,5170,3.9625,3.9625,2.45,2.45,0.36,0.36,1,1
1,2026-08-03 06:05:10.910054,1785737110,5171,3.91712962962963,3.91712962962963,2.45,2.45,0.27,0.27,1,1
1,2026-08-03 06:05:11.940575,1785737111,5172,3.87175925925926,3.87175925925926,2.45,2.45,0.18,0.18,1,1
1,2026-08-03 06:05:12.946362,1785737112,5173,3.82638888888889,3.82638888888889,2.45,2.45,0.09,0.09,1,1
1,2026-08-03 06:05:13.953764,1785737113,5174,3.79236111111111,3.79236111111111,2.45,2.45,0.9,0.9,1,1
1,2026-08-03 06:05:14.958783,1785737114,5175,3.74699074074074,3.74699074074074,2.45,2.45,0.81,0.81,1,1
1,2026-08-03 06:05:15.974383,1785737115,5176,3.70162037037037,3.70162037037037,2.45,2.45,0.72,0.72,1,1
1,2026-08-03 06:05:16.979668,1785737116,5177,3.66759259259259,3.66759259259259,2.45,2.45,0.63,0.63,1,1
1,2026-08-03 06:05:17.992497,1785737117,5178,3.62222222222222,3.62222222222222,2.45,2.45,0.54,0.54,1,1
1,2026-08-03 06:05:18.995175,1785737118,5179,3.58819444444444,3.58819444444444,2.45,2.45,0.45,0.45,1,1
1,2026-08-03 06:05:20.003388,1785737120,5180,3.54282407407407,3.54282407407407,2.45,2.45,0.36,0.36,1,1
1,2026-08-03 06:05:21.050037,1785737121,5181,3.50879629629629,3.50879629629629,2.45,2.45,0.27,0.27,1,1
1,2026-08-03 06:05:22.571562,1785737122,5182,3.46342592592592,3.46342592592592,2.45,2.45,0.18,0.18,1,1
1,2026-08-03 06:05:23.620660,1785737123,5183,3.41805555555555,3.41805555555555,2.45,2.45,0.09,0.09,1,1
1,2026-08-03 06:05:24.642832,1785737124,5184,3.38402777777777,3.38402777777777,2.45,2.45,0.9,0.9,1,1
1,2026-08-03 06:05:25.657454,1785737125,5185,3.3386574074074,3.3386574074074,2.45,2.45,0.81,0.81,1,1
1,2026-08-03 06:05:26.676364,1785737126,5186,3.29328703703703,3.29328703703703,2.45,2.45,0.72,0.72,1,1
1,2026-08-03 06:05:27.685360,1785737127,5187,3.24791666666666,3.24791666666666,2.45,2.45,0.63,0.63,1,1
1,2026-08-03 06:05:28.686630,1785737128,5188,3.20254629629629,3.20254629629629,2.45,2.45,0.54,0.54,1,1
1,2026-08-03 06:05:29.707390,1785737129,5189,3.16851851851851,3.16851851851851,2.45,2.45,0.45,0.45,1,1
1,2026-08-03 06:05:30.719634,1785737130,5190,3.12314814814814,3.12314814814814,2.45,2.45,0.36,0.36,1,1
1,2026-08-03 06:05:31.736005,1785737131,5191,3.07777777777777,3.07777777777777,2.45,2.45,0.27,0.27,1,1
1,2026-08-03 06:05:32.788590,1785737132,5192,3.0324074074074,3.0324074074074,2.45,2.45,0.18,0.18,1,1
1,2026-08-03 06:05:33.801129,1785737133,5193,2.99837962962962,2.99837962962962,2.45,2.45,0.09,0.09,1,1
1,2026-08-03 06:05:34.812916,1785737134,5194,2.95300925925925,2.95300925925925,2.45,2.45,0.9,0.9,1,1
1,2026-08-03 06:05:35.818952,1785737135,5195,2.90763888888888,2.90763888888888,2.45,2.45,0.81,0.81,1,1
1,2026-08-03 06:05:36.826974,1785737136,5196,2.8736111111111,2.8736111111111,2.45,2.45,0.72,0.72,1,1
1,2026-08-03 06:05:37.853570,1785737137,5197,2.82824074074073,2.82824074074073,2.45,2.45,0.63,0.63,1,1
1,2026-08-03 06:05:38.860800,1785737138,5198,2.78287037037036,2.78287037037036,2.45,2.45,0.54,0.54,1,1
1,2026-08-03 06:05:39.862716,1785737139,5199,2.73749999999998,2.73749999999998,2.45,2.45,0.45,0.45,1,1
1,2026-08-03 06:05:40.867085,1785737140,5200,2.70347222222221,2.70347222222221,2.45,2.45,0.36,0.36,1,1
1,2026-08-03 06:05:41.873650,1785737141,5201,2.65810185185184,2.65810185185184,2.45,2.45,0.27,0.27,1,1
1,2026-08-03 06:05:42.876699,1785737142,5202,2.61273148148146,2.61273148148146,2.45,2.45,0.18,0.18,1,1
1,2026-08-03 06:05:43.881256,1785737143,5203,2.56736111111109,2.56736111111109,2.45,2.45,0.09,0.09,1,1
1,2026-08-03 06:05:44.885576,1785737144,5204,2.53333333333332,2.53333333333332,2.45,2.45,0.9,0.9,1,1
1,2026-08-03 06:05:45.887478,1785737145,5205,2.48796296296294,2.48796296296294,2.45,2.45,0.81,0.81,1,1
1,2026-08-03 06:05:46.901310,1785737146,5206,2.44259259259257,2.44259259259257,2.45,2.45,0.72,0.72,1,1
1,2026-08-03 06:05:47.903353,1785737147,5207,2.3972222222222,2.3972222222222,2.45,2.45,0.63,0.63,1,1
1,2026-08-03 06:05:48.912950,1785737148,5208,2.36319444444442,2.36319444444442,2.45,2.45,0.54,0.54,1,1
1,2026-08-03 06:05:49.926028,1785737149,5209,2.31782407407405,2.31782407407405,2.45,2.45,0.45,0.45,1,1
1,2026-08-03 06:05:50.932088,1785737150,5210,2.27245370370368,2.27245370370368,2.45,2.45,0.36,0.36,1,1
1,2026-08-03 06:05:51.955957,1785737151,5211,2.22708333333331,2.22708333333331,2.45,2.45,0.27,0.27,1,1
1,2026-08-03 06:05:52.961573,1785737152,5212,2.19305555555553,2.19305555555553,2.45,2.45,0.18,0.18,1,1
1,2026-08-03 06:05:54.026778,1785737154,5213,2.14768518518516,2.14768518518516,2.45,2.45,0.09,0.09,1,1
1,2026-08-03 06:05:55.608705,1785737155,5214,2.10231481481479,2.10231481481479,2.45,2.45,0.9,0.9,1,1
1,2026-08-03 06:05:56.630026,1785737156,5215,2.05694444444442,2.05694444444442,2.45,2.45,0.81,0.81,1,1
1,2026-08-03 06:05:57.685924,1785737157,5216,2.02291666666664,2.02291666666664,2.45,2.45,0.72,0.72,1,1
1,2026-08-03 06:05:58.702101,1785737158,5217,1.97754629629627,1.97754629629627,2.45,2.45,0.63,0.63,1,1
1,2026-08-03 06:05:59.703753,1785737159,5218,1.9321759259259,1.9321759259259,2.45,2.45,0.54,0.54,1,1
1,2026-08-03 06:06:00.712044,1785737160,5219,1.88680555555553,1.88680555555553,2.45,2.45,0.45,0.45,1,1
1,2026-08-03 06:06:01.722879,1785737161,5220,1.85277777777775,1.85277777777775,2.45,2.45,0.36,0.36,1,1
1,2026-08-03 06:06:02.731884,1785737162,5221,1.80740740740738,1.80740740740738,2.45,2.45,0.27,0.27,1,1
1,2026-08-03 06:06:03.736594,1785737163,5222,1.76203703703701,1.76203703703701,2.45,2.45,0.18,0.18,1,1
1,2026-08-03 06:06:04.742696,1785737164,5223,1.71666666666664,1.71666666666664,2.45,2.45,0.09,0.09,1,1
1,2026-08-03 06:06:05.749016,1785737165,5224,1.68263888888886,1.68263888888886,2.45,2.45,0.9,0.9,1,1
1,2026-08-03 06:06:06.752541,1785737166,5225,1.63726851851849,1.63726851851849,2.45,2.45,0.81,0.81,1,1
1,2026-08-03 06:06:07.762398,1785737167,5226,1.59189814814812,1.59189814814812,2.45,2.45,0.72,0.72,1,1
1,2026-08-03 06:06:08.772661,1785737168,5227,1.54652777777775,1.54652777777775,2.45,2.45,0.63,0.63,1,1
1,2026-08-03 06:06:09.778821,1785737169,5228,1.51249999999997,1.51249999999997,2.45,2.45,0.54,0.54,1,1
1,2026-08-03 06:06:10.782501,1785737170,5229,1.4671296296296,1.4671296296296,2.45,2.45,0.45,0.45,1,1
1,2026-08-03 06:06:11.785938,1785737171,5230,1.42175925925923,1.42175925925923,2.45,2.45,0.36,0.36,1,1
1,2026-08-03 06:06:12.798727,1785737172,5231,1.37638888888886,1.37638888888886,2.45,2.45,0.27,0.27,1,1
1,2026-08-03 06:06:13.828303,1785737173,5232,1.34236111111108,1.34236111111108,2.45,2.45,0.18,0.18,1,1
1,2026-08-03 06:06:14.832936,1785737174,5233,1.29699074074071,1.29699074074071,2.45,2.45,0.09,0.09,1,1
1,2026-08-03 06:06:15.837557,1785737175,5234,1.25162037037034,1.25162037037034,2.45,2.45,0.9,0.9,1,1
1,2026-08-03 06:06:16.843053,1785737176,5235,1.20624999999997,1.20624999999997,2.45,2.45,0.81,0.81,1,1
1,2026-08-03 06:06:17.849270,1785737177,5236,1.16087962962959,1.16087962962959,2.45,2.45,0.72,0.72,1,1
1,2026-08-03 06:06:18.856293,1785737178,5237,1.12685185185182,1.12685185185182,2.45,2.45,0.63,0.63,1,1
1,2026-08-03 06:06:19.860640,1785737179,5238,1.08148148148145,1.08148148148145,2.45,2.45,0.54,0.54,1,1
1,2026-08-03 06:06:20.864235,1785737180,5239,1.03611111111107,1.03611111111107,2.45,2.45,0.45,0.45,1,1
1,2026-08-03 06:06:21.871424,1785737181,5240,0.990740740740704,0.990740740740704,2.45,2.45,0.36,0.36,1,1
1,2026-08-03 06:06:22.872975,1785737182,5241,0.956712962962926,0.956712962962926,2.45,2.45,0.27,0.27,1,1
1,2026-08-03 06:06:24.347402,1785737184,5242,1.953,1.953,2.45,2.45,0.18,0.18,1,1
1,2026-08-03 06:06:25.374836,1785737185,5243,0.865972222222185,0.865972222222185,2.45,2.45,0.09,0.09,1,1
1,2026-08-03 06:06:26.376620,1785737186,5244,0.820601851851815,0.820601851851815,2.45,2.45,0.9,0.9,1,1
1,2026-08-03 06:06:27.380120,1785737187,5245,0.775231481481445,0.775231481481445,2.45,2.45,0.81,0.81,1,1
1,2026-08-03 06:06:28.900371,1785737188,5246,0.741203703703667,0.741203703703667,2.45,2.45,0.72,0.72,1,1
1,2026-08-03 06:06:29.904371,1785737189,5247,0.707175925925889,0.707175925925889,2.45,2.45,0.63,0.63,1,1
1,2026-08-03 06:06:30.966123,1785737190,5248,0.673148148148111,0.673148148148111,2.45,2.45,0.54,0.54,1,1
1,2026-08-03 06:06:31.974851,1785737191,5249,0.627777777777741,0.627777777777741,2.45,2.45,0.45,0.45,1,1
1,2026-08-03 06:06:32.982602,1785737192,5250,0.582407407407371,0.582407407407371,2.45,2.45,0.36,0.36,1,1
1,2026-08-03 06:06:33.991110,1785737193,5251,0.537037037037,0.537037037037,2.45,2.45,0.27,0.27,1,1
1,2026-08-03 06:06:35.029598,1785737195,5252,0.49166666666663,0.49166666666663,2.45,2.45,0.18,0.18,1,1
1,2026-08-03 06:06:36.037631,1785737196,5253,0.457638888888852,0.457638888888852,2.45,2.45,0.09,0.09,1,1
1,2026-08-03 06:06:37.040280,1785737197,5254,0.412268518518482,0.412268518518482,2.45,2.45,0.9,0.9,1,1
1,2026-08-03 06:06:38.052184,1785737198,5255,0.366898148148112,0.366898148148112,2.45,2.45,0.81,0.81,1,1
1,2026-08-03 06:06:39.104183,1785737199,5256,0.332870370370334,0.332870370370334,2.45,2.45,0.72,0.72,1,1
1,2026-08-03 06:06:40.115513,1785737200,5257,4.708,4.708,2.45,2.45,0.63,0.63,1,1
1,2026-08-03 06:06:41.121869,1785737201,5258,4.157,4.157,2.45,2.45,0.54,0.54,1,1
1,2026-08-03 06:06:42.158413,1785737202,5259,3.606,3.606,2.45,2.45,0.45,0.45,1,1
1,2026-08-03 06:06:43.170501,1785737203,5260,5.76597222222222,5.76597222222222,2.45,2.45,0.36,0.36,1,1
1,2026-08-03 06:06:44.171482,1785737204,5261,5.72060185185185,5.72060185185185,2.45,2.45,0.27,0.27,1,1
1,2026-08-03 06:06:45.173832,1785737205,5262,5.67523148148149,5.67523148148149,2.45,2.45,0.18,0.18,1,1
1,2026-08-03 06:06:46.175781,1785737206,5263,5.62986111111112,5.62986111111112,2.45,2.45,0.09,0.09,1,1
1,2026-08-03 06:06:47.183690,1785737207,5264,5.59583333333334,5.59583333333334,2.45,2.45,0.9,0.9,1,1
1,2026-08-03 06:06:48.185600,1785737208,5265,5.55046296296297,5.55046296296297,2.45,2.45,0.81,0.81,1,1
1,2026-08-03 06:06:49.196176,1785737209,5266,5.5050925925926,5.5050925925926,2.45,2.45,0.72,0.72,1,1
1,2026-08-03 06:06:50.214238,1785737210,5267,5.47106481481483,5.47106481481483,2.45,2.45,0.63,0.63,1,1
1,2026-08-03 06:06:51.216510,1785737211,5268,5.42569444444446,5.42569444444446,2.45,2.45,0.54,0.54,1,1
1,2026-08-03 06:06:52.218919,1785737212,5269,5.38032407407409,5.38032407407409,2.45,2.45,0.45,0.45,1,1
1,2026-08-03 06:06:53.222915,1785737213,5270,5.33495370370372,5.33495370370372,2.45,2.45,0.36,0.36,1,1
1,2026-08-03 06:06:54.225414,1785737214,5271,5.30092592592594,5.30092592592594,2.45,2.45,0.27,0.27,1,1
1,2026-08-03 06:06:55.232760,1785737215,5272,5.25555555555557,5.25555555555557,2.45,2.45,0.18,0.18,1,1
1,2026-08-03 06:06:56.234650,1785737216,5273,5.2101851851852,5.2101851851852,2.45,2.45,0.09,0.09,1,1
1,2026-08-03 06:06:57.238000,1785737217,5274,5.17615740740742,5.17615740740742,2.45,2.45,0.9,0.9,1,1
1,2026-08-03 06:06:58.337863,1785737218,5275,5.15347222222224,5.15347222222224,2.45,2.45,0.81,0.81,1,1
1,2026-08-03 06:06:59.352022,1785737219,5276,5.10810185185187,5.10810185185187,2.45,2.45,0.72,0.72,1,1
1,2026-08-03 06:07:00.356529,1785737220,5277,5.0627314814815,5.0627314814815,2.45,2.45,0.63,0.63,1,1
1,2026-08-03 06:07:01.877213,1785737221,5278,5.02870370370372,5.02870370370372,2.45,2.45,0.54,0.54,1,1
1,2026-08-03 06:07:02.878641,1785737222,5279,4.98333333333335,4.98333333333335,2.45,2.45,0.45,0.45,1,1
1,2026-08-03 06:07:03.880583,1785737223,5280,4.93796296296298,4.93796296296298,2.45,2.45,0.36,0.36,1,1
1,2026-08-03 06:07:04.916514,1785737224,5281,2.504,2.504,2.45,2.45,0.27,0.27,1,1
1,2026-08-03 06:07:05.918963,1785737225,5282,4.85856481481483,4.85856481481483,2.45,2.45,0.18,0.18,1,1
1,2026-08-03 06:07:06.945763,1785737226,5283,1.402,1.402,2.45,2.45,0.09,0.09,1,1
1,2026-08-03 06:07:07.950602,1785737227,5284,4.77916666666668,4.77916666666668,2.45,2.45,0.9,0.9,1,1
1,2026-08-03 06:07:08.952752,1785737228,5285,4.73379629629631,4.73379629629631,2.45,2.45,0.81,0.81,1,1
1,2026-08-03 06:07:09.966710,1785737229,5286,4.68842592592594,4.68842592592594,2.45,2.45,0.72,0.72,1,1
1,2026-08-03 06:07:10.974902,1785737230,5287,4.65439814814816,4.65439814814816,2.45,2.45,0.63,0.63,1,1
1,2026-08-03 06:07:11.984787,1785737231,5288,4.60902777777779,4.60902777777779,2.45,2.45,0.54,0.54,1,1
1,2026-08-03 06:07:12.999775,1785737232,5289,4.56365740740742,4.56365740740742,2.45,2.45,0.45,0.45,1,1
1,2026-08-03 06:07:14.013453,1785737234,5290,4.51828703703704,4.51828703703704,2.45,2.45,0.36,0.36,1,1
1,2026-08-03 06:07:15.060344,1785737235,5291,2.504,2.504,2.45,2.45,0.27,0.27,1,1
1,2026-08-03 06:07:16.112543,1785737236,5292,4.4388888888889,4.4388888888889,2.45,2.45,0.18,0.18,1,1
1,2026-08-03 06:07:17.118567,1785737237,5293,4.39351851851852,4.39351851851852,2.45,2.45,0.09,0.09,1,1
1,2026-08-03 06:07:18.120077,1785737238,5294,4.35949074074075,4.35949074074075,2.45,2.45,0.9,0.9,1,1
1,2026-08-03 06:07:19.134377,1785737239,5295,4.31412037037038,4.31412037037038,2.45,2.45,0.81,0.81,1,1
1,2026-08-03 06:07:20.140579,1785737240,5296,4.26875,4.26875,2.45,2.45,0.72,0.72,1,1
1,2026-08-03 06:07:21.142775,1785737241,5297,4.708,4.708,2.45,2.45,0.63,0.63,1,1
1,2026-08-03 06:07:22.148979,1785737242,5298,4.18935185185186,4.18935185185186,2.45,2.45,0.54,0.54,1,1
1,2026-08-03 06:07:23.178407,1785737243,5299,4.14398148148148,4.14398148148148,2.45,2.45,0.45,0.45,1,1
1,2026-08-03 06:07:24.186288,1785737244,5300,4.09861111111111,4.09861111111111,2.45,2.45,0.36,0.36,1,1
1,2026-08-03 06:07:25.196696,1785737245,5301,2.504,2.504,2.45,2.45,0.27,0.27,1,1
1,2026-08-03 06:07:26.210949,1785737246,5302,1.953,1.953,2.45,2.45,0.18,0.18,1,1
1,2026-08-03 06:07:27.216891,1785737247,5303,3.97384259259259,3.97384259259259,2.45,2.45,0.09,0.09,1,1
1,2026-08-03 06:07:28.219060,1785737248,5304,3.92847222222222,3.92847222222222,2.45,2.45,0.9,0.9,1,1
1,2026-08-03 06:07:29.226050,1785737249,5305,5.81,5.81,2.45,2.45,0.81,0.81,1,1
1,2026-08-03 06:07:30.235668,1785737250,5306,5.259,5.259,2.45,2.45,0.72,0.72,1,1
1,2026-08-03 06:07:31.240428,1785737251,5307,4.708,4.708,2.45,2.45,0.63,0.63,1,1
1,2026-08-03 06:07:32.245780,1785737252,5308,3.75833333333333,3.75833333333333,2.45,2.45,0.54,0.54,1,1
1,2026-08-03 06:07:33.246944,1785737253,5309,3.606,3.606,2.45,2.45,0.45,0.45,1,1
1,2026-08-03 06:07:34.784174,1785737254,5310,3.055,3.055,2.45,2.45,0.36,0.36,1,1
1,2026-08-03 06:07:35.786952,1785737255,5311,3.63356481481481,3.63356481481481,2.45,2.45,0.27,0.27,1,1
1,2026-08-03 06:07:36.796771,1785737256,5312,1.953,1.953,2.45,2.45,0.18,0.18,1,1
1,2026-08-03 06:07:37.818816,1785737257,5313,1.402,1.402,2.45,2.45,0.09,0.09,1,1
1,2026-08-03 06:07:38.843907,1785737258,5314,0.851,0.851,2.45,2.45,0.9,0.9,1,1
1,2026-08-03 06:07:39.844862,1785737259,5315,3.46342592592592,3.46342592592592,2.45,2.45,0.81,0.81,1,1
1,2026-08-03 06:07:40.884257,1785737260,5316,3.42939814814814,3.42939814814814,2.45,2.45,0.81,0.81,1,1
1,2026-08-03 06:07:41.889758,1785737261,5317,3.38402777777777,3.38402777777777,2.45,2.45,0.72,0.72,1,1
1,2026-08-03 06:07:42.899866,1785737262,5318,3.3386574074074,3.3386574074074,2.45,2.45,0.63,0.63,1,1
1,2026-08-03 06:07:43.904396,1785737263,5319,3.29328703703703,3.29328703703703,2.45,2.45,0.54,0.54,1,1
1,2026-08-03 06:07:44.915277,1785737264,5320,3.25925925925925,3.25925925925925,2.45,2.45,0.45,0.45,1,1
1,2026-08-03 06:07:45.919237,1785737265,5321,3.21388888888888,3.21388888888888,2.45,2.45,0.36,0.36,1,1
1,2026-08-03 06:07:46.931956,1785737266,5322,3.16851851851851,3.16851851851851,2.45,2.45,0.27,0.27,1,1
1,2026-08-03 06:07:47.933724,1785737267,5323,3.12314814814814,3.12314814814814,2.45,2.45,0.18,0.18,1,1
1,2026-08-03 06:07:48.941502,1785737268,5324,3.08912037037036,3.08912037037036,2.45,2.45,0.09,0.09,1,1
1,2026-08-03 06:07:49.948853,1785737269,5325,3.04374999999999,3.04374999999999,2.45,2.45,0.9,0.9,1,1
1,2026-08-03 06:07:50.955163,1785737270,5326,2.99837962962962,2.99837962962962,2.45,2.45,0.81,0.81,1,1
1,2026-08-03 06:07:51.963371,1785737271,5327,2.95300925925925,2.95300925925925,2.45,2.45,0.72,0.72,1,1
1,2026-08-03 06:07:52.969971,1785737272,5328,2.91898148148147,2.91898148148147,2.45,2.45,0.63,0.63,1,1
1,2026-08-03 06:07:53.972941,1785737273,5329,2.8736111111111,2.8736111111111,2.45,2.45,0.54,0.54,1,1
1,2026-08-03 06:07:54.982846,1785737274,5330,2.82824074074073,2.82824074074073,2.45,2.45,0.45,0.45,1,1
1,2026-08-03 06:07:55.988183,1785737275,5331,2.79421296296295,2.79421296296295,2.45,2.45,0.36,0.36,1,1
1,2026-08-03 06:07:57.025517,1785737277,5332,2.76018518518517,2.76018518518517,2.45,2.45,0.27,0.27,1,1
1,2026-08-03 06:07:58.049703,1785737278,5333,2.7148148148148,2.7148148148148,2.45,2.45,0.18,0.18,1,1
1,2026-08-03 06:07:59.065731,1785737279,5334,2.66944444444443,2.66944444444443,2.45,2.45,0.09,0.09,1,1
1,2026-08-03 06:08:00.067670,1785737280,5335,2.62407407407406,2.62407407407406,2.45,2.45,0.9,0.9,1,1
1,2026-08-03 06:08:01.081805,1785737281,5336,2.57870370370369,2.57870370370369,2.45,2.45,0.81,0.81,1,1
1,2026-08-03 06:08:02.093348,1785737282,5337,2.54467592592591,2.54467592592591,2.45,2.45,0.72,0.72,1,1
1,2026-08-03 06:08:03.100192,1785737283,5338,2.49930555555554,2.49930555555554,2.45,2.45,0.63,0.63,1,1
1,2026-08-03 06:08:04.107730,1785737284,5339,2.45393518518517,2.45393518518517,2.45,2.45,0.54,0.54,1,1
1,2026-08-03 06:08:05.108740,1785737285,5340,2.4085648148148,2.4085648148148,2.45,2.45,0.45,0.45,1,1
1,2026-08-03 06:08:06.123617,1785737286,5341,2.37453703703702,2.37453703703702,2.45,2.45,0.36,0.36,1,1
1,2026-08-03 06:08:07.651588,1785737287,5342,2.32916666666665,2.32916666666665,2.45,2.45,0.27,0.27,1,1
1,2026-08-03 06:08:08.658047,1785737288,5343,2.28379629629628,2.28379629629628,2.45,2.45,0.18,0.18,1,1
1,2026-08-03 06:08:09.659867,1785737289,5344,2.2497685185185,2.2497685185185,2.45,2.45,0.09,0.09,1,1
1,2026-08-03 06:08:10.669413,1785737290,5345,2.20439814814813,2.20439814814813,2.45,2.45,0.9,0.9,1,1
1,2026-08-03 06:08:11.680029,1785737291,5346,2.15902777777776,2.15902777777776,2.45,2.45,0.81,0.81,1,1
1,2026-08-03 06:08:12.683446,1785737292,5347,2.12499999999998,2.12499999999998,2.45,2.45,0.72,0.72,1,1
1,2026-08-03 06:08:13.691181,1785737293,5348,2.07962962962961,2.07962962962961,2.45,2.45,0.63,0.63,1,1
1,2026-08-03 06:08:14.700672,1785737294,5349,2.03425925925924,2.03425925925924,2.45,2.45,0.54,0.54,1,1
1,2026-08-03 06:08:15.702262,1785737295,5350,2.00023148148146,2.00023148148146,2.45,2.45,0.45,0.45,1,1
1,2026-08-03 06:08:16.724962,1785737296,5351,1.95486111111109,1.95486111111109,2.45,2.45,0.36,0.36,1,1
1,2026-08-03 06:08:17.727630,1785737297,5352,1.90949074074071,1.90949074074071,2.45,2.45,0.27,0.27,1,1
1,2026-08-03 06:08:18.730964,1785737298,5353,1.87546296296294,1.87546296296294,2.45,2.45,0.18,0.18,1,1
1,2026-08-03 06:08:19.740578,1785737299,5354,1.83009259259257,1.83009259259257,2.45,2.45,0.09,0.09,1,1
1,2026-08-03 06:08:20.741774,1785737300,5355,1.78472222222219,1.78472222222219,2.45,2.45,0.9,0.9,1,1
1,2026-08-03 06:08:21.763885,1785737301,5356,1.73935185185182,1.73935185185182,2.45,2.45,0.81,0.81,1,1
1,2026-08-03 06:08:22.767087,1785737302,5357,1.70532407407405,1.70532407407405,2.45,2.45,0.72,0.72,1,1
1,2026-08-03 06:08:23.775654,1785737303,5358,1.65995370370367,1.65995370370367,2.45,2.45,0.63,0.63,1,1
1,2026-08-03 06:08:24.782396,1785737304,5359,1.6145833333333,1.6145833333333,2.45,2.45,0.54,0.54,1,1
1,2026-08-03 06:08:25.788805,1785737305,5360,1.56921296296293,1.56921296296293,2.45,2.45,0.45,0.45,1,1
1,2026-08-03 06:08:26.808809,1785737306,5361,1.52384259259256,1.52384259259256,2.45,2.45,0.36,0.36,1,1
1,2026-08-03 06:08:27.819472,1785737307,5362,1.48981481481478,1.48981481481478,2.45,2.45,0.27,0.27,1,1
1,2026-08-03 06:08:28.821313,1785737308,5363,1.44444444444441,1.44444444444441,2.45,2.45,0.18,0.18,1,1
1,2026-08-03 06:08:29.838603,1785737309,5364,1.39907407407404,1.39907407407404,2.45,2.45,0.09,0.09,1,1
1,2026-08-03 06:08:30.860276,1785737310,5365,1.35370370370367,1.35370370370367,2.45,2.45,0.9,0.9,1,1
1,2026-08-03 06:08:31.864482,1785737311,5366,1.31967592592589,1.31967592592589,2.45,2.45,0.81,0.81,1,1
1,2026-08-03 06:08:32.870559,1785737312,5367,1.27430555555552,1.27430555555552,2.45,2.45,0.72,0.72,1,1
1,2026-08-03 06:08:33.875874,1785737313,5368,1.22893518518515,1.22893518518515,2.45,2.45,0.63,0.63,1,1
1,2026-08-03 06:08:34.902027,1785737314,5369,1.18356481481478,1.18356481481478,2.45,2.45,0.54,0.54,1,1
1,2026-08-03 06:08:35.910839,1785737315,5370,1.149537037037,1.149537037037,2.45,2.45,0.45,0.45,1,1
1,2026-08-03 06:08:36.912977,1785737316,5371,1.10416666666663,1.10416666666663,2.45,2.45,0.36,0.36,1,1
1,2026-08-03 06:08:37.917624,1785737317,5372,1.05879629629626,1.05879629629626,2.45,2.45,0.27,0.27,1,1
1,2026-08-03 06:08:38.942946,1785737318,5373,1.01342592592589,1.01342592592589,2.45,2.45,0.18,0.18,1,1
1,2026-08-03 06:08:40.472766,1785737320,5374,0.979398148148111,0.979398148148111,2.45,2.45,0.09,0.09,1,1
1,2026-08-03 06:08:41.475385,1785737321,5375,0.934027777777741,0.934027777777741,2.45,2.45,0.9,0.9,1,1
1,2026-08-03 06:08:42.486506,1785737322,5376,0.888657407407371,0.888657407407371,2.45,2.45,0.81,0.81,1,1
1,2026-08-03 06:08:43.489855,1785737323,5377,0.854629629629593,0.854629629629593,2.45,2.45,0.72,0.72,1,1
1,2026-08-03 06:08:44.495173,1785737324,5378,0.809259259259222,0.809259259259222,2.45,2.45,0.63,0.63,1,1
1,2026-08-03 06:08:45.498570,1785737325,5379,0.775231481481445,0.775231481481445,2.45,2.45,0.54,0.54,1,1
1,2026-08-03 06:08:46.523035,1785737326,5380,0.741203703703667,0.741203703703667,2.45,2.45,0.45,0.45,1,1
1,2026-08-03 06:08:47.526101,1785737327,5381,0.707175925925889,0.707175925925889,2.45,2.45,0.36,0.36,1,1
1,2026-08-03 06:08:48.536156,1785737328,5382,0.661805555555519,0.661805555555519,2.45,2.45,0.27,0.27,1,1
1,2026-08-03 06:08:49.542979,1785737329,5383,0.616435185185149,0.616435185185149,2.45,2.45,0.18,0.18,1,1
1,2026-08-03 06:08:50.550842,1785737330,5384,0.571064814814778,0.571064814814778,2.45,2.45,0.09,0.09,1,1
1,2026-08-03 06:08:51.557786,1785737331,5385,0.537037037037,0.537037037037,2.45,2.45,0.9,0.9,1,1
1,2026-08-03 06:08:52.567648,1785737332,5386,0.49166666666663,0.49166666666663,2.45,2.45,0.81,0.81,1,1
1,2026-08-03 06:08:53.568940,1785737333,5387,0.44629629629626,0.44629629629626,2.45,2.45,0.72,0.72,1,1
1,2026-08-03 06:08:54.577513,1785737334,5388,0.412268518518482,0.412268518518482,2.45,2.45,0.63,0.63,1,1
1,2026-08-03 06:08:55.586219,1785737335,5389,0.378240740740704,0.378240740740704,2.45,2.45,0.54,0.54,1,1
1,2026-08-03 06:08:56.587454,1785737336,5390,0.332870370370334,0.332870370370334,2.45,2.45,0.45,0.45,1,1
1,2026-08-03 06:08:57.602597,1785737337,5391,3.055,3.055,2.45,2.45,0.36,0.36,1,1
1,2026-08-03 06:08:58.617084,1785737338,5392,2.504,2.504,2.45,2.45,0.27,0.27,1,1
1,2026-08-03 06:08:59.618871,1785737339,5393,1.953,1.953,2.45,2.45,0.18,0.18,1,1
1,2026-08-03 06:09:00.620931,1785737340,5394,1.402,1.402,2.45,2.45,0.09,0.09,1,1
1,2026-08-03 06:09:01.623025,1785737341,5395,5.73194444444445,5.73194444444445,2.45,2.45,0.9,0.9,1,1
1,2026-08-03 06:09:02.643193,1785737342,5396,5.81,5.81,2.45,2.45,0.81,0.81,1,1
1,2026-08-03 06:09:03.655407,1785737343,5397,5.259,5.259,2.45,2.45,0.72,0.72,1,1
1,2026-08-03 06:09:04.660300,1785737344,5398,5.60717592592593,5.60717592592593,2.45,2.45,0.63,0.63,1,1
1,2026-08-03 06:09:05.661625,1785737345,5399,4.157,4.157,2.45,2.45,0.54,0.54,1,1
1,2026-08-03 06:09:06.665561,1785737346,5400,5.52777777777779,5.52777777777779,2.45,2.45,0.45,0.45,1,1
1,2026-08-03 06:09:07.674015,1785737347,5401,5.48240740740742,5.48240740740742,2.45,2.45,0.36,0.36,1,1
1,2026-08-03 06:09:08.675416,1785737348,5402,2.504,2.504,2.45,2.45,0.27,0.27,1,1
1,2026-08-03 06:09:09.682034,1785737349,5403,1.953,1.953,2.45,2.45,0.18,0.18,1,1
1,2026-08-03 06:09:10.682973,1785737350,5404,1.402,1.402,2.45,2.45,0.09,0.09,1,1
1,2026-08-03 06:09:11.710113,1785737351,5405,5.31226851851854,5.31226851851854,2.45,2.45,0.9,0.9,1,1
1,2026-08-03 06:09:13.232786,1785737353,5406,5.81,5.81,2.45,2.45,0.81,0.81,1,1
1,2026-08-03 06:09:14.234577,1785737354,5407,5.259,5.259,2.45,2.45,0.72,0.72,1,1
1,2026-08-03 06:09:15.244969,1785737355,5408,4.708,4.708,2.45,2.45,0.63,0.63,1,1
1,2026-08-03 06:09:16.263700,1785737356,5409,4.157,4.157,2.45,2.45,0.54,0.54,1,1
1,2026-08-03 06:09:17.294528,1785737357,5410,3.606,3.606,2.45,2.45,0.45,0.45,1,1
1,2026-08-03 06:09:18.306979,1785737358,5411,3.055,3.055,2.45,2.45,0.36,0.36,1,1
1,2026-08-03 06:09:19.310347,1785737359,5412,5.01736111111112,5.01736111111112,2.45,2.45,0.36,0.36,1,1
1,2026-08-03 06:09:20.312417,1785737360,5413,4.98333333333335,4.98333333333335,2.45,2.45,0.27,0.27,1,1
1,2026-08-03 06:09:21.336136,1785737361,5414,4.93796296296298,4.93796296296298,2.45,2.45,0.18,0.18,1,1
1,2026-08-03 06:09:22.396044,1785737362,5415,0.851,0.851,2.45,2.45,0.9,0.9,1,1
1,2026-08-03 06:09:23.401713,1785737363,5416,5.81,5.81,2.45,2.45,0.81,0.81,1,1
1,2026-08-03 06:09:24.414060,1785737364,5417,5.259,5.259,2.45,2.45,0.72,0.72,1,1
1,2026-08-03 06:09:25.478852,1785737365,5418,4.76782407407408,4.76782407407408,2.45,2.45,0.63,0.63,1,1
1,2026-08-03 06:09:26.522089,1785737366,5419,4.157,4.157,2.45,2.45,0.54,0.54,1,1
1,2026-08-03 06:09:27.534750,1785737367,5420,3.606,3.606,2.45,2.45,0.45,0.45,1,1
1,2026-08-03 06:09:28.537229,1785737368,5421,3.055,3.055,2.45,2.45,0.36,0.36,1,1
1,2026-08-03 06:09:29.547157,1785737369,5422,2.504,2.504,2.45,2.45,0.27,0.27,1,1
1,2026-08-03 06:09:30.608364,1785737370,5423,1.953,1.953,2.45,2.45,0.18,0.18,1,1
1,2026-08-03 06:09:31.609679,1785737371,5424,1.402,1.402,2.45,2.45,0.09,0.09,1,1
1,2026-08-03 06:09:32.611458,1785737372,5425,0.851,0.851,2.45,2.45,0.9,0.9,1,1
1,2026-08-03 06:09:33.613063,1785737373,5426,4.4275462962963,4.4275462962963,2.45,2.45,0.81,0.81,1,1
1,2026-08-03 06:09:34.661248,1785737374,5427,5.259,5.259,2.45,2.45,0.72,0.72,1,1
1,2026-08-03 06:09:35.675126,1785737375,5428,4.708,4.708,2.45,2.45,0.63,0.63,1,1
1,2026-08-03 06:09:36.712645,1785737376,5429,4.157,4.157,2.45,2.45,0.54,0.54,1,1
1,2026-08-03 06:09:37.714113,1785737377,5430,3.606,3.606,2.45,2.45,0.45,0.45,1,1
1,2026-08-03 06:09:38.719134,1785737378,5431,3.055,3.055,2.45,2.45,0.36,0.36,1,1
1,2026-08-03 06:09:39.755576,1785737379,5432,2.504,2.504,2.45,2.45,0.36,0.36,1,1
1,2026-08-03 06:09:40.774605,1785737380,5433,1.953,1.953,2.45,2.45,0.18,0.18,1,1
1,2026-08-03 06:09:41.830844,1785737381,5434,4.08726851851852,4.08726851851852,2.45,2.45,0.09,0.09,1,1
1,2026-08-03 06:09:42.914136,1785737382,5435,0.851,0.851,2.45,2.45,0.9,0.9,1,1
1,2026-08-03 06:09:43.934284,1785737383,5436,5.81,5.81,2.45,2.45,0.81,0.81,1,1
1,2026-08-03 06:09:44.935821,1785737384,5437,3.95115740740741,3.95115740740741,2.45,2.45,0.72,0.72,1,1
1,2026-08-03 06:09:46.457511,1785737386,5438,3.90578703703704,3.90578703703704,2.45,2.45,0.63,0.63,1,1
1,2026-08-03 06:09:47.477647,1785737387,5439,4.157,4.157,2.45,2.45,0.54,0.54,1,1
1,2026-08-03 06:09:48.502077,1785737388,5440,3.606,3.606,2.45,2.45,0.45,0.45,1,1
1,2026-08-03 06:09:49.521342,1785737389,5441,3.055,3.055,2.45,2.45,0.36,0.36,1,1
1,2026-08-03 06:09:50.537819,1785737390,5442,3.73564814814815,3.73564814814815,2.45,2.45,0.27,0.27,1,1
1,2026-08-03 06:09:51.549323,1785737391,5443,3.69027777777777,3.69027777777777,2.45,2.45,0.18,0.18,1,1
1,2026-08-03 06:09:52.551494,1785737392,5444,1.402,1.402,2.45,2.45,0.09,0.09,1,1
1,2026-08-03 06:09:53.562516,1785737393,5445,0.851,0.851,2.45,2.45,0.9,0.9,1,1
1,2026-08-03 06:09:54.575173,1785737394,5446,5.81,5.81,2.45,2.45,0.81,0.81,1,1
1,2026-08-03 06:09:55.576483,1785737395,5447,3.52013888888888,3.52013888888888,2.45,2.45,0.72,0.72,1,1
1,2026-08-03 06:09:56.581110,1785737396,5448,4.708,4.708,2.45,2.45,0.63,0.63,1,1
1,2026-08-03 06:09:57.591590,1785737397,5449,4.157,4.157,2.45,2.45,0.54,0.54,1,1
1,2026-08-03 06:09:58.658117,1785737398,5450,3.606,3.606,2.45,2.45,0.45,0.45,1,1
1,2026-08-03 06:09:59.660733,1785737399,5451,3.055,3.055,2.45,2.45,0.36,0.36,1,1
1,2026-08-03 06:10:00.681394,1785737400,5452,3.31597222222221,3.31597222222221,2.45,2.45,0.27,0.27,1,1
1,2026-08-03 06:10:01.686734,1785737401,5453,1.953,1.953,2.45,2.45,0.18,0.18,1,1
1,2026-08-03 06:10:02.708292,1785737402,5454,3.23657407407407,3.23657407407407,2.45,2.45,0.09,0.09,1,1
1,2026-08-03 06:10:03.727772,1785737403,5455,3.19120370370369,3.19120370370369,2.45,2.45,0.9,0.9,1,1
1,2026-08-03 06:10:04.771033,1785737404,5456,3.14583333333332,3.14583333333332,2.45,2.45,0.81,0.81,1,1
1,2026-08-03 06:10:05.773917,1785737405,5457,3.10046296296295,3.10046296296295,2.45,2.45,0.72,0.72,1,1
1,2026-08-03 06:10:06.799833,1785737406,5458,3.06643518518517,3.06643518518517,2.45,2.45,0.63,0.63,1,1
1,2026-08-03 06:10:07.850727,1785737407,5459,3.0210648148148,3.0210648148148,2.45,2.45,0.54,0.54,1,1
1,2026-08-03 06:10:09.069251,1785737409,5460,3.606,3.606,2.45,2.45,0.45,0.45,1,1
1,2026-08-03 06:10:10.154204,1785737410,5461,2.93032407407406,2.93032407407406,2.45,2.45,0.36,0.36,1,1
1,2026-08-03 06:10:11.155580,1785737411,5462,2.88495370370369,2.88495370370369,2.45,2.45,0.27,0.27,1,1
1,2026-08-03 06:10:12.158217,1785737412,5463,2.85092592592591,2.85092592592591,2.45,2.45,0.18,0.18,1,1
1,2026-08-03 06:10:13.166612,1785737413,5464,1.402,1.402,2.45,2.45,0.09,0.09,1,1
1,2026-08-03 06:10:14.281304,1785737414,5465,2.77152777777776,2.77152777777776,2.45,2.45,0.9,0.9,1,1
1,2026-08-03 06:10:15.291222,1785737415,5466,2.72615740740739,2.72615740740739,2.45,2.45,0.81,0.81,1,1
1,2026-08-03 06:10:16.354878,1785737416,5467,2.68078703703702,2.68078703703702,2.45,2.45,0.72,0.72,1,1
1,2026-08-03 06:10:17.356524,1785737417,5468,2.63541666666665,2.63541666666665,2.45,2.45,0.63,0.63,1,1
1,2026-08-03 06:10:18.358910,1785737418,5469,2.61273148148146,2.61273148148146,2.45,2.45,0.54,0.54,1,1
1,2026-08-03 06:10:19.892785,1785737419,5470,2.56736111111109,2.56736111111109,2.45,2.45,0.45,0.45,1,1
1,2026-08-03 06:10:20.894371,1785737420,5471,2.52199074074072,2.52199074074072,2.45,2.45,0.36,0.36,1,1
1,2026-08-03 06:10:21.897219,1785737421,5472,2.47662037037035,2.47662037037035,2.45,2.45,0.27,0.27,1,1
1,2026-08-03 06:10:22.910859,1785737422,5473,1.953,1.953,2.45,2.45,0.18,0.18,1,1
1,2026-08-03 06:10:23.913468,1785737423,5474,2.3972222222222,2.3972222222222,2.45,2.45,0.09,0.09,1,1
1,2026-08-03 06:10:24.949228,1785737424,5475,2.35185185185183,2.35185185185183,2.45,2.45,0.9,0.9,1,1
1,2026-08-03 06:10:25.959853,1785737425,5476,2.30648148148146,2.30648148148146,2.45,2.45,0.81,0.81,1,1
1,2026-08-03 06:10:26.970166,1785737426,5477,2.26111111111109,2.26111111111109,2.45,2.45,0.72,0.72,1,1
1,2026-08-03 06:10:27.985580,1785737427,5478,4.708,4.708,2.45,2.45,0.63,0.63,1,1
1,2026-08-03 06:10:28.994178,1785737428,5479,2.18171296296294,2.18171296296294,2.45,2.45,0.54,0.54,1,1
1,2026-08-03 06:10:30.005457,1785737430,5480,2.13634259259257,2.13634259259257,2.45,2.45,0.45,0.45,1,1
1,2026-08-03 06:10:31.007887,1785737431,5481,2.0909722222222,2.0909722222222,2.45,2.45,0.36,0.36,1,1
1,2026-08-03 06:10:32.045186,1785737432,5482,2.504,2.504,2.45,2.45,0.27,0.27,1,1
1,2026-08-03 06:10:33.056891,1785737433,5483,2.01157407407405,2.01157407407405,2.45,2.45,0.18,0.18,1,1
1,2026-08-03 06:10:34.062268,1785737434,5484,1.96620370370368,1.96620370370368,2.45,2.45,0.09,0.09,1,1
1,2026-08-03 06:10:35.063451,1785737435,5485,1.92083333333331,1.92083333333331,2.45,2.45,0.9,0.9,1,1
1,2026-08-03 06:10:36.064291,1785737436,5486,5.81,5.81,2.45,2.45,0.81,0.81,1,1
1,2026-08-03 06:10:37.076259,1785737437,5487,5.259,5.259,2.45,2.45,0.72,0.72,1,1
1,2026-08-03 06:10:38.087064,1785737438,5488,1.79606481481479,1.79606481481479,2.45,2.45,0.63,0.63,1,1
1,2026-08-03 06:10:39.127332,1785737439,5489,1.75069444444442,1.75069444444442,2.45,2.45,0.54,0.54,1,1
1,2026-08-03 06:10:40.131550,1785737440,5490,3.606,3.606,2.45,2.45,0.45,0.45,1,1
1,2026-08-03 06:10:41.145989,1785737441,5491,3.055,3.055,2.45,2.45,0.36,0.36,1,1
1,2026-08-03 06:10:42.178271,1785737442,5492,2.504,2.504,2.45,2.45,0.27,0.27,1,1
1,2026-08-03 06:10:43.187258,1785737443,5493,1.59189814814812,1.59189814814812,2.45,2.45,0.18,0.18,1,1
1,2026-08-03 06:10:44.210908,1785737444,5494,1.402,1.402,2.45,2.45,0.09,0.09,1,1
1,2026-08-03 06:10:45.223918,1785737445,5495,0.851,0.851,2.45,2.45,0.9,0.9,1,1
1,2026-08-03 06:10:46.228682,1785737446,5496,1.4671296296296,1.4671296296296,2.45,2.45,0.81,0.81,1,1
1,2026-08-03 06:10:47.230376,1785737447,5497,1.42175925925923,1.42175925925923,2.45,2.45,0.81,0.81,1,1
1,2026-08-03 06:10:48.231939,1785737448,5498,4.708,4.708,2.45,2.45,0.72,0.72,1,1
1,2026-08-03 06:10:49.234100,1785737449,5499,1.34236111111108,1.34236111111108,2.45,2.45,0.63,0.63,1,1
1,2026-08-03 06:10:50.243591,1785737450,5500,1.29699074074071,1.29699074074071,2.45,2.45,0.54,0.54,1,1
1,2026-08-03 06:10:51.245704,1785737451,5501,3.055,3.055,2.45,2.45,0.45,0.45,1,1
1,2026-08-03 06:10:52.774987,1785737452,5502,1.21759259259256,1.21759259259256,2.45,2.45,0.36,0.36,1,1
1,2026-08-03 06:10:53.813249,1785737453,5503,1.953,1.953,2.45,2.45,0.27,0.27,1,1
1,2026-08-03 06:10:54.814731,1785737454,5504,1.402,1.402,2.45,2.45,0.18,0.18,1,1
1,2026-08-03 06:10:55.832454,1785737455,5505,0.851,0.851,2.45,2.45,0.09,0.09,1,1
1,2026-08-03 06:10:56.912741,1785737456,5506,1.04745370370367,1.04745370370367,2.45,2.45,0.9,0.9,1,1
1,2026-08-03 06:10:57.961453,1785737457,5507,1.0020833333333,1.0020833333333,2.45,2.45,0.81,0.81,1,1
1,2026-08-03 06:10:58.965346,1785737458,5508,4.708,4.708,2.45,2.45,0.72,0.72,1,1
1,2026-08-03 06:10:59.976977,1785737459,5509,0.922685185185148,0.922685185185148,2.45,2.45,0.63,0.63,1,1
1,2026-08-03 06:11:00.996154,1785737460,5510,3.606,3.606,2.45,2.45,0.54,0.54,1,1
1,2026-08-03 06:11:02.039564,1785737462,5511,0.843287037037,0.843287037037,2.45,2.45,0.45,0.45,1,1
1,2026-08-03 06:11:03.060387,1785737463,5512,0.79791666666663,0.79791666666663,2.45,2.45,0.36,0.36,1,1
1,2026-08-03 06:11:04.061914,1785737464,5513,0.75254629629626,0.75254629629626,2.45,2.45,0.27,0.27,1,1
1,2026-08-03 06:11:05.064391,1785737465,5514,1.402,1.402,2.45,2.45,0.18,0.18,1,1
1,2026-08-03 06:11:06.071415,1785737466,5515,0.673148148148111,0.673148148148111,2.45,2.45,0.09,0.09,1,1
1,2026-08-03 06:11:07.078027,1785737467,5516,0.627777777777741,0.627777777777741,2.45,2.45,0.9,0.9,1,1
1,2026-08-03 06:11:08.083307,1785737468,5517,0.582407407407371,0.582407407407371,2.45,2.45,0.81,0.81,1,1
1,2026-08-03 06:11:09.100060,1785737469,5518,4.708,4.708,2.45,2.45,0.72,0.72,1,1
1,2026-08-03 06:11:10.111344,1785737470,5519,4.157,4.157,2.45,2.45,0.63,0.63,1,1
1,2026-08-03 06:11:11.116768,1785737471,5520,0.457638888888852,0.457638888888852,2.45,2.45,0.54,0.54,1,1
1,2026-08-03 06:11:12.124922,1785737472,5521,0.412268518518482,0.412268518518482,2.45,2.45,0.45,0.45,1,1
1,2026-08-03 06:11:13.126243,1785737473,5522,2.504,2.504,2.45,2.45,0.36,0.36,1,1
1,2026-08-03 06:11:14.136856,1785737474,5523,1.953,1.953,2.45,2.45,0.27,0.27,1,1
1,2026-08-03 06:11:15.147701,1785737475,5524,1.402,1.402,2.45,2.45,0.18,0.18,1,1
1,2026-08-03 06:11:16.155291,1785737476,5525,0.851,0.851,2.45,2.45,0.09,0.09,1,1
1,2026-08-03 06:11:17.177341,1785737477,5526,5.81,5.81,2.45,2.45,0.9,0.9,1,1
1,2026-08-03 06:11:18.184790,1785737478,5527,5.76597222222222,5.76597222222222,2.45,2.45,0.81,0.81,1,1
1,2026-08-03 06:11:19.221249,1785737479,5528,4.708,4.708,2.45,2.45,0.72,0.72,1,1
1,2026-08-03 06:11:20.230892,1785737480,5529,4.157,4.157,2.45,2.45,0.63,0.63,1,1
1,2026-08-03 06:11:21.238093,1785737481,5530,3.606,3.606,2.45,2.45,0.54,0.54,1,1
1,2026-08-03 06:11:22.249926,1785737482,5531,3.055,3.055,2.45,2.45,0.45,0.45,1,1
1,2026-08-03 06:11:23.253153,1785737483,5532,5.55046296296297,5.55046296296297,2.45,2.45,0.36,0.36,1,1
1,2026-08-03 06:11:24.254367,1785737484,5533,1.953,1.953,2.45,2.45,0.27,0.27,1,1
1,2026-08-03 06:11:25.811396,1785737485,5534,1.402,1.402,2.45,2.45,0.18,0.18,1,1
1,2026-08-03 06:11:26.821065,1785737486,5535,0.851,0.851,2.45,2.45,0.09,0.09,1,1
1,2026-08-03 06:11:27.837098,1785737487,5536,5.38032407407409,5.38032407407409,2.45,2.45,0.9,0.9,1,1
1,2026-08-03 06:11:28.859284,1785737488,5537,5.259,5.259,2.45,2.45,0.81,0.81,1,1
1,2026-08-03 06:11:29.881715,1785737489,5538,4.708,4.708,2.45,2.45,0.72,0.72,1,1
1,2026-08-03 06:11:30.899349,1785737490,5539,4.157,4.157,2.45,2.45,0.63,0.63,1,1
1,2026-08-03 06:11:31.909183,1785737491,5540,3.606,3.606,2.45,2.45,0.54,0.54,1,1
1,2026-08-03 06:11:32.949408,1785737492,5541,3.055,3.055,2.45,2.45,0.45,0.45,1,1
1,2026-08-03 06:11:33.958449,1785737493,5542,2.504,2.504,2.45,2.45,0.36,0.36,1,1
1,2026-08-03 06:11:34.974315,1785737494,5543,5.08541666666668,5.08541666666668,2.45,2.45,0.27,0.27,1,1
1,2026-08-03 06:11:35.989332,1785737495,5544,1.402,1.402,2.45,2.45,0.18,0.18,1,1
1,2026-08-03 06:11:37.014686,1785737497,5545,0.851,0.851,2.45,2.45,0.09,0.09,1,1
1,2026-08-03 06:11:38.021635,1785737498,5546,5.81,5.81,2.45,2.45,0.9,0.9,1,1
1,2026-08-03 06:11:39.034064,1785737499,5547,5.259,5.259,2.45,2.45,0.81,0.81,1,1
1,2026-08-03 06:11:40.050292,1785737500,5548,4.708,4.708,2.45,2.45,0.72,0.72,1,1
1,2026-08-03 06:11:41.075360,1785737501,5549,4.157,4.157,2.45,2.45,0.63,0.63,1,1
1,2026-08-03 06:11:42.079802,1785737502,5550,3.606,3.606,2.45,2.45,0.54,0.54,1,1
1,2026-08-03 06:11:43.091228,1785737503,5551,3.055,3.055,2.45,2.45,0.45,0.45,1,1
1,2026-08-03 06:11:44.124094,1785737504,5552,2.504,2.504,2.45,2.45,0.36,0.36,1,1
1,2026-08-03 06:11:45.138941,1785737505,5553,1.953,1.953,2.45,2.45,0.27,0.27,1,1
1,2026-08-03 06:11:46.161350,1785737506,5554,1.402,1.402,2.45,2.45,0.18,0.18,1,1
1,2026-08-03 06:11:47.195882,1785737507,5555,0.851,0.851,2.45,2.45,0.09,0.09,1,1
1,2026-08-03 06:11:48.198407,1785737508,5556,5.81,5.81,2.45,2.45,0.9,0.9,1,1
1,2026-08-03 06:11:49.235395,1785737509,5557,5.259,5.259,2.45,2.45,0.81,0.81,1,1
1,2026-08-03 06:11:50.290385,1785737510,5558,4.4388888888889,4.4388888888889,2.45,2.45,0.72,0.72,1,1
1,2026-08-03 06:11:51.293177,1785737511,5559,4.157,4.157,2.45,2.45,0.63,0.63,1,1
1,2026-08-03 06:11:52.332156,1785737512,5560,3.606,3.606,2.45,2.45,0.54,0.54,1,1
1,2026-08-03 06:11:53.406908,1785737513,5561,3.055,3.055,2.45,2.45,0.45,0.45,1,1
1,2026-08-03 06:11:54.430259,1785737514,5562,2.504,2.504,2.45,2.45,0.36,0.36,1,1
1,2026-08-03 06:11:55.444726,1785737515,5563,1.953,1.953,2.45,2.45,0.27,0.27,1,1
1,2026-08-03 06:11:56.446524,1785737516,5564,1.402,1.402,2.45,2.45,0.18,0.18,1,1
1,2026-08-03 06:11:57.448257,1785737517,5565,4.14398148148148,4.14398148148148,2.45,2.45,0.09,0.09,1,1
1,2026-08-03 06:11:58.980011,1785737518,5566,4.09861111111111,4.09861111111111,2.45,2.45,0.9,0.9,1,1
1,2026-08-03 06:11:59.984179,1785737519,5567,4.05324074074074,4.05324074074074,2.45,2.45,0.81,0.81,1,1
1,2026-08-03 06:12:01.025700,1785737521,5568,4.01921296296296,4.01921296296296,2.45,2.45,0.72,0.72,1,1
1,2026-08-03 06:12:02.026786,1785737522,5569,3.97384259259259,3.97384259259259,2.45,2.45,0.63,0.63,1,1
1,2026-08-03 06:12:03.031907,1785737523,5570,3.92847222222222,3.92847222222222,2.45,2.45,0.54,0.54,1,1
1,2026-08-03 06:12:04.043699,1785737524,5571,3.88310185185185,3.88310185185185,2.45,2.45,0.45,0.45,1,1
1,2026-08-03 06:12:05.076292,1785737525,5572,3.84907407407407,3.84907407407407,2.45,2.45,0.36,0.36,1,1
1,2026-08-03 06:12:06.084092,1785737526,5573,3.8037037037037,3.8037037037037,2.45,2.45,0.27,0.27,1,1
1,2026-08-03 06:12:07.100910,1785737527,5574,3.75833333333333,3.75833333333333,2.45,2.45,0.18,0.18,1,1
1,2026-08-03 06:12:08.140623,1785737528,5575,3.71296296296296,3.71296296296296,2.45,2.45,0.09,0.09,1,1
1,2026-08-03 06:12:09.198198,1785737529,5576,3.67893518518518,3.67893518518518,2.45,2.45,0.9,0.9,1,1
1,2026-08-03 06:12:10.201299,1785737530,5577,3.63356481481481,3.63356481481481,2.45,2.45,0.81,0.81,1,1
1,2026-08-03 06:12:11.218736,1785737531,5578,3.58819444444444,3.58819444444444,2.45,2.45,0.72,0.72,1,1
1,2026-08-03 06:12:12.222120,1785737532,5579,3.54282407407407,3.54282407407407,2.45,2.45,0.63,0.63,1,1
1,2026-08-03 06:12:13.225716,1785737533,5580,3.4974537037037,3.4974537037037,2.45,2.45,0.54,0.54,1,1
1,2026-08-03 06:12:14.230634,1785737534,5581,3.46342592592592,3.46342592592592,2.45,2.45,0.45,0.45,1,1
1,2026-08-03 06:12:15.237882,1785737535,5582,3.41805555555555,3.41805555555555,2.45,2.45,0.36,0.36,1,1
1,2026-08-03 06:12:16.241898,1785737536,5583,3.37268518518518,3.37268518518518,2.45,2.45,0.27,0.27,1,1
1,2026-08-03 06:12:17.243734,1785737537,5584,3.32731481481481,3.32731481481481,2.45,2.45,0.18,0.18,1,1
1,2026-08-03 06:12:18.246299,1785737538,5585,3.29328703703703,3.29328703703703,2.45,2.45,0.09,0.09,1,1
1,2026-08-03 06:12:19.257521,1785737539,5586,3.24791666666666,3.24791666666666,2.45,2.45,0.9,0.9,1,1
1,2026-08-03 06:12:20.258528,1785737540,5587,3.20254629629629,3.20254629629629,2.45,2.45,0.81,0.81,1,1
1,2026-08-03 06:12:21.261749,1785737541,5588,3.16851851851851,3.16851851851851,2.45,2.45,0.72,0.72,1,1
1,2026-08-03 06:12:22.265584,1785737542,5589,3.12314814814814,3.12314814814814,2.45,2.45,0.63,0.63,1,1
1,2026-08-03 06:12:23.276864,1785737543,5590,3.07777777777777,3.07777777777777,2.45,2.45,0.54,0.54,1,1
1,2026-08-03 06:12:24.281679,1785737544,5591,3.0324074074074,3.0324074074074,2.45,2.45,0.45,0.45,1,1
1,2026-08-03 06:12:25.289832,1785737545,5592,2.99837962962962,2.99837962962962,2.45,2.45,0.36,0.36,1,1
1,2026-08-03 06:12:26.299722,1785737546,5593,2.95300925925925,2.95300925925925,2.45,2.45,0.27,0.27,1,1
1,2026-08-03 06:12:27.302997,1785737547,5594,2.90763888888888,2.90763888888888,2.45,2.45,0.18,0.18,1,1
1,2026-08-03 06:12:28.313905,1785737548,5595,2.8622685185185,2.8622685185185,2.45,2.45,0.09,0.09,1,1
1,2026-08-03 06:12:29.334827,1785737549,5596,2.82824074074073,2.82824074074073,2.45,2.45,0.9,0.9,1,1
1,2026-08-03 06:12:30.340096,1785737550,5597,2.78287037037036,2.78287037037036,2.45,2.45,0.81,0.81,1,1
1,2026-08-03 06:12:31.859439,1785737551,5598,2.73749999999998,2.73749999999998,2.45,2.45,0.72,0.72,1,1
1,2026-08-03 06:12:32.863833,1785737552,5599,2.70347222222221,2.70347222222221,2.45,2.45,0.63,0.63,1,1
1,2026-08-03 06:12:33.914663,1785737553,5600,2.65810185185184,2.65810185185184,2.45,2.45,0.54,0.54,1,1
1,2026-08-03 06:12:34.922147,1785737554,5601,2.61273148148146,2.61273148148146,2.45,2.45,0.45,0.45,1,1
1,2026-08-03 06:12:35.930398,1785737555,5602,2.56736111111109,2.56736111111109,2.45,2.45,0.36,0.36,1,1
1,2026-08-03 06:12:36.935114,1785737556,5603,2.53333333333332,2.53333333333332,2.45,2.45,0.27,0.27,1,1
1,2026-08-03 06:12:37.938316,1785737557,5604,2.48796296296294,2.48796296296294,2.45,2.45,0.18,0.18,1,1
1,2026-08-03 06:12:38.949270,1785737558,5605,2.44259259259257,2.44259259259257,2.45,2.45,0.09,0.09,1,1
1,2026-08-03 06:12:39.966403,1785737559,5606,2.4085648148148,2.4085648148148,2.45,2.45,0.9,0.9,1,1
1,2026-08-03 06:12:40.973003,1785737560,5607,2.36319444444442,2.36319444444442,2.45,2.45,0.81,0.81,1,1
1,2026-08-03 06:12:41.980103,1785737561,5608,2.31782407407405,2.31782407407405,2.45,2.45,0.72,0.72,1,1
1,2026-08-03 06:12:42.991643,1785737562,5609,2.27245370370368,2.27245370370368,2.45,2.45,0.63,0.63,1,1
1,2026-08-03 06:12:43.996102,1785737563,5610,2.2384259259259,2.2384259259259,2.45,2.45,0.54,0.54,1,1
1,2026-08-03 06:12:45.008895,1785737565,5611,2.19305555555553,2.19305555555553,2.45,2.45,0.45,0.45,1,1
1,2026-08-03 06:12:46.013051,1785737566,5612,2.14768518518516,2.14768518518516,2.45,2.45,0.36,0.36,1,1
1,2026-08-03 06:12:47.035738,1785737567,5613,2.10231481481479,2.10231481481479,2.45,2.45,0.27,0.27,1,1
1,2026-08-03 06:12:48.040304,1785737568,5614,2.06828703703701,2.06828703703701,2.45,2.45,0.18,0.18,1,1
1,2026-08-03 06:12:49.052279,1785737569,5615,2.02291666666664,2.02291666666664,2.45,2.45,0.09,0.09,1,1
1,2026-08-03 06:12:50.058888,1785737570,5616,1.97754629629627,1.97754629629627,2.45,2.45,0.9,0.9,1,1
1,2026-08-03 06:12:51.065361,1785737571,5617,1.9321759259259,1.9321759259259,2.45,2.45,0.81,0.81,1,1
1,2026-08-03 06:12:52.066373,1785737572,5618,1.89814814814812,1.89814814814812,2.45,2.45,0.72,0.72,1,1
1,2026-08-03 06:12:53.069405,1785737573,5619,1.85277777777775,1.85277777777775,2.45,2.45,0.63,0.63,1,1
1,2026-08-03 06:12:54.076166,1785737574,5620,1.80740740740738,1.80740740740738,2.45,2.45,0.54,0.54,1,1
1,2026-08-03 06:12:55.094071,1785737575,5621,1.76203703703701,1.76203703703701,2.45,2.45,0.45,0.45,1,1
1,2026-08-03 06:12:56.100590,1785737576,5622,1.72800925925923,1.72800925925923,2.45,2.45,0.36,0.36,1,1
1,2026-08-03 06:12:57.115285,1785737577,5623,1.68263888888886,1.68263888888886,2.45,2.45,0.27,0.27,1,1
1,2026-08-03 06:12:58.122874,1785737578,5624,1.63726851851849,1.63726851851849,2.45,2.45,0.18,0.18,1,1
1,2026-08-03 06:12:59.130459,1785737579,5625,1.59189814814812,1.59189814814812,2.45,2.45,0.09,0.09,1,1
1,2026-08-03 06:13:00.160318,1785737580,5626,1.55787037037034,1.55787037037034,2.45,2.45,0.9,0.9,1,1
1,2026-08-03 06:13:01.166374,1785737581,5627,1.51249999999997,1.51249999999997,2.45,2.45,0.81,0.81,1,1
1,2026-08-03 06:13:02.168130,1785737582,5628,1.47847222222219,1.47847222222219,2.45,2.45,0.72,0.72,1,1
1,2026-08-03 06:13:03.170159,1785737583,5629,1.43310185185182,1.43310185185182,2.45,2.45,0.63,0.63,1,1
1,2026-08-03 06:13:04.699821,1785737584,5630,1.39907407407404,1.39907407407404,2.45,2.45,0.54,0.54,1,1
1,2026-08-03 06:13:05.701715,1785737585,5631,1.35370370370367,1.35370370370367,2.45,2.45,0.45,0.45,1,1
1,2026-08-03 06:13:06.706893,1785737586,5632,1.3083333333333,1.3083333333333,2.45,2.45,0.36,0.36,1,1
1,2026-08-03 06:13:07.718282,1785737587,5633,1.26296296296293,1.26296296296293,2.45,2.45,0.27,0.27,1,1
1,2026-08-03 06:13:08.721305,1785737588,5634,1.953,1.953,2.45,2.45,0.18,0.18,1,1
1,2026-08-03 06:13:09.726021,1785737589,5635,1.402,1.402,2.45,2.45,0.09,0.09,1,1
1,2026-08-03 06:13:10.738579,1785737590,5636,1.13819444444441,1.13819444444441,2.45,2.45,0.9,0.9,1,1
1,2026-08-03 06:13:11.748721,1785737591,5637,1.09282407407404,1.09282407407404,2.45,2.45,0.81,0.81,1,1
1,2026-08-03 06:13:12.751713,1785737592,5638,5.259,5.259,2.45,2.45,0.72,0.72,1,1
1,2026-08-03 06:13:13.765173,1785737593,5639,4.708,4.708,2.45,2.45,0.63,0.63,1,1
1,2026-08-03 06:13:14.771086,1785737594,5640,0.968055555555519,0.968055555555519,2.45,2.45,0.54,0.54,1,1
1,2026-08-03 06:13:15.773964,1785737595,5641,3.606,3.606,2.45,2.45,0.45,0.45,1,1
1,2026-08-03 06:13:16.783846,1785737596,5642,3.055,3.055,2.45,2.45,0.36,0.36,1,1
1,2026-08-03 06:13:17.785110,1785737597,5643,0.854629629629593,0.854629629629593,2.45,2.45,0.27,0.27,1,1
1,2026-08-03 06:13:18.787122,1785737598,5644,0.809259259259222,0.809259259259222,2.45,2.45,0.18,0.18,1,1
1,2026-08-03 06:13:19.807628,1785737599,5645,0.775231481481445,0.775231481481445,2.45,2.45,0.09,0.09,1,1
1,2026-08-03 06:13:20.844478,1785737600,5646,0.851,0.851,2.45,2.45,0.9,0.9,1,1
1,2026-08-03 06:13:21.846775,1785737601,5647,0.684490740740704,0.684490740740704,2.45,2.45,0.81,0.81,1,1
1,2026-08-03 06:13:22.856391,1785737602,5648,0.639120370370334,0.639120370370334,2.45,2.45,0.72,0.72,1,1
1,2026-08-03 06:13:23.882505,1785737603,5649,4.708,4.708,2.45,2.45,0.63,0.63,1,1
1,2026-08-03 06:13:24.892246,1785737604,5650,0.548379629629593,0.548379629629593,2.45,2.45,0.54,0.54,1,1
1,2026-08-03 06:13:25.916571,1785737605,5651,3.606,3.606,2.45,2.45,0.45,0.45,1,1
1,2026-08-03 06:13:26.924411,1785737606,5652,0.468981481481445,0.468981481481445,2.45,2.45,0.36,0.36,1,1
1,2026-08-03 06:13:27.972123,1785737607,5653,2.504,2.504,2.45,2.45,0.27,0.27,1,1
1,2026-08-03 06:13:28.983257,1785737608,5654,1.953,1.953,2.45,2.45,0.18,0.18,1,1
1,2026-08-03 06:13:29.994344,1785737609,5655,1.402,1.402,2.45,2.45,0.09,0.09,1,1
1,2026-08-03 06:13:31.005161,1785737611,5656,0.851,0.851,2.45,2.45,0.09,0.09,1,1
1,2026-08-03 06:13:32.044272,1785737612,5657,5.81,5.81,2.45,2.45,0.81,0.81,1,1
1,2026-08-03 06:13:33.046743,1785737613,5658,5.259,5.259,2.45,2.45,0.81,0.81,1,1
1,2026-08-03 06:13:34.069245,1785737614,5659,4.708,4.708,2.45,2.45,0.72,0.72,1,1
1,2026-08-03 06:13:35.090062,1785737615,5660,4.157,4.157,2.45,2.45,0.54,0.54,1,1
1,2026-08-03 06:13:36.109546,1785737616,5661,5.68657407407408,5.68657407407408,2.45,2.45,0.45,0.45,1,1
1,2026-08-03 06:13:37.665611,1785737617,5662,5.64120370370371,5.64120370370371,2.45,2.45,0.36,0.36,1,1
1,2026-08-03 06:13:38.666619,1785737618,5663,2.504,2.504,2.45,2.45,0.27,0.27,1,1
1,2026-08-03 06:13:39.694256,1785737619,5664,1.953,1.953,2.45,2.45,0.18,0.18,1,1
1,2026-08-03 06:13:40.699825,1785737620,5665,1.402,1.402,2.45,2.45,0.09,0.09,1,1
1,2026-08-03 06:13:41.706263,1785737621,5666,5.48240740740742,5.48240740740742,2.45,2.45,0.9,0.9,1,1
1,2026-08-03 06:13:42.734624,1785737622,5667,5.43703703703705,5.43703703703705,2.45,2.45,0.81,0.81,1,1
1,2026-08-03 06:13:43.765515,1785737623,5668,5.259,5.259,2.45,2.45,0.72,0.72,1,1
1,2026-08-03 06:13:44.822548,1785737624,5669,5.34629629629631,5.34629629629631,2.45,2.45,0.63,0.63,1,1
1,2026-08-03 06:13:45.832946,1785737625,5670,4.157,4.157,2.45,2.45,0.54,0.54,1,1
1,2026-08-03 06:13:46.840952,1785737626,5671,3.606,3.606,2.45,2.45,0.45,0.45,1,1
1,2026-08-03 06:13:47.843951,1785737627,5672,3.055,3.055,2.45,2.45,0.36,0.36,1,1
1,2026-08-03 06:13:48.851267,1785737628,5673,5.18750000000002,5.18750000000002,2.45,2.45,0.27,0.27,1,1
1,2026-08-03 06:13:49.898933,1785737629,5674,1.953,1.953,2.45,2.45,0.18,0.18,1,1
1,2026-08-03 06:13:50.908164,1785737630,5675,5.09675925925927,5.09675925925927,2.45,2.45,0.09,0.09,1,1
1,2026-08-03 06:13:51.953157,1785737631,5676,0.851,0.851,2.45,2.45,0.9,0.9,1,1
1,2026-08-03 06:13:52.956294,1785737632,5677,5.00601851851853,5.00601851851853,2.45,2.45,0.81,0.81,1,1
1,2026-08-03 06:13:53.999524,1785737633,5678,4.97199074074075,4.97199074074075,2.45,2.45,0.72,0.72,1,1
1,2026-08-03 06:13:55.002610,1785737635,5679,4.708,4.708,2.45,2.45,0.72,0.72,1,1
1,2026-08-03 06:13:56.044345,1785737636,5680,4.157,4.157,2.45,2.45,0.54,0.54,1,1
1,2026-08-03 06:13:57.047170,1785737637,5681,3.606,3.606,2.45,2.45,0.54,0.54,1,1
1,2026-08-03 06:13:58.069389,1785737638,5682,3.055,3.055,2.45,2.45,0.45,0.45,1,1
1,2026-08-03 06:13:59.111517,1785737639,5683,4.75648148148149,4.75648148148149,2.45,2.45,0.27,0.27,1,1
1,2026-08-03 06:14:00.123520,1785737640,5684,1.953,1.953,2.45,2.45,0.18,0.18,1,1
1,2026-08-03 06:14:01.126565,1785737641,5685,1.402,1.402,2.45,2.45,0.09,0.09,1,1
1,2026-08-03 06:14:02.208220,1785737642,5686,0.851,0.851,2.45,2.45,0.9,0.9,1,1
1,2026-08-03 06:14:03.219207,1785737643,5687,5.81,5.81,2.45,2.45,0.81,0.81,1,1
1,2026-08-03 06:14:04.225585,1785737644,5688,5.259,5.259,2.45,2.45,0.72,0.72,1,1
1,2026-08-03 06:14:05.233129,1785737645,5689,4.708,4.708,2.45,2.45,0.63,0.63,1,1
1,2026-08-03 06:14:06.238343,1785737646,5690,4.45023148148149,4.45023148148149,2.45,2.45,0.54,0.54,1,1
1,2026-08-03 06:14:07.244910,1785737647,5691,3.606,3.606,2.45,2.45,0.54,0.54,1,1
1,2026-08-03 06:14:08.283964,1785737648,5692,4.37083333333334,4.37083333333334,2.45,2.45,0.45,0.45,1,1
1,2026-08-03 06:14:09.299668,1785737649,5693,2.504,2.504,2.45,2.45,0.27,0.27,1,1
1,2026-08-03 06:14:10.825263,1785737650,5694,1.953,1.953,2.45,2.45,0.27,0.27,1,1
1,2026-08-03 06:14:11.851243,1785737651,5695,1.402,1.402,2.45,2.45,0.18,0.18,1,1
1,2026-08-03 06:14:12.880871,1785737652,5696,0.851,0.851,2.45,2.45,0.09,0.09,1,1
1,2026-08-03 06:14:13.882994,1785737653,5697,5.81,5.81,2.45,2.45,0.9,0.9,1,1
1,2026-08-03 06:14:14.924796,1785737654,5698,5.259,5.259,2.45,2.45,0.81,0.81,1,1
1,2026-08-03 06:14:15.960033,1785737655,5699,4.708,4.708,2.45,2.45,0.63,0.63,1,1
1,2026-08-03 06:14:16.964630,1785737656,5700,4.157,4.157,2.45,2.45,0.54,0.54,1,1
1,2026-08-03 06:14:17.996273,1785737657,5701,3.606,3.606,2.45,2.45,0.45,0.45,1,1
1,2026-08-03 06:14:18.999382,1785737658,5702,3.055,3.055,2.45,2.45,0.36,0.36,1,1
1,2026-08-03 06:14:20.004324,1785737660,5703,2.504,2.504,2.45,2.45,0.27,0.27,1,1
1,2026-08-03 06:14:21.035692,1785737661,5704,1.953,1.953,2.45,2.45,0.18,0.18,1,1
1,2026-08-03 06:14:22.062731,1785737662,5705,1.402,1.402,2.45,2.45,0.09,0.09,1,1
1,2026-08-03 06:14:23.065817,1785737663,5706,0.851,0.851,2.45,2.45,0.9,0.9,1,1
1,2026-08-03 06:14:24.076419,1785737664,5707,5.81,5.81,2.45,2.45,0.81,0.81,1,1
1,2026-08-03 06:14:25.095404,1785737665,5708,5.259,5.259,2.45,2.45,0.81,0.81,1,1
1,2026-08-03 06:14:26.122178,1785737666,5709,4.708,4.708,2.45,2.45,0.72,0.72,1,1
1,2026-08-03 06:14:27.216999,1785737667,5710,4.157,4.157,2.45,2.45,0.54,0.54,1,1
1,2026-08-03 06:14:28.218684,1785737668,5711,3.606,3.606,2.45,2.45,0.45,0.45,1,1
1,2026-08-03 06:14:29.220872,1785737669,5712,3.055,3.055,2.45,2.45,0.36,0.36,1,1
1,2026-08-03 06:14:30.233033,1785737670,5713,2.504,2.504,2.45,2.45,0.27,0.27,1,1
1,2026-08-03 06:14:31.255145,1785737671,5714,1.953,1.953,2.45,2.45,0.18,0.18,1,1
1,2026-08-03 06:14:32.258130,1785737672,5715,1.402,1.402,2.45,2.45,0.09,0.09,1,1
1,2026-08-03 06:14:33.270980,1785737673,5716,0.851,0.851,2.45,2.45,0.9,0.9,1,1
1,2026-08-03 06:14:34.308825,1785737674,5717,3.29328703703703,3.29328703703703,2.45,2.45,0.81,0.81,1,1
1,2026-08-03 06:14:35.313405,1785737675,5718,5.259,5.259,2.45,2.45,0.72,0.72,1,1
1,2026-08-03 06:14:36.326397,1785737676,5719,4.708,4.708,2.45,2.45,0.63,0.63,1,1
1,2026-08-03 06:14:37.330536,1785737677,5720,4.157,4.157,2.45,2.45,0.63,0.63,1,1
1,2026-08-03 06:14:38.376885,1785737678,5721,3.606,3.606,2.45,2.45,0.54,0.54,1,1
1,2026-08-03 06:14:39.463442,1785737679,5722,3.055,3.055,2.45,2.45,0.36,0.36,1,1
1,2026-08-03 06:14:40.465082,1785737680,5723,2.504,2.504,2.45,2.45,0.27,0.27,1,1
1,2026-08-03 06:14:41.466135,1785737681,5724,1.953,1.953,2.45,2.45,0.18,0.18,1,1
1,2026-08-03 06:14:42.499858,1785737682,5725,1.402,1.402,2.45,2.45,0.09,0.09,1,1
1,2026-08-03 06:14:44.031806,1785737684,5726,0.851,0.851,2.45,2.45,0.9,0.9,1,1
1,2026-08-03 06:14:45.033768,1785737685,5727,2.8736111111111,2.8736111111111,2.45,2.45,0.81,0.81,1,1
1,2026-08-03 06:14:46.061259,1785737686,5728,2.82824074074073,2.82824074074073,2.45,2.45,0.72,0.72,1,1
1,2026-08-03 06:14:47.073615,1785737687,5729,2.78287037037036,2.78287037037036,2.45,2.45,0.63,0.63,1,1
1,2026-08-03 06:14:48.079078,1785737688,5730,2.73749999999998,2.73749999999998,2.45,2.45,0.54,0.54,1,1
1,2026-08-03 06:14:49.130526,1785737689,5731,3.606,3.606,2.45,2.45,0.45,0.45,1,1
1,2026-08-03 06:14:50.135589,1785737690,5732,2.65810185185184,2.65810185185184,2.45,2.45,0.36,0.36,1,1
1,2026-08-03 06:14:51.255080,1785737691,5733,2.504,2.504,2.45,2.45,0.27,0.27,1,1
1,2026-08-03 06:14:52.269372,1785737692,5734,1.953,1.953,2.45,2.45,0.18,0.18,1,1
1,2026-08-03 06:14:53.272498,1785737693,5735,2.52199074074072,2.52199074074072,2.45,2.45,0.09,0.09,1,1
1,2026-08-03 06:14:54.274404,1785737694,5736,2.47662037037035,2.47662037037035,2.45,2.45,0.9,0.9,1,1
1,2026-08-03 06:14:55.278541,1785737695,5737,5.81,5.81,2.45,2.45,0.81,0.81,1,1
1,2026-08-03 06:14:56.280661,1785737696,5738,5.259,5.259,2.45,2.45,0.72,0.72,1,1
1,2026-08-03 06:14:57.284215,1785737697,5739,4.708,4.708,2.45,2.45,0.63,0.63,1,1
1,2026-08-03 06:14:58.304852,1785737698,5740,4.157,4.157,2.45,2.45,0.54,0.54,1,1
1,2026-08-03 06:14:59.309080,1785737699,5741,3.606,3.606,2.45,2.45,0.45,0.45,1,1
1,2026-08-03 06:15:00.312072,1785737700,5742,3.055,3.055,2.45,2.45,0.36,0.36,1,1
1,2026-08-03 06:15:01.415921,1785737701,5743,2.18171296296294,2.18171296296294,2.45,2.45,0.27,0.27,1,1
1,2026-08-03 06:15:02.436483,1785737702,5744,2.13634259259257,2.13634259259257,2.45,2.45,0.18,0.18,1,1
1,2026-08-03 06:15:03.442761,1785737703,5745,2.10231481481479,2.10231481481479,2.45,2.45,0.09,0.09,1,1
1,2026-08-03 06:15:04.448509,1785737704,5746,2.05694444444442,2.05694444444442,2.45,2.45,0.9,0.9,1,1
1,2026-08-03 06:15:05.455700,1785737705,5747,2.01157407407405,2.01157407407405,2.45,2.45,0.81,0.81,1,1
1,2026-08-03 06:15:06.470658,1785737706,5748,1.96620370370368,1.96620370370368,2.45,2.45,0.72,0.72,1,1
1,2026-08-03 06:15:07.483581,1785737707,5749,1.92083333333331,1.92083333333331,2.45,2.45,0.63,0.63,1,1
1,2026-08-03 06:15:08.488614,1785737708,5750,4.157,4.157,2.45,2.45,0.54,0.54,1,1
1,2026-08-03 06:15:09.499854,1785737709,5751,3.606,3.606,2.45,2.45,0.45,0.45,1,1
1,2026-08-03 06:15:10.505168,1785737710,5752,3.055,3.055,2.45,2.45,0.36,0.36,1,1
1,2026-08-03 06:15:11.544197,1785737711,5753,1.76203703703701,1.76203703703701,2.45,2.45,0.27,0.27,1,1
1,2026-08-03 06:15:12.593507,1785737712,5754,1.71666666666664,1.71666666666664,2.45,2.45,0.18,0.18,1,1
1,2026-08-03 06:15:13.596837,1785737713,5755,1.402,1.402,2.45,2.45,0.09,0.09,1,1
1,2026-08-03 06:15:14.605024,1785737714,5756,0.851,0.851,2.45,2.45,0.9,0.9,1,1
1,2026-08-03 06:15:15.607120,1785737715,5757,5.81,5.81,2.45,2.45,0.81,0.81,1,1
1,2026-08-03 06:15:17.133158,1785737717,5758,1.54652777777775,1.54652777777775,2.45,2.45,0.72,0.72,1,1
1,2026-08-03 06:15:18.187324,1785737718,5759,4.708,4.708,2.45,2.45,0.63,0.63,1,1
1,2026-08-03 06:15:19.200009,1785737719,5760,4.157,4.157,2.45,2.45,0.54,0.54,1,1
1,2026-08-03 06:15:20.205025,1785737720,5761,3.606,3.606,2.45,2.45,0.45,0.45,1,1
1,2026-08-03 06:15:21.432015,1785737721,5762,1.37638888888886,1.37638888888886,2.45,2.45,0.36,0.36,1,1
1,2026-08-03 06:15:22.447814,1785737722,5763,2.504,2.504,2.45,2.45,0.27,0.27,1,1
1,2026-08-03 06:15:23.457205,1785737723,5764,1.28564814814812,1.28564814814812,2.45,2.45,0.18,0.18,1,1
1,2026-08-03 06:15:24.474447,1785737724,5765,1.402,1.402,2.45,2.45,0.09,0.09,1,1
1,2026-08-03 06:15:25.513342,1785737725,5766,0.851,0.851,2.45,2.45,0.9,0.9,1,1
1,2026-08-03 06:15:26.583124,1785737726,5767,1.16087962962959,1.16087962962959,2.45,2.45,0.81,0.81,1,1
1,2026-08-03 06:15:27.588157,1785737727,5768,5.259,5.259,2.45,2.45,0.72,0.72,1,1
1,2026-08-03 06:15:28.651053,1785737728,5769,4.708,4.708,2.45,2.45,0.63,0.63,1,1
1,2026-08-03 06:15:29.652023,1785737729,5770,4.157,4.157,2.45,2.45,0.54,0.54,1,1
1,2026-08-03 06:15:30.719972,1785737730,5771,0.990740740740704,0.990740740740704,2.45,2.45,0.45,0.45,1,1
1,2026-08-03 06:15:31.947594,1785737731,5772,3.055,3.055,2.45,2.45,0.36,0.36,1,1
1,2026-08-03 06:15:32.958536,1785737732,5773,2.504,2.504,2.45,2.45,0.27,0.27,1,1
1,2026-08-03 06:15:34.000038,1785737734,5774,0.865972222222185,0.865972222222185,2.45,2.45,0.18,0.18,1,1
1,2026-08-03 06:15:35.012850,1785737735,5775,0.820601851851815,0.820601851851815,2.45,2.45,0.09,0.09,1,1
1,2026-08-03 06:15:36.021280,1785737736,5776,0.786574074074037,0.786574074074037,2.45,2.45,0.9,0.9,1,1
1,2026-08-03 06:15:37.088045,1785737737,5777,0.741203703703667,0.741203703703667,2.45,2.45,0.81,0.81,1,1
1,2026-08-03 06:15:38.110869,1785737738,5778,0.695833333333297,0.695833333333297,2.45,2.45,0.72,0.72,1,1
1,2026-08-03 06:15:39.117521,1785737739,5779,0.650462962962926,0.650462962962926,2.45,2.45,0.63,0.63,1,1
1,2026-08-03 06:15:40.176749,1785737740,5780,4.157,4.157,2.45,2.45,0.54,0.54,1,1
1,2026-08-03 06:15:41.207838,1785737741,5781,0.571064814814778,0.571064814814778,2.45,2.45,0.45,0.45,1,1
1,2026-08-03 06:15:42.245569,1785737742,5782,0.525694444444408,0.525694444444408,2.45,2.45,0.36,0.36,1,1
1,2026-08-03 06:15:43.253568,1785737743,5783,0.480324074074037,0.480324074074037,2.45,2.45,0.27,0.27,1,1
1,2026-08-03 06:15:44.270406,1785737744,5784,0.434953703703667,0.434953703703667,2.45,2.45,0.18,0.18,1,1
1,2026-08-03 06:15:45.329605,1785737745,5785,1.402,1.402,2.45,2.45,0.09,0.09,1,1
1,2026-08-03 06:15:46.332427,1785737746,5786,0.355555555555519,0.355555555555519,2.45,2.45,0.9,0.9,1,1
1,2026-08-03 06:15:47.357703,1785737747,5787,0.310185185185149,0.310185185185149,2.45,2.45,0.81,0.81,1,1
1,2026-08-03 06:15:48.366491,1785737748,5788,5.259,5.259,2.45,2.45,0.72,0.72,1,1
1,2026-08-03 06:15:49.899622,1785737749,5789,4.708,4.708,2.45,2.45,0.63,0.63,1,1
1,2026-08-03 06:15:50.903122,1785737750,5790,5.78865740740741,5.78865740740741,2.45,2.45,0.54,0.54,1,1
1,2026-08-03 06:15:51.913928,1785737751,5791,3.606,3.606,2.45,2.45,0.45,0.45,1,1
1,2026-08-03 06:15:52.916104,1785737752,5792,3.055,3.055,2.45,2.45,0.36,0.36,1,1
1,2026-08-03 06:15:53.952983,1785737753,5793,2.504,2.504,2.45,2.45,0.27,0.27,1,1
1,2026-08-03 06:15:54.988855,1785737754,5794,5.61851851851852,5.61851851851852,2.45,2.45,0.18,0.18,1,1
1,2026-08-03 06:15:55.999689,1785737755,5795,1.402,1.402,2.45,2.45,0.09,0.09,1,1
1,2026-08-03 06:15:57.032621,1785737757,5796,0.851,0.851,2.45,2.45,0.9,0.9,1,1
1,2026-08-03 06:15:58.111549,1785737758,5797,5.81,5.81,2.45,2.45,0.81,0.81,1,1
1,2026-08-03 06:15:59.145450,1785737759,5798,5.259,5.259,2.45,2.45,0.72,0.72,1,1
1,2026-08-03 06:16:00.230263,1785737760,5799,5.40300925925927,5.40300925925927,2.45,2.45,0.63,0.63,1,1
1,2026-08-03 06:16:01.240571,1785737761,5800,4.157,4.157,2.45,2.45,0.54,0.54,1,1
1,2026-08-03 06:16:02.250363,1785737762,5801,3.606,3.606,2.45,2.45,0.45,0.45,1,1
1,2026-08-03 06:16:03.326782,1785737763,5802,3.055,3.055,2.45,2.45,0.36,0.36,1,1
1,2026-08-03 06:16:04.335206,1785737764,5803,5.22152777777779,5.22152777777779,2.45,2.45,0.27,0.27,1,1
1,2026-08-03 06:16:05.357739,1785737765,5804,1.953,1.953,2.45,2.45,0.18,0.18,1,1
1,2026-08-03 06:16:06.459453,1785737766,5805,1.402,1.402,2.45,2.45,0.09,0.09,1,1
1,2026-08-03 06:16:07.464521,1785737767,5806,0.851,0.851,2.45,2.45,0.9,0.9,1,1
1,2026-08-03 06:16:08.465767,1785737768,5807,5.81,5.81,2.45,2.45,0.81,0.81,1,1
1,2026-08-03 06:16:09.481958,1785737769,5808,5.259,5.259,2.45,2.45,0.72,0.72,1,1
1,2026-08-03 06:16:10.494906,1785737770,5809,4.708,4.708,2.45,2.45,0.63,0.63,1,1
1,2026-08-03 06:16:11.508504,1785737771,5810,4.157,4.157,2.45,2.45,0.54,0.54,1,1
1,2026-08-03 06:16:12.509780,1785737772,5811,3.606,3.606,2.45,2.45,0.45,0.45,1,1
1,2026-08-03 06:16:13.541875,1785737773,5812,3.055,3.055,2.45,2.45,0.36,0.36,1,1
1,2026-08-03 06:16:14.575854,1785737774,5813,2.504,2.504,2.45,2.45,0.27,0.27,1,1
1,2026-08-03 06:16:15.700025,1785737775,5814,4.76782407407408,4.76782407407408,2.45,2.45,0.18,0.18,1,1
1,2026-08-03 06:16:16.701760,1785737776,5815,1.402,1.402,2.45,2.45,0.09,0.09,1,1
1,2026-08-03 06:16:17.716239,1785737777,5816,0.851,0.851,2.45,2.45,0.9,0.9,1,1
1,2026-08-03 06:16:18.776405,1785737778,5817,4.65439814814816,4.65439814814816,2.45,2.45,0.81,0.81,1,1
1,2026-08-03 06:16:19.881375,1785737779,5818,4.62037037037038,4.62037037037038,2.45,2.45,0.72,0.72,1,1
1,2026-08-03 06:16:20.940589,1785737780,5819,4.708,4.708,2.45,2.45,0.63,0.63,1,1
1,2026-08-03 06:16:22.030980,1785737782,5820,4.157,4.157,2.45,2.45,0.54,0.54,1,1
1,2026-08-03 06:16:23.551351,1785737783,5821,4.48425925925927,4.48425925925927,2.45,2.45,0.45,0.45,1,1
1,2026-08-03 06:16:24.583006,1785737784,5822,3.055,3.055,2.45,2.45,0.36,0.36,1,1
1,2026-08-03 06:16:25.628491,1785737785,5823,2.504,2.504,2.45,2.45,0.27,0.27,1,1
1,2026-08-03 06:16:26.679146,1785737786,5824,1.953,1.953,2.45,2.45,0.18,0.18,1,1
1,2026-08-03 06:16:27.681003,1785737787,5825,4.31412037037038,4.31412037037038,2.45,2.45,0.09,0.09,1,1
1,2026-08-03 06:16:28.683012,1785737788,5826,4.26875,4.26875,2.45,2.45,0.9,0.9,1,1
1,2026-08-03 06:16:29.685148,1785737789,5827,5.81,5.81,2.45,2.45,0.81,0.81,1,1
1,2026-08-03 06:16:30.687394,1785737790,5828,5.259,5.259,2.45,2.45,0.72,0.72,1,1
1,2026-08-03 06:16:31.701068,1785737791,5829,4.708,4.708,2.45,2.45,0.63,0.63,1,1
1,2026-08-03 06:16:32.707672,1785737792,5830,4.157,4.157,2.45,2.45,0.54,0.54,1,1
1,2026-08-03 06:16:33.716774,1785737793,5831,4.06458333333333,4.06458333333333,2.45,2.45,0.45,0.45,1,1
1,2026-08-03 06:16:34.721511,1785737794,5832,4.03055555555556,4.03055555555556,2.45,2.45,0.36,0.36,1,1
1,2026-08-03 06:16:35.732288,1785737795,5833,3.98518518518519,3.98518518518519,2.45,2.45,0.27,0.27,1,1
1,2026-08-03 06:16:36.734406,1785737796,5834,3.93981481481481,3.93981481481481,2.45,2.45,0.18,0.18,1,1
1,2026-08-03 06:16:37.745535,1785737797,5835,3.90578703703704,3.90578703703704,2.45,2.45,0.09,0.09,1,1
1,2026-08-03 06:16:38.775037,1785737798,5836,3.86041666666667,3.86041666666667,2.45,2.45,0.9,0.9,1,1
1,2026-08-03 06:16:39.797234,1785737799,5837,5.81,5.81,2.45,2.45,0.81,0.81,1,1
1,2026-08-03 06:16:40.799084,1785737800,5838,5.259,5.259,2.45,2.45,0.72,0.72,1,1
1,2026-08-03 06:16:41.852812,1785737801,5839,3.73564814814815,3.73564814814815,2.45,2.45,0.63,0.63,1,1
1,2026-08-03 06:16:42.854810,1785737802,5840,4.157,4.157,2.45,2.45,0.54,0.54,1,1
1,2026-08-03 06:16:43.857721,1785737803,5841,3.606,3.606,2.45,2.45,0.45,0.45,1,1
1,2026-08-03 06:16:44.868331,1785737804,5842,3.59953703703703,3.59953703703703,2.45,2.45,0.36,0.36,1,1
1,2026-08-03 06:16:46.033184,1785737806,5843,3.56550925925925,3.56550925925925,2.45,2.45,0.27,0.27,1,1
1,2026-08-03 06:16:47.062403,1785737807,5844,3.50879629629629,3.50879629629629,2.45,2.45,0.18,0.18,1,1
1,2026-08-03 06:16:48.082226,1785737808,5845,1.402,1.402,2.45,2.45,0.09,0.09,1,1
1,2026-08-03 06:16:49.083561,1785737809,5846,0.851,0.851,2.45,2.45,0.9,0.9,1,1
1,2026-08-03 06:16:50.097858,1785737810,5847,5.81,5.81,2.45,2.45,0.81,0.81,1,1
1,2026-08-03 06:16:51.231802,1785737811,5848,3.3386574074074,3.3386574074074,2.45,2.45,0.72,0.72,1,1
1,2026-08-03 06:16:52.233453,1785737812,5849,3.29328703703703,3.29328703703703,2.45,2.45,0.63,0.63,1,1
1,2026-08-03 06:16:53.239380,1785737813,5850,3.24791666666666,3.24791666666666,2.45,2.45,0.54,0.54,1,1
1,2026-08-03 06:16:54.288620,1785737814,5851,3.21388888888888,3.21388888888888,2.45,2.45,0.45,0.45,1,1
1,2026-08-03 06:16:55.814532,1785737815,5852,3.16851851851851,3.16851851851851,2.45,2.45,0.36,0.36,1,1
1,2026-08-03 06:16:56.842801,1785737816,5853,2.504,2.504,2.45,2.45,0.27,0.27,1,1
1,2026-08-03 06:16:57.890814,1785737817,5854,1.953,1.953,2.45,2.45,0.18,0.18,1,1
1,2026-08-03 06:16:58.905513,1785737818,5855,1.402,1.402,2.45,2.45,0.09,0.09,1,1
1,2026-08-03 06:16:59.938759,1785737819,5856,0.851,0.851,2.45,2.45,0.9,0.9,1,1
1,2026-08-03 06:17:00.953575,1785737820,5857,5.81,5.81,2.45,2.45,0.81,0.81,1,1
1,2026-08-03 06:17:01.984998,1785737821,5858,5.259,5.259,2.45,2.45,0.72,0.72,1,1
1,2026-08-03 06:17:02.989802,1785737822,5859,2.88495370370369,2.88495370370369,2.45,2.45,0.63,0.63,1,1
1,2026-08-03 06:17:03.996929,1785737823,5860,4.157,4.157,2.45,2.45,0.54,0.54,1,1
1,2026-08-03 06:17:05.000407,1785737825,5861,3.606,3.606,2.45,2.45,0.45,0.45,1,1
1,2026-08-03 06:17:06.063325,1785737826,5862,3.055,3.055,2.45,2.45,0.36,0.36,1,1
1,2026-08-03 06:17:07.066439,1785737827,5863,2.504,2.504,2.45,2.45,0.27,0.27,1,1
1,2026-08-03 06:17:08.109937,1785737828,5864,1.953,1.953,2.45,2.45,0.18,0.18,1,1
1,2026-08-03 06:17:09.126757,1785737829,5865,2.63541666666665,2.63541666666665,2.45,2.45,0.09,0.09,1,1
1,2026-08-03 06:17:10.204708,1785737830,5866,2.59004629629628,2.59004629629628,2.45,2.45,0.9,0.9,1,1
1,2026-08-03 06:17:11.228639,1785737831,5867,2.54467592592591,2.54467592592591,2.45,2.45,0.81,0.81,1,1
1,2026-08-03 06:17:12.239261,1785737832,5868,5.259,5.259,2.45,2.45,0.72,0.72,1,1
1,2026-08-03 06:17:13.275981,1785737833,5869,2.46527777777776,2.46527777777776,2.45,2.45,0.63,0.63,1,1
1,2026-08-03 06:17:14.449384,1785737834,5870,4.157,4.157,2.45,2.45,0.54,0.54,1,1
1,2026-08-03 06:17:15.459735,1785737835,5871,3.606,3.606,2.45,2.45,0.45,0.45,1,1
1,2026-08-03 06:17:16.463997,1785737836,5872,3.055,3.055,2.45,2.45,0.36,0.36,1,1
1,2026-08-03 06:17:17.477340,1785737837,5873,2.28379629629628,2.28379629629628,2.45,2.45,0.27,0.27,1,1
1,2026-08-03 06:17:18.478413,1785737838,5874,2.2384259259259,2.2384259259259,2.45,2.45,0.18,0.18,1,1
1,2026-08-03 06:17:19.488370,1785737839,5875,1.402,1.402,2.45,2.45,0.09,0.09,1,1
1,2026-08-03 06:17:20.500894,1785737840,5876,2.15902777777776,2.15902777777776,2.45,2.45,0.9,0.9,1,1
1,2026-08-03 06:17:21.502146,1785737841,5877,5.81,5.81,2.45,2.45,0.81,0.81,1,1
1,2026-08-03 06:17:22.509324,1785737842,5878,2.07962962962961,2.07962962962961,2.45,2.45,0.72,0.72,1,1
1,2026-08-03 06:17:23.530337,1785737843,5879,2.03425925925924,2.03425925925924,2.45,2.45,0.63,0.63,1,1
1,2026-08-03 06:17:24.536778,1785737844,5880,4.157,4.157,2.45,2.45,0.54,0.54,1,1
1,2026-08-03 06:17:25.543525,1785737845,5881,3.606,3.606,2.45,2.45,0.45,0.45,1,1
1,2026-08-03 06:17:26.555856,1785737846,5882,1.90949074074071,1.90949074074071,2.45,2.45,0.36,0.36,1,1
1,2026-08-03 06:17:27.589714,1785737847,5883,1.86412037037034,1.86412037037034,2.45,2.45,0.27,0.27,1,1
1,2026-08-03 06:17:29.114712,1785737849,5884,1.953,1.953,2.45,2.45,0.18,0.18,1,1
1,2026-08-03 06:17:30.116338,1785737850,5885,1.402,1.402,2.45,2.45,0.09,0.09,1,1
1,2026-08-03 06:17:31.129716,1785737851,5886,0.851,0.851,2.45,2.45,0.9,0.9,1,1
1,2026-08-03 06:17:32.138437,1785737852,5887,1.69398148148145,1.69398148148145,2.45,2.45,0.81,0.81,1,1
1,2026-08-03 06:17:33.236206,1785737853,5888,1.65995370370367,1.65995370370367,2.45,2.45,0.72,0.72,1,1
1,2026-08-03 06:17:34.307910,1785737854,5889,4.708,4.708,2.45,2.45,0.63,0.63,1,1
1,2026-08-03 06:17:35.310650,1785737855,5890,4.157,4.157,2.45,2.45,0.54,0.54,1,1
1,2026-08-03 06:17:36.325924,1785737856,5891,3.606,3.606,2.45,2.45,0.45,0.45,1,1
1,2026-08-03 06:17:37.327395,1785737857,5892,3.055,3.055,2.45,2.45,0.36,0.36,1,1
1,2026-08-03 06:17:38.352981,1785737858,5893,1.44444444444441,1.44444444444441,2.45,2.45,0.27,0.27,1,1
1,2026-08-03 06:17:39.385013,1785737859,5894,1.39907407407404,1.39907407407404,2.45,2.45,0.18,0.18,1,1
1,2026-08-03 06:17:40.389588,1785737860,5895,1.402,1.402,2.45,2.45,0.09,0.09,1,1
1,2026-08-03 06:17:41.433242,1785737861,5896,0.851,0.851,2.45,2.45,0.9,0.9,1,1
1,2026-08-03 06:17:42.444232,1785737862,5897,5.81,5.81,2.45,2.45,0.81,0.81,1,1
1,2026-08-03 06:17:43.456879,1785737863,5898,5.259,5.259,2.45,2.45,0.72,0.72,1,1
1,2026-08-03 06:17:44.487151,1785737864,5899,1.19490740740737,1.19490740740737,2.45,2.45,0.63,0.63,1,1
1,2026-08-03 06:17:45.488850,1785737865,5900,4.157,4.157,2.45,2.45,0.54,0.54,1,1
1,2026-08-03 06:17:46.524551,1785737866,5901,3.606,3.606,2.45,2.45,0.45,0.45,1,1
1,2026-08-03 06:17:47.545289,1785737867,5902,1.05879629629626,1.05879629629626,2.45,2.45,0.36,0.36,1,1
1,2026-08-03 06:17:48.560553,1785737868,5903,2.504,2.504,2.45,2.45,0.27,0.27,1,1
1,2026-08-03 06:17:49.588799,1785737869,5904,1.953,1.953,2.45,2.45,0.18,0.18,1,1
1,2026-08-03 06:17:50.772841,1785737870,5905,1.402,1.402,2.45,2.45,0.09,0.09,1,1
1,2026-08-03 06:17:51.812673,1785737871,5906,0.851,0.851,2.45,2.45,0.9,0.9,1,1
1,2026-08-03 06:17:52.886444,1785737872,5907,5.81,5.81,2.45,2.45,0.81,0.81,1,1
1,2026-08-03 06:17:53.988749,1785737873,5908,5.259,5.259,2.45,2.45,0.72,0.72,1,1
1,2026-08-03 06:17:55.065531,1785737875,5909,4.708,4.708,2.45,2.45,0.63,0.63,1,1
1,2026-08-03 06:17:56.121494,1785737876,5910,4.157,4.157,2.45,2.45,0.54,0.54,1,1
1,2026-08-03 06:17:57.125896,1785737877,5911,0.673148148148111,0.673148148148111,2.45,2.45,0.45,0.45,1,1
1,2026-08-03 06:17:58.163623,1785737878,5912,0.627777777777741,0.627777777777741,2.45,2.45,0.36,0.36,1,1
1,2026-08-03 06:17:59.170328,1785737879,5913,0.582407407407371,0.582407407407371,2.45,2.45,0.27,0.27,1,1
1,2026-08-03 06:18:00.221462,1785737880,5914,0.537037037037,0.537037037037,2.45,2.45,0.18,0.18,1,1
1,2026-08-03 06:18:01.232876,1785737881,5915,1.402,1.402,2.45,2.45,0.09,0.09,1,1
1,2026-08-03 06:18:02.758144,1785737882,5916,0.851,0.851,2.45,2.45,0.9,0.9,1,1
1,2026-08-03 06:18:03.797564,1785737883,5917,0.412268518518482,0.412268518518482,2.45,2.45,0.81,0.81,1,1
1,2026-08-03 06:18:04.836865,1785737884,5918,0.366898148148112,0.366898148148112,2.45,2.45,0.72,0.72,1,1
1,2026-08-03 06:18:05.841387,1785737885,5919,4.708,4.708,2.45,2.45,0.63,0.63,1,1
1,2026-08-03 06:18:06.843271,1785737886,5920,4.157,4.157,2.45,2.45,0.54,0.54,1,1
1,2026-08-03 06:18:07.860660,1785737887,5921,3.606,3.606,2.45,2.45,0.45,0.45,1,1
1,2026-08-03 06:18:08.863874,1785737888,5922,3.055,3.055,2.45,2.45,0.36,0.36,1,1
1,2026-08-03 06:18:09.867406,1785737889,5923,5.76597222222222,5.76597222222222,2.45,2.45,0.27,0.27,1,1
1,2026-08-03 06:18:10.870857,1785737890,5924,1.953,1.953,2.45,2.45,0.18,0.18,1,1
1,2026-08-03 06:18:11.942297,1785737891,5925,5.68657407407408,5.68657407407408,2.45,2.45,0.09,0.09,1,1
1,2026-08-03 06:18:12.999827,1785737892,5926,5.6525462962963,5.6525462962963,2.45,2.45,0.9,0.9,1,1
1,2026-08-03 06:18:14.006258,1785737894,5927,5.60717592592593,5.60717592592593,2.45,2.45,0.81,0.81,1,1
1,2026-08-03 06:18:15.008622,1785737895,5928,5.56180555555556,5.56180555555556,2.45,2.45,0.72,0.72,1,1
1,2026-08-03 06:18:16.009703,1785737896,5929,5.52777777777779,5.52777777777779,2.45,2.45,0.63,0.63,1,1
1,2026-08-03 06:18:17.046035,1785737897,5930,4.157,4.157,2.45,2.45,0.54,0.54,1,1
1,2026-08-03 06:18:18.053442,1785737898,5931,5.44837962962964,5.44837962962964,2.45,2.45,0.45,0.45,1,1
1,2026-08-03 06:18:19.056100,1785737899,5932,5.41435185185187,5.41435185185187,2.45,2.45,0.36,0.36,1,1
1,2026-08-03 06:18:20.058308,1785737900,5933,5.3689814814815,5.3689814814815,2.45,2.45,0.27,0.27,1,1
1,2026-08-03 06:18:21.059620,1785737901,5934,5.32361111111113,5.32361111111113,2.45,2.45,0.18,0.18,1,1
1,2026-08-03 06:18:22.061649,1785737902,5935,5.27824074074076,5.27824074074076,2.45,2.45,0.09,0.09,1,1
1,2026-08-03 06:18:23.071085,1785737903,5936,0.851,0.851,2.45,2.45,0.9,0.9,1,1
1,2026-08-03 06:18:24.072629,1785737904,5937,5.19884259259261,5.19884259259261,2.45,2.45,0.81,0.81,1,1
1,2026-08-03 06:18:25.081770,1785737905,5938,5.15347222222224,5.15347222222224,2.45,2.45,0.72,0.72,1,1
1,2026-08-03 06:18:26.098514,1785737906,5939,5.10810185185187,5.10810185185187,2.45,2.45,0.63,0.63,1,1
1,2026-08-03 06:18:27.110646,1785737907,5940,4.157,4.157,2.45,2.45,0.54,0.54,1,1
1,2026-08-03 06:18:28.116684,1785737908,5941,5.02870370370372,5.02870370370372,2.45,2.45,0.45,0.45,1,1
1,2026-08-03 06:18:29.122044,1785737909,5942,4.98333333333335,4.98333333333335,2.45,2.45,0.36,0.36,1,1
1,2026-08-03 06:18:30.126053,1785737910,5943,4.93796296296298,4.93796296296298,2.45,2.45,0.27,0.27,1,1
1,2026-08-03 06:18:31.130755,1785737911,5944,1.953,1.953,2.45,2.45,0.18,0.18,1,1
1,2026-08-03 06:18:32.136722,1785737912,5945,1.402,1.402,2.45,2.45,0.09,0.09,1,1
1,2026-08-03 06:18:33.140756,1785737913,5946,4.81319444444446,4.81319444444446,2.45,2.45,0.9,0.9,1,1
1,2026-08-03 06:18:34.143794,1785737914,5947,5.81,5.81,2.45,2.45,0.81,0.81,1,1
1,2026-08-03 06:18:35.664717,1785737915,5948,5.259,5.259,2.45,2.45,0.72,0.72,1,1
1,2026-08-03 06:18:36.686186,1785737916,5949,4.708,4.708,2.45,2.45,0.63,0.63,1,1
1,2026-08-03 06:18:37.693813,1785737917,5950,4.64305555555556,4.64305555555556,2.45,2.45,0.54,0.54,1,1
1,2026-08-03 06:18:38.702254,1785737918,5951,3.606,3.606,2.45,2.45,0.45,0.45,1,1
1,2026-08-03 06:18:39.706314,1785737919,5952,3.055,3.055,2.45,2.45,0.36,0.36,1,1
1,2026-08-03 06:18:40.707375,1785737920,5953,2.504,2.504,2.45,2.45,0.27,0.27,1,1
1,2026-08-03 06:18:41.715422,1785737921,5954,4.48425925925927,4.48425925925927,2.45,2.45,0.18,0.18,1,1
1,2026-08-03 06:18:42.747654,1785737922,5955,4.4388888888889,4.4388888888889,2.45,2.45,0.09,0.09,1,1
1,2026-08-03 06:18:43.778644,1785737923,5956,4.39351851851852,4.39351851851852,2.45,2.45,0.9,0.9,1,1
1,2026-08-03 06:18:44.814123,1785737924,5957,4.34814814814815,4.34814814814815,2.45,2.45,0.81,0.81,1,1
1,2026-08-03 06:18:45.819042,1785737925,5958,5.259,5.259,2.45,2.45,0.72,0.72,1,1
1,2026-08-03 06:18:46.878043,1785737926,5959,4.26875,4.26875,2.45,2.45,0.63,0.63,1,1
1,2026-08-03 06:18:47.897122,1785737927,5960,4.157,4.157,2.45,2.45,0.54,0.54,1,1
1,2026-08-03 06:18:48.905985,1785737928,5961,3.606,3.606,2.45,2.45,0.45,0.45,1,1
1,2026-08-03 06:18:49.908190,1785737929,5962,3.055,3.055,2.45,2.45,0.36,0.36,1,1
1,2026-08-03 06:18:50.916773,1785737930,5963,4.08726851851852,4.08726851851852,2.45,2.45,0.27,0.27,1,1
1,2026-08-03 06:18:51.918909,1785737931,5964,4.05324074074074,4.05324074074074,2.45,2.45,0.18,0.18,1,1
1,2026-08-03 06:18:52.942028,1785737932,5965,4.00787037037037,4.00787037037037,2.45,2.45,0.09,0.09,1,1
1,2026-08-03 06:18:53.945339,1785737933,5966,3.9625,3.9625,2.45,2.45,0.9,0.9,1,1
1,2026-08-03 06:18:54.976136,1785737934,5967,3.91712962962963,3.91712962962963,2.45,2.45,0.81,0.81,1,1
1,2026-08-03 06:18:55.985897,1785737935,5968,3.88310185185185,3.88310185185185,2.45,2.45,0.72,0.72,1,1
1,2026-08-03 06:18:57.028145,1785737937,5969,3.83773148148148,3.83773148148148,2.45,2.45,0.63,0.63,1,1
1,2026-08-03 06:18:58.031088,1785737938,5970,4.157,4.157,2.45,2.45,0.54,0.54,1,1
1,2026-08-03 06:18:59.055897,1785737939,5971,3.606,3.606,2.45,2.45,0.45,0.45,1,1
1,2026-08-03 06:19:00.057324,1785737940,5972,3.71296296296296,3.71296296296296,2.45,2.45,0.36,0.36,1,1
1,2026-08-03 06:19:01.103199,1785737941,5973,3.66759259259259,3.66759259259259,2.45,2.45,0.27,0.27,1,1
1,2026-08-03 06:19:02.110072,1785737942,5974,3.62222222222222,3.62222222222222,2.45,2.45,0.18,0.18,1,1
1,2026-08-03 06:19:03.130172,1785737943,5975,3.57685185185185,3.57685185185185,2.45,2.45,0.09,0.09,1,1
1,2026-08-03 06:19:04.151954,1785737944,5976,3.53148148148148,3.53148148148148,2.45,2.45,0.9,0.9,1,1
1,2026-08-03 06:19:05.171638,1785737945,5977,5.81,5.81,2.45,2.45,0.81,0.81,1,1
1,2026-08-03 06:19:06.192438,1785737946,5978,3.45208333333333,3.45208333333333,2.45,2.45,0.72,0.72,1,1
1,2026-08-03 06:19:07.232164,1785737947,5979,3.40671296296296,3.40671296296296,2.45,2.45,0.63,0.63,1,1
1,2026-08-03 06:19:08.784663,1785737948,5980,4.157,4.157,2.45,2.45,0.54,0.54,1,1
1,2026-08-03 06:19:09.804869,1785737949,5981,3.606,3.606,2.45,2.45,0.45,0.45,1,1
1,2026-08-03 06:19:10.810953,1785737950,5982,3.055,3.055,2.45,2.45,0.36,0.36,1,1
1,2026-08-03 06:19:11.892254,1785737951,5983,3.23657407407407,3.23657407407407,2.45,2.45,0.27,0.27,1,1
1,2026-08-03 06:19:12.894916,1785737952,5984,3.19120370370369,3.19120370370369,2.45,2.45,0.18,0.18,1,1
1,2026-08-03 06:19:13.900271,1785737953,5985,1.402,1.402,2.45,2.45,0.09,0.09,1,1
1,2026-08-03 06:19:14.904784,1785737954,5986,0.851,0.851,2.45,2.45,0.9,0.9,1,1
1,2026-08-03 06:19:15.923545,1785737955,5987,5.81,5.81,2.45,2.45,0.81,0.81,1,1
1,2026-08-03 06:19:16.951160,1785737956,5988,5.259,5.259,2.45,2.45,0.72,0.72,1,1
1,2026-08-03 06:19:17.960048,1785737957,5989,4.708,4.708,2.45,2.45,0.63,0.63,1,1
1,2026-08-03 06:19:18.969687,1785737958,5990,4.157,4.157,2.45,2.45,0.54,0.54,1,1
1,2026-08-03 06:19:19.978886,1785737959,5991,3.606,3.606,2.45,2.45,0.45,0.45,1,1
1,2026-08-03 06:19:20.998707,1785737960,5992,3.055,3.055,2.45,2.45,0.36,0.36,1,1
1,2026-08-03 06:19:22.000613,1785737962,5993,2.504,2.504,2.45,2.45,0.27,0.27,1,1
1,2026-08-03 06:19:23.051088,1785737963,5994,1.953,1.953,2.45,2.45,0.18,0.18,1,1
1,2026-08-03 06:19:24.052578,1785737964,5995,1.402,1.402,2.45,2.45,0.09,0.09,1,1
1,2026-08-03 06:19:25.053601,1785737965,5996,0.851,0.851,2.45,2.45,0.9,0.9,1,1
1,2026-08-03 06:19:26.078128,1785737966,5997,2.63541666666665,2.63541666666665,2.45,2.45,0.9,0.9,1,1
1,2026-08-03 06:19:27.102344,1785737967,5998,5.259,5.259,2.45,2.45,0.72,0.72,1,1
1,2026-08-03 06:19:28.125091,1785737968,5999,4.708,4.708,2.45,2.45,0.72,0.72,1,1
1,2026-08-03 06:19:29.135599,1785737969,6000,4.157,4.157,2.45,2.45,0.54,0.54,1,1
1,2026-08-03 06:19:30.152647,1785737970,6001,3.606,3.606,2.45,2.45,0.54,0.54,1,1
1,2026-08-03 06:19:31.206202,1785737971,6002,3.055,3.055,2.45,2.45,0.36,0.36,1,1
1,2026-08-03 06:19:32.226688,1785737972,6003,2.504,2.504,2.45,2.45,0.36,0.36,1,1
1,2026-08-03 06:19:33.253994,1785737973,6004,1.953,1.953,2.45,2.45,0.18,0.18,1,1
1,2026-08-03 06:19:34.255529,1785737974,6005,1.402,1.402,2.45,2.45,0.09,0.09,1,1
1,2026-08-03 06:19:35.303472,1785737975,6006,2.2497685185185,2.2497685185185,2.45,2.45,0.9,0.9,1,1
1,2026-08-03 06:19:36.304576,1785737976,6007,5.81,5.81,2.45,2.45,0.81,0.81,1,1
1,2026-08-03 06:19:37.334914,1785737977,6008,5.259,5.259,2.45,2.45,0.72,0.72,1,1
1,2026-08-03 06:19:38.336647,1785737978,6009,4.708,4.708,2.45,2.45,0.63,0.63,1,1
1,2026-08-03 06:19:39.337479,1785737979,6010,4.157,4.157,2.45,2.45,0.63,0.63,1,1
1,2026-08-03 06:19:40.900257,1785737980,6011,2.04560185185183,2.04560185185183,2.45,2.45,0.45,0.45,1,1
1,2026-08-03 06:19:41.910160,1785737981,6012,3.055,3.055,2.45,2.45,0.45,0.45,1,1
1,2026-08-03 06:19:42.920398,1785737982,6013,2.504,2.504,2.45,2.45,0.36,0.36,1,1
1,2026-08-03 06:19:43.922765,1785737983,6014,1.953,1.953,2.45,2.45,0.27,0.27,1,1
1,2026-08-03 06:19:44.968770,1785737984,6015,1.402,1.402,2.45,2.45,0.09,0.09,1,1
1,2026-08-03 06:19:45.972348,1785737985,6016,0.851,0.851,2.45,2.45,0.9,0.9,1,1
1,2026-08-03 06:19:46.998003,1785737986,6017,5.81,5.81,2.45,2.45,0.9,0.9,1,1
1,2026-08-03 06:19:48.024294,1785737988,6018,5.259,5.259,2.45,2.45,0.72,0.72,1,1
1,2026-08-03 06:19:49.028829,1785737989,6019,4.708,4.708,2.45,2.45,0.63,0.63,1,1
1,2026-08-03 06:19:50.082370,1785737990,6020,1.64861111111108,1.64861111111108,2.45,2.45,0.54,0.54,1,1
1,2026-08-03 06:19:51.083524,1785737991,6021,3.606,3.606,2.45,2.45,0.45,0.45,1,1
1,2026-08-03 06:19:52.114243,1785737992,6022,1.56921296296293,1.56921296296293,2.45,2.45,0.36,0.36,1,1
1,2026-08-03 06:19:53.209922,1785737993,6023,1.52384259259256,1.52384259259256,2.45,2.45,0.27,0.27,1,1
1,2026-08-03 06:19:54.252926,1785737994,6024,1.953,1.953,2.45,2.45,0.18,0.18,1,1
1,2026-08-03 06:19:55.314018,1785737995,6025,1.43310185185182,1.43310185185182,2.45,2.45,0.09,0.09,1,1
1,2026-08-03 06:19:56.332526,1785737996,6026,1.38773148148145,1.38773148148145,2.45,2.45,0.9,0.9,1,1
1,2026-08-03 06:19:57.431469,1785737997,6027,1.34236111111108,1.34236111111108,2.45,2.45,0.81,0.81,1,1
1,2026-08-03 06:19:58.459294,1785737998,6028,1.29699074074071,1.29699074074071,2.45,2.45,0.72,0.72,1,1
1,2026-08-03 06:19:59.460480,1785737999,6029,1.26296296296293,1.26296296296293,2.45,2.45,0.63,0.63,1,1
1,2026-08-03 06:20:00.462823,1785738000,6030,1.21759259259256,1.21759259259256,2.45,2.45,0.54,0.54,1,1
1,2026-08-03 06:20:01.470056,1785738001,6031,1.17222222222219,1.17222222222219,2.45,2.45,0.45,0.45,1,1
1,2026-08-03 06:20:02.473958,1785738002,6032,1.13819444444441,1.13819444444441,2.45,2.45,0.36,0.36,1,1
1,2026-08-03 06:20:03.484099,1785738003,6033,1.09282407407404,1.09282407407404,2.45,2.45,0.27,0.27,1,1
1,2026-08-03 06:20:04.499714,1785738004,6034,1.04745370370367,1.04745370370367,2.45,2.45,0.18,0.18,1,1
1,2026-08-03 06:20:05.501583,1785738005,6035,1.402,1.402,2.45,2.45,0.09,0.09,1,1
1,2026-08-03 06:20:06.503465,1785738006,6036,0.968055555555519,0.968055555555519,2.45,2.45,0.9,0.9,1,1
1,2026-08-03 06:20:07.567334,1785738007,6037,0.922685185185148,0.922685185185148,2.45,2.45,0.81,0.81,1,1
1,2026-08-03 06:20:08.605447,1785738008,6038,5.259,5.259,2.45,2.45,0.72,0.72,1,1
1,2026-08-03 06:20:09.611169,1785738009,6039,0.843287037037,0.843287037037,2.45,2.45,0.63,0.63,1,1
1,2026-08-03 06:20:10.640224,1785738010,6040,4.157,4.157,2.45,2.45,0.54,0.54,1,1
1,2026-08-03 06:20:11.642553,1785738011,6041,3.606,3.606,2.45,2.45,0.45,0.45,1,1
1,2026-08-03 06:20:12.644181,1785738012,6042,0.718518518518482,0.718518518518482,2.45,2.45,0.36,0.36,1,1
1,2026-08-03 06:20:14.173874,1785738014,6043,0.673148148148111,0.673148148148111,2.45,2.45,0.27,0.27,1,1
1,2026-08-03 06:20:15.176796,1785738015,6044,1.953,1.953,2.45,2.45,0.18,0.18,1,1
1,2026-08-03 06:20:16.179080,1785738016,6045,1.402,1.402,2.45,2.45,0.09,0.09,1,1
1,2026-08-03 06:20:17.180700,1785738017,6046,0.548379629629593,0.548379629629593,2.45,2.45,0.9,0.9,1,1
1,2026-08-03 06:20:18.186645,1785738018,6047,0.503009259259223,0.503009259259223,2.45,2.45,0.81,0.81,1,1
1,2026-08-03 06:20:19.191669,1785738019,6048,5.259,5.259,2.45,2.45,0.72,0.72,1,1
1,2026-08-03 06:20:20.194397,1785738020,6049,4.708,4.708,2.45,2.45,0.63,0.63,1,1
1,2026-08-03 06:20:21.199946,1785738021,6050,0.378240740740704,0.378240740740704,2.45,2.45,0.54,0.54,1,1
1,2026-08-03 06:20:22.223575,1785738022,6051,3.606,3.606,2.45,2.45,0.45,0.45,1,1
1,2026-08-03 06:20:23.301683,1785738023,6052,3.055,3.055,2.45,2.45,0.36,0.36,1,1
1,2026-08-03 06:20:24.319101,1785738024,6053,2.504,2.504,2.45,2.45,0.27,0.27,1,1
1,2026-08-03 06:20:25.320164,1785738025,6054,1.953,1.953,2.45,2.45,0.18,0.18,1,1
1,2026-08-03 06:20:26.323696,1785738026,6055,1.402,1.402,2.45,2.45,0.09,0.09,1,1
1,2026-08-03 06:20:27.330280,1785738027,6056,0.851,0.851,2.45,2.45,0.9,0.9,1,1
1,2026-08-03 06:20:28.332149,1785738028,6057,5.68657407407408,5.68657407407408,2.45,2.45,0.81,0.81,1,1
1,2026-08-03 06:20:29.334480,1785738029,6058,5.259,5.259,2.45,2.45,0.72,0.72,1,1
1,2026-08-03 06:20:30.336154,1785738030,6059,4.708,4.708,2.45,2.45,0.63,0.63,1,1
1,2026-08-03 06:20:31.360965,1785738031,6060,4.157,4.157,2.45,2.45,0.54,0.54,1,1
1,2026-08-03 06:20:32.362040,1785738032,6061,3.606,3.606,2.45,2.45,0.45,0.45,1,1
1,2026-08-03 06:20:33.380838,1785738033,6062,5.48240740740742,5.48240740740742,2.45,2.45,0.36,0.36,1,1
1,2026-08-03 06:20:34.391016,1785738034,6063,5.43703703703705,5.43703703703705,2.45,2.45,0.27,0.27,1,1
1,2026-08-03 06:20:35.423742,1785738035,6064,5.40300925925927,5.40300925925927,2.45,2.45,0.18,0.18,1,1
1,2026-08-03 06:20:36.496573,1785738036,6065,1.402,1.402,2.45,2.45,0.09,0.09,1,1
1,2026-08-03 06:20:37.520121,1785738037,6066,0.851,0.851,2.45,2.45,0.9,0.9,1,1
1,2026-08-03 06:20:38.532705,1785738038,6067,5.81,5.81,2.45,2.45,0.81,0.81,1,1
1,2026-08-03 06:20:39.536047,1785738039,6068,5.22152777777779,5.22152777777779,2.45,2.45,0.72,0.72,1,1
1,2026-08-03 06:20:40.548853,1785738040,6069,4.708,4.708,2.45,2.45,0.63,0.63,1,1
1,2026-08-03 06:20:41.551423,1785738041,6070,4.157,4.157,2.45,2.45,0.54,0.54,1,1
1,2026-08-03 06:20:42.634738,1785738042,6071,3.606,3.606,2.45,2.45,0.45,0.45,1,1
1,2026-08-03 06:20:43.645150,1785738043,6072,3.055,3.055,2.45,2.45,0.36,0.36,1,1
1,2026-08-03 06:20:44.670321,1785738044,6073,2.504,2.504,2.45,2.45,0.27,0.27,1,1
1,2026-08-03 06:20:45.674045,1785738045,6074,4.96064814814816,4.96064814814816,2.45,2.45,0.18,0.18,1,1
1,2026-08-03 06:20:47.196660,1785738047,6075,1.402,1.402,2.45,2.45,0.09,0.09,1,1
1,2026-08-03 06:20:48.198314,1785738048,6076,4.88125000000001,4.88125000000001,2.45,2.45,0.9,0.9,1,1
1,2026-08-03 06:20:49.336300,1785738049,6077,5.81,5.81,2.45,2.45,0.81,0.81,1,1
1,2026-08-03 06:20:50.337331,1785738050,6078,5.259,5.259,2.45,2.45,0.72,0.72,1,1
1,2026-08-03 06:20:51.348324,1785738051,6079,4.708,4.708,2.45,2.45,0.63,0.63,1,1
1,2026-08-03 06:20:52.357949,1785738052,6080,4.157,4.157,2.45,2.45,0.54,0.54,1,1
1,2026-08-03 06:20:53.363373,1785738053,6081,3.606,3.606,2.45,2.45,0.45,0.45,1,1
1,2026-08-03 06:20:54.380171,1785738054,6082,3.055,3.055,2.45,2.45,0.36,0.36,1,1
1,2026-08-03 06:20:55.419756,1785738055,6083,2.504,2.504,2.45,2.45,0.27,0.27,1,1
1,2026-08-03 06:20:56.424843,1785738056,6084,1.953,1.953,2.45,2.45,0.18,0.18,1,1
1,2026-08-03 06:20:57.462892,1785738057,6085,1.402,1.402,2.45,2.45,0.09,0.09,1,1
1,2026-08-03 06:20:58.465486,1785738058,6086,0.851,0.851,2.45,2.45,0.09,0.09,1,1
1,2026-08-03 06:20:59.502938,1785738059,6087,5.81,5.81,2.45,2.45,0.81,0.81,1,1
1,2026-08-03 06:21:00.517901,1785738060,6088,5.259,5.259,2.45,2.45,0.72,0.72,1,1
1,2026-08-03 06:21:01.547333,1785738061,6089,4.708,4.708,2.45,2.45,0.63,0.63,1,1
1,2026-08-03 06:21:02.559004,1785738062,6090,4.157,4.157,2.45,2.45,0.54,0.54,1,1
1,2026-08-03 06:21:03.573450,1785738063,6091,3.606,3.606,2.45,2.45,0.45,0.45,1,1
1,2026-08-03 06:21:04.639694,1785738064,6092,3.055,3.055,2.45,2.45,0.36,0.36,1,1
1,2026-08-03 06:21:05.642232,1785738065,6093,2.504,2.504,2.45,2.45,0.27,0.27,1,1
1,2026-08-03 06:21:06.652660,1785738066,6094,1.953,1.953,2.45,2.45,0.27,0.27,1,1
1,2026-08-03 06:21:07.659056,1785738067,6095,1.402,1.402,2.45,2.45,0.18,0.18,1,1
1,2026-08-03 06:21:08.680858,1785738068,6096,0.851,0.851,2.45,2.45,0.09,0.09,1,1
1,2026-08-03 06:21:09.698238,1785738069,6097,5.81,5.81,2.45,2.45,0.9,0.9,1,1
1,2026-08-03 06:21:10.714608,1785738070,6098,5.259,5.259,2.45,2.45,0.81,0.81,1,1
1,2026-08-03 06:21:11.721241,1785738071,6099,4.708,4.708,2.45,2.45,0.72,0.72,1,1
1,2026-08-03 06:21:12.733618,1785738072,6100,4.157,4.157,2.45,2.45,0.63,0.63,1,1
1,2026-08-03 06:21:13.765904,1785738073,6101,3.606,3.606,2.45,2.45,0.54,0.54,1,1
1,2026-08-03 06:21:14.772707,1785738074,6102,3.055,3.055,2.45,2.45,0.45,0.45,1,1
1,2026-08-03 06:21:15.811155,1785738075,6103,2.504,2.504,2.45,2.45,0.27,0.27,1,1
1,2026-08-03 06:21:16.816153,1785738076,6104,1.953,1.953,2.45,2.45,0.18,0.18,1,1
1,2026-08-03 06:21:17.827897,1785738077,6105,3.63356481481481,3.63356481481481,2.45,2.45,0.09,0.09,1,1
1,2026-08-03 06:21:18.839144,1785738078,6106,0.851,0.851,2.45,2.45,0.9,0.9,1,1
1,2026-08-03 06:21:20.384408,1785738080,6107,5.81,5.81,2.45,2.45,0.81,0.81,1,1
1,2026-08-03 06:21:21.394831,1785738081,6108,5.259,5.259,2.45,2.45,0.72,0.72,1,1
1,2026-08-03 06:21:22.397614,1785738082,6109,4.708,4.708,2.45,2.45,0.72,0.72,1,1
1,2026-08-03 06:21:23.454411,1785738083,6110,4.157,4.157,2.45,2.45,0.54,0.54,1,1
1,2026-08-03 06:21:24.455595,1785738084,6111,3.606,3.606,2.45,2.45,0.45,0.45,1,1
1,2026-08-03 06:21:25.456543,1785738085,6112,3.055,3.055,2.45,2.45,0.45,0.45,1,1
1,2026-08-03 06:21:26.475587,1785738086,6113,2.504,2.504,2.45,2.45,0.36,0.36,1,1
1,2026-08-03 06:21:27.523026,1785738087,6114,1.953,1.953,2.45,2.45,0.18,0.18,1,1
1,2026-08-03 06:21:28.524839,1785738088,6115,1.402,1.402,2.45,2.45,0.09,0.09,1,1
1,2026-08-03 06:21:29.561715,1785738089,6116,0.851,0.851,2.45,2.45,0.9,0.9,1,1
1,2026-08-03 06:21:30.564028,1785738090,6117,5.81,5.81,2.45,2.45,0.81,0.81,1,1
1,2026-08-03 06:21:31.586834,1785738091,6118,3.07777777777777,3.07777777777777,2.45,2.45,0.72,0.72,1,1
1,2026-08-03 06:21:32.609447,1785738092,6119,4.708,4.708,2.45,2.45,0.63,0.63,1,1
1,2026-08-03 06:21:33.635315,1785738093,6120,3.00972222222221,3.00972222222221,2.45,2.45,0.54,0.54,1,1
1,2026-08-03 06:21:34.646141,1785738094,6121,3.606,3.606,2.45,2.45,0.45,0.45,1,1
1,2026-08-03 06:21:35.686046,1785738095,6122,3.055,3.055,2.45,2.45,0.36,0.36,1,1
1,2026-08-03 06:21:36.717422,1785738096,6123,2.504,2.504,2.45,2.45,0.27,0.27,1,1
1,2026-08-03 06:21:37.753267,1785738097,6124,1.953,1.953,2.45,2.45,0.18,0.18,1,1
1,2026-08-03 06:21:38.755463,1785738098,6125,1.402,1.402,2.45,2.45,0.09,0.09,1,1
1,2026-08-03 06:21:39.760795,1785738099,6126,0.851,0.851,2.45,2.45,0.09,0.09,1,1
1,2026-08-03 06:21:40.783823,1785738100,6127,2.70347222222221,2.70347222222221,2.45,2.45,0.81,0.81,1,1
1,2026-08-03 06:21:41.798840,1785738101,6128,5.259,5.259,2.45,2.45,0.81,0.81,1,1
1,2026-08-03 06:21:42.836714,1785738102,6129,4.708,4.708,2.45,2.45,0.63,0.63,1,1
1,2026-08-03 06:21:43.847768,1785738103,6130,4.157,4.157,2.45,2.45,0.54,0.54,1,1
1,2026-08-03 06:21:44.859788,1785738104,6131,3.606,3.606,2.45,2.45,0.45,0.45,1,1
1,2026-08-03 06:21:45.863120,1785738105,6132,2.48796296296294,2.48796296296294,2.45,2.45,0.45,0.45,1,1
1,2026-08-03 06:21:46.869409,1785738106,6133,2.504,2.504,2.45,2.45,0.36,0.36,1,1
1,2026-08-03 06:21:47.873781,1785738107,6134,1.953,1.953,2.45,2.45,0.27,0.27,1,1
1,2026-08-03 06:21:48.900684,1785738108,6135,1.402,1.402,2.45,2.45,0.18,0.18,1,1
1,2026-08-03 06:21:49.930539,1785738109,6136,0.851,0.851,2.45,2.45,0.09,0.09,1,1
1,2026-08-03 06:21:50.960631,1785738110,6137,5.81,5.81,2.45,2.45,0.9,0.9,1,1
1,2026-08-03 06:21:51.984228,1785738111,6138,5.259,5.259,2.45,2.45,0.81,0.81,1,1
1,2026-08-03 06:21:53.508500,1785738113,6139,4.708,4.708,2.45,2.45,0.72,0.72,1,1
1,2026-08-03 06:21:54.519302,1785738114,6140,2.14768518518516,2.14768518518516,2.45,2.45,0.63,0.63,1,1
1,2026-08-03 06:21:55.521550,1785738115,6141,2.11365740740738,2.11365740740738,2.45,2.45,0.54,0.54,1,1
1,2026-08-03 06:21:56.535009,1785738116,6142,2.06828703703701,2.06828703703701,2.45,2.45,0.45,0.45,1,1
1,2026-08-03 06:21:57.549003,1785738117,6143,2.02291666666664,2.02291666666664,2.45,2.45,0.36,0.36,1,1
1,2026-08-03 06:21:58.552696,1785738118,6144,1.98888888888886,1.98888888888886,2.45,2.45,0.27,0.27,1,1
1,2026-08-03 06:21:59.561990,1785738119,6145,1.94351851851849,1.94351851851849,2.45,2.45,0.18,0.18,1,1
1,2026-08-03 06:22:00.563049,1785738120,6146,1.89814814814812,1.89814814814812,2.45,2.45,0.09,0.09,1,1
1,2026-08-03 06:22:01.565090,1785738121,6147,1.85277777777775,1.85277777777775,2.45,2.45,0.9,0.9,1,1
1,2026-08-03 06:22:02.568063,1785738122,6148,1.81874999999997,1.81874999999997,2.45,2.45,0.81,0.81,1,1
1,2026-08-03 06:22:03.579340,1785738123,6149,1.7733796296296,1.7733796296296,2.45,2.45,0.72,0.72,1,1
1,2026-08-03 06:22:04.589035,1785738124,6150,1.72800925925923,1.72800925925923,2.45,2.45,0.63,0.63,1,1
1,2026-08-03 06:22:05.608717,1785738125,6151,1.68263888888886,1.68263888888886,2.45,2.45,0.54,0.54,1,1
1,2026-08-03 06:22:06.613140,1785738126,6152,1.64861111111108,1.64861111111108,2.45,2.45,0.45,0.45,1,1
1,2026-08-03 06:22:07.616404,1785738127,6153,1.60324074074071,1.60324074074071,2.45,2.45,0.36,0.36,1,1
1,2026-08-03 06:22:08.619619,1785738128,6154,1.55787037037034,1.55787037037034,2.45,2.45,0.27,0.27,1,1
1,2026-08-03 06:22:09.620958,1785738129,6155,1.51249999999997,1.51249999999997,2.45,2.45,0.18,0.18,1,1
1,2026-08-03 06:22:10.638908,1785738130,6156,1.47847222222219,1.47847222222219,2.45,2.45,0.09,0.09,1,1
1,2026-08-03 06:22:11.649359,1785738131,6157,1.43310185185182,1.43310185185182,2.45,2.45,0.9,0.9,1,1
1,2026-08-03 06:22:12.653391,1785738132,6158,1.38773148148145,1.38773148148145,2.45,2.45,0.81,0.81,1,1
1,2026-08-03 06:22:13.664852,1785738133,6159,1.34236111111108,1.34236111111108,2.45,2.45,0.72,0.72,1,1
1,2026-08-03 06:22:14.674356,1785738134,6160,1.3083333333333,1.3083333333333,2.45,2.45,0.63,0.63,1,1
1,2026-08-03 06:22:15.677426,1785738135,6161,1.26296296296293,1.26296296296293,2.45,2.45,0.54,0.54,1,1
1,2026-08-03 06:22:16.686984,1785738136,6162,1.21759259259256,1.21759259259256,2.45,2.45,0.45,0.45,1,1
1,2026-08-03 06:22:17.696657,1785738137,6163,1.17222222222219,1.17222222222219,2.45,2.45,0.36,0.36,1,1
1,2026-08-03 06:22:18.707196,1785738138,6164,1.13819444444441,1.13819444444441,2.45,2.45,0.27,0.27,1,1
1,2026-08-03 06:22:19.709114,1785738139,6165,1.09282407407404,1.09282407407404,2.45,2.45,0.18,0.18,1,1
1,2026-08-03 06:22:20.718064,1785738140,6166,1.04745370370367,1.04745370370367,2.45,2.45,0.09,0.09,1,1
1,2026-08-03 06:22:21.727636,1785738141,6167,1.0020833333333,1.0020833333333,2.45,2.45,0.9,0.9,1,1
1,2026-08-03 06:22:22.729623,1785738142,6168,0.968055555555519,0.968055555555519,2.45,2.45,0.81,0.81,1,1
1,2026-08-03 06:22:23.734858,1785738143,6169,0.922685185185148,0.922685185185148,2.45,2.45,0.72,0.72,1,1
1,2026-08-03 06:22:24.748656,1785738144,6170,0.877314814814778,0.877314814814778,2.45,2.45,0.63,0.63,1,1
1,2026-08-03 06:22:26.270323,1785738146,6171,0.843287037037,0.843287037037,2.45,2.45,0.54,0.54,1,1
1,2026-08-03 06:22:27.278131,1785738147,6172,0.79791666666663,0.79791666666663,2.45,2.45,0.45,0.45,1,1
1,2026-08-03 06:22:28.292267,1785738148,6173,0.75254629629626,0.75254629629626,2.45,2.45,0.36,0.36,1,1
1,2026-08-03 06:22:29.294202,1785738149,6174,0.718518518518482,0.718518518518482,2.45,2.45,0.27,0.27,1,1
1,2026-08-03 06:22:30.312529,1785738150,6175,0.673148148148111,0.673148148148111,2.45,2.45,0.18,0.18,1,1
1,2026-08-03 06:22:31.323589,1785738151,6176,0.627777777777741,0.627777777777741,2.45,2.45,0.09,0.09,1,1
1,2026-08-03 06:22:32.330310,1785738152,6177,0.593749999999963,0.593749999999963,2.45,2.45,0.9,0.9,1,1
1,2026-08-03 06:22:33.340455,1785738153,6178,0.548379629629593,0.548379629629593,2.45,2.45,0.81,0.81,1,1
1,2026-08-03 06:22:34.349120,1785738154,6179,0.503009259259223,0.503009259259223,2.45,2.45,0.72,0.72,1,1
1,2026-08-03 06:22:35.364832,1785738155,6180,0.457638888888852,0.457638888888852,2.45,2.45,0.63,0.63,1,1
1,2026-08-03 06:22:36.366353,1785738156,6181,0.423611111111074,0.423611111111074,2.45,2.45,0.54,0.54,1,1
1,2026-08-03 06:22:37.372675,1785738157,6182,0.378240740740704,0.378240740740704,2.45,2.45,0.45,0.45,1,1
1,2026-08-03 06:22:38.378210,1785738158,6183,0.332870370370334,0.332870370370334,2.45,2.45,0.36,0.36,1,1
1,2026-08-03 06:22:39.392546,1785738159,6184,2.504,2.504,2.45,2.45,0.27,0.27,1,1
1,2026-08-03 06:22:40.396547,1785738160,6185,1.953,1.953,2.45,2.45,0.18,0.18,1,1
1,2026-08-03 06:22:41.399299,1785738161,6186,1.402,1.402,2.45,2.45,0.09,0.09,1,1
1,2026-08-03 06:22:42.410677,1785738162,6187,0.851,0.851,2.45,2.45,0.9,0.9,1,1
1,2026-08-03 06:22:43.415942,1785738163,6188,5.81,5.81,2.45,2.45,0.81,0.81,1,1
1,2026-08-03 06:22:44.426090,1785738164,6189,5.68657407407408,5.68657407407408,2.45,2.45,0.72,0.72,1,1
1,2026-08-03 06:22:45.439306,1785738165,6190,5.64120370370371,5.64120370370371,2.45,2.45,0.63,0.63,1,1
1,2026-08-03 06:22:46.440234,1785738166,6191,4.157,4.157,2.45,2.45,0.54,0.54,1,1
1,2026-08-03 06:22:47.441397,1785738167,6192,3.606,3.606,2.45,2.45,0.45,0.45,1,1
1,2026-08-03 06:22:48.443685,1785738168,6193,5.5164351851852,5.5164351851852,2.45,2.45,0.36,0.36,1,1
1,2026-08-03 06:22:49.446246,1785738169,6194,2.504,2.504,2.45,2.45,0.27,0.27,1,1
1,2026-08-03 06:22:50.453681,1785738170,6195,1.953,1.953,2.45,2.45,0.18,0.18,1,1
1,2026-08-03 06:22:51.456291,1785738171,6196,1.402,1.402,2.45,2.45,0.09,0.09,1,1
1,2026-08-03 06:22:52.457285,1785738172,6197,5.34629629629631,5.34629629629631,2.45,2.45,0.9,0.9,1,1
1,2026-08-03 06:22:53.458404,1785738173,6198,5.81,5.81,2.45,2.45,0.81,0.81,1,1
1,2026-08-03 06:22:54.477281,1785738174,6199,5.259,5.259,2.45,2.45,0.72,0.72,1,1
1,2026-08-03 06:22:55.496331,1785738175,6200,4.708,4.708,2.45,2.45,0.63,0.63,1,1
1,2026-08-03 06:22:56.500936,1785738176,6201,4.157,4.157,2.45,2.45,0.54,0.54,1,1
1,2026-08-03 06:22:57.540892,1785738177,6202,3.606,3.606,2.45,2.45,0.45,0.45,1,1
1,2026-08-03 06:22:59.064302,1785738179,6203,3.055,3.055,2.45,2.45,0.36,0.36,1,1
1,2026-08-03 06:23:00.093888,1785738180,6204,2.504,2.504,2.45,2.45,0.27,0.27,1,1
1,2026-08-03 06:23:01.144881,1785738181,6205,1.953,1.953,2.45,2.45,0.18,0.18,1,1
1,2026-08-03 06:23:02.150253,1785738182,6206,1.402,1.402,2.45,2.45,0.09,0.09,1,1
1,2026-08-03 06:23:03.153807,1785738183,6207,0.851,0.851,2.45,2.45,0.9,0.9,1,1
1,2026-08-03 06:23:04.159623,1785738184,6208,5.81,5.81,2.45,2.45,0.81,0.81,1,1
1,2026-08-03 06:23:05.170564,1785738185,6209,5.259,5.259,2.45,2.45,0.72,0.72,1,1
1,2026-08-03 06:23:06.184644,1785738186,6210,4.80185185185186,4.80185185185186,2.45,2.45,0.63,0.63,1,1
1,2026-08-03 06:23:07.235620,1785738187,6211,4.75648148148149,4.75648148148149,2.45,2.45,0.54,0.54,1,1
1,2026-08-03 06:23:08.237553,1785738188,6212,3.606,3.606,2.45,2.45,0.45,0.45,1,1
1,2026-08-03 06:23:09.303724,1785738189,6213,3.055,3.055,2.45,2.45,0.36,0.36,1,1
1,2026-08-03 06:23:10.340843,1785738190,6214,4.62037037037038,4.62037037037038,2.45,2.45,0.27,0.27,1,1
1,2026-08-03 06:23:11.355756,1785738191,6215,1.953,1.953,2.45,2.45,0.18,0.18,1,1
1,2026-08-03 06:23:12.375628,1785738192,6216,1.402,1.402,2.45,2.45,0.09,0.09,1,1
1,2026-08-03 06:23:13.579313,1785738193,6217,4.49560185185186,4.49560185185186,2.45,2.45,0.9,0.9,1,1
1,2026-08-03 06:23:14.595129,1785738194,6218,5.81,5.81,2.45,2.45,0.81,0.81,1,1
1,2026-08-03 06:23:15.682421,1785738195,6219,5.259,5.259,2.45,2.45,0.72,0.72,1,1
1,2026-08-03 06:23:16.686387,1785738196,6220,4.708,4.708,2.45,2.45,0.63,0.63,1,1
1,2026-08-03 06:23:17.688249,1785738197,6221,4.31412037037038,4.31412037037038,2.45,2.45,0.54,0.54,1,1
1,2026-08-03 06:23:18.733314,1785738198,6222,3.606,3.606,2.45,2.45,0.45,0.45,1,1
1,2026-08-03 06:23:19.737738,1785738199,6223,3.055,3.055,2.45,2.45,0.36,0.36,1,1
1,2026-08-03 06:23:20.743333,1785738200,6224,2.504,2.504,2.45,2.45,0.27,0.27,1,1
1,2026-08-03 06:23:21.754517,1785738201,6225,1.953,1.953,2.45,2.45,0.18,0.18,1,1
1,2026-08-03 06:23:22.760224,1785738202,6226,4.09861111111111,4.09861111111111,2.45,2.45,0.09,0.09,1,1
1,2026-08-03 06:23:23.765228,1785738203,6227,0.851,0.851,2.45,2.45,0.9,0.9,1,1
1,2026-08-03 06:23:24.794243,1785738204,6228,5.81,5.81,2.45,2.45,0.81,0.81,1,1
1,2026-08-03 06:23:25.805492,1785738205,6229,5.259,5.259,2.45,2.45,0.72,0.72,1,1
1,2026-08-03 06:23:26.823499,1785738206,6230,4.708,4.708,2.45,2.45,0.63,0.63,1,1
1,2026-08-03 06:23:27.831046,1785738207,6231,3.88310185185185,3.88310185185185,2.45,2.45,0.54,0.54,1,1
1,2026-08-03 06:23:28.846629,1785738208,6232,3.84907407407407,3.84907407407407,2.45,2.45,0.45,0.45,1,1
1,2026-08-03 06:23:29.953042,1785738209,6233,3.8037037037037,3.8037037037037,2.45,2.45,0.36,0.36,1,1
1,2026-08-03 06:23:31.003521,1785738211,6234,3.75833333333333,3.75833333333333,2.45,2.45,0.27,0.27,1,1
1,2026-08-03 06:23:32.544046,1785738212,6235,1.953,1.953,2.45,2.45,0.18,0.18,1,1
1,2026-08-03 06:23:33.587621,1785738213,6236,1.402,1.402,2.45,2.45,0.09,0.09,1,1
1,2026-08-03 06:23:34.589337,1785738214,6237,0.851,0.851,2.45,2.45,0.9,0.9,1,1
1,2026-08-03 06:23:35.660948,1785738215,6238,3.58819444444444,3.58819444444444,2.45,2.45,0.81,0.81,1,1
1,2026-08-03 06:23:36.675014,1785738216,6239,3.54282407407407,3.54282407407407,2.45,2.45,0.72,0.72,1,1
1,2026-08-03 06:23:37.696270,1785738217,6240,3.4974537037037,3.4974537037037,2.45,2.45,0.63,0.63,1,1
1,2026-08-03 06:23:38.716947,1785738218,6241,3.45208333333333,3.45208333333333,2.45,2.45,0.54,0.54,1,1
1,2026-08-03 06:23:39.721710,1785738219,6242,3.40671296296296,3.40671296296296,2.45,2.45,0.45,0.45,1,1
1,2026-08-03 06:23:40.744615,1785738220,6243,3.37268518518518,3.37268518518518,2.45,2.45,0.36,0.36,1,1
1,2026-08-03 06:23:41.771269,1785738221,6244,3.32731481481481,3.32731481481481,2.45,2.45,0.27,0.27,1,1
1,2026-08-03 06:23:42.799119,1785738222,6245,3.28194444444444,3.28194444444444,2.45,2.45,0.18,0.18,1,1
1,2026-08-03 06:23:43.808279,1785738223,6246,3.23657407407407,3.23657407407407,2.45,2.45,0.09,0.09,1,1
1,2026-08-03 06:23:44.819032,1785738224,6247,3.19120370370369,3.19120370370369,2.45,2.45,0.9,0.9,1,1
1,2026-08-03 06:23:45.892060,1785738225,6248,3.15717592592592,3.15717592592592,2.45,2.45,0.81,0.81,1,1
1,2026-08-03 06:23:46.955712,1785738226,6249,5.259,5.259,2.45,2.45,0.72,0.72,1,1
1,2026-08-03 06:23:47.957053,1785738227,6250,4.708,4.708,2.45,2.45,0.63,0.63,1,1
1,2026-08-03 06:23:49.020903,1785738229,6251,4.157,4.157,2.45,2.45,0.54,0.54,1,1
1,2026-08-03 06:23:50.026274,1785738230,6252,2.97569444444443,2.97569444444443,2.45,2.45,0.45,0.45,1,1
1,2026-08-03 06:23:51.043509,1785738231,6253,3.055,3.055,2.45,2.45,0.36,0.36,1,1
1,2026-08-03 06:23:52.047313,1785738232,6254,2.504,2.504,2.45,2.45,0.27,0.27,1,1
1,2026-08-03 06:23:53.093245,1785738233,6255,1.953,1.953,2.45,2.45,0.18,0.18,1,1
1,2026-08-03 06:23:54.106863,1785738234,6256,1.402,1.402,2.45,2.45,0.09,0.09,1,1
1,2026-08-03 06:23:55.111680,1785738235,6257,2.76018518518517,2.76018518518517,2.45,2.45,0.9,0.9,1,1
1,2026-08-03 06:23:56.138206,1785738236,6258,5.81,5.81,2.45,2.45,0.81,0.81,1,1
1,2026-08-03 06:23:57.144036,1785738237,6259,5.259,5.259,2.45,2.45,0.72,0.72,1,1
1,2026-08-03 06:23:58.147291,1785738238,6260,4.708,4.708,2.45,2.45,0.63,0.63,1,1
1,2026-08-03 06:23:59.188977,1785738239,6261,4.157,4.157,2.45,2.45,0.54,0.54,1,1
1,2026-08-03 06:24:00.199997,1785738240,6262,2.54467592592591,2.54467592592591,2.45,2.45,0.45,0.45,1,1
1,2026-08-03 06:24:01.264329,1785738241,6263,3.055,3.055,2.45,2.45,0.36,0.36,1,1
1,2026-08-03 06:24:02.271089,1785738242,6264,2.504,2.504,2.45,2.45,0.27,0.27,1,1
1,2026-08-03 06:24:03.276241,1785738243,6265,1.953,1.953,2.45,2.45,0.18,0.18,1,1
1,2026-08-03 06:24:04.283328,1785738244,6266,2.37453703703702,2.37453703703702,2.45,2.45,0.09,0.09,1,1
1,2026-08-03 06:24:05.836985,1785738245,6267,0.851,0.851,2.45,2.45,0.9,0.9,1,1
1,2026-08-03 06:24:06.839733,1785738246,6268,5.81,5.81,2.45,2.45,0.81,0.81,1,1
1,2026-08-03 06:24:07.849900,1785738247,6269,2.2497685185185,2.2497685185185,2.45,2.45,0.72,0.72,1,1
1,2026-08-03 06:24:08.860122,1785738248,6270,2.20439814814813,2.20439814814813,2.45,2.45,0.72,0.72,1,1
1,2026-08-03 06:24:09.861852,1785738249,6271,2.17037037037035,2.17037037037035,2.45,2.45,0.63,0.63,1,1
1,2026-08-03 06:24:10.865213,1785738250,6272,2.12499999999998,2.12499999999998,2.45,2.45,0.54,0.54,1,1
1,2026-08-03 06:24:11.867847,1785738251,6273,2.07962962962961,2.07962962962961,2.45,2.45,0.45,0.45,1,1
1,2026-08-03 06:24:12.870701,1785738252,6274,2.03425925925924,2.03425925925924,2.45,2.45,0.36,0.36,1,1
1,2026-08-03 06:24:13.872767,1785738253,6275,2.00023148148146,2.00023148148146,2.45,2.45,0.27,0.27,1,1
1,2026-08-03 06:24:14.929809,1785738254,6276,1.95486111111109,1.95486111111109,2.45,2.45,0.18,0.18,1,1
1,2026-08-03 06:24:15.941703,1785738255,6277,1.90949074074071,1.90949074074071,2.45,2.45,0.09,0.09,1,1
1,2026-08-03 06:24:16.989701,1785738256,6278,1.86412037037034,1.86412037037034,2.45,2.45,0.9,0.9,1,1
1,2026-08-03 06:24:18.069816,1785738258,6279,1.81874999999997,1.81874999999997,2.45,2.45,0.72,0.72,1,1
1,2026-08-03 06:24:19.079294,1785738259,6280,1.7733796296296,1.7733796296296,2.45,2.45,0.63,0.63,1,1
1,2026-08-03 06:24:20.117458,1785738260,6281,1.73935185185182,1.73935185185182,2.45,2.45,0.54,0.54,1,1
1,2026-08-03 06:24:21.140463,1785738261,6282,1.69398148148145,1.69398148148145,2.45,2.45,0.45,0.45,1,1
1,2026-08-03 06:24:22.141750,1785738262,6283,1.64861111111108,1.64861111111108,2.45,2.45,0.36,0.36,1,1
1,2026-08-03 06:24:23.246238,1785738263,6284,1.6145833333333,1.6145833333333,2.45,2.45,0.27,0.27,1,1
1,2026-08-03 06:24:24.255429,1785738264,6285,1.953,1.953,2.45,2.45,0.18,0.18,1,1
1,2026-08-03 06:24:25.267911,1785738265,6286,1.402,1.402,2.45,2.45,0.09,0.09,1,1
1,2026-08-03 06:24:26.286675,1785738266,6287,0.851,0.851,2.45,2.45,0.9,0.9,1,1
1,2026-08-03 06:24:27.297748,1785738267,6288,1.43310185185182,1.43310185185182,2.45,2.45,0.81,0.81,1,1
1,2026-08-03 06:24:28.298957,1785738268,6289,5.259,5.259,2.45,2.45,0.72,0.72,1,1
1,2026-08-03 06:24:29.399602,1785738269,6290,1.36504629629626,1.36504629629626,2.45,2.45,0.63,0.63,1,1
1,2026-08-03 06:24:30.413410,1785738270,6291,4.157,4.157,2.45,2.45,0.54,0.54,1,1
1,2026-08-03 06:24:31.480081,1785738271,6292,3.606,3.606,2.45,2.45,0.45,0.45,1,1
1,2026-08-03 06:24:32.482007,1785738272,6293,3.055,3.055,2.45,2.45,0.36,0.36,1,1
1,2026-08-03 06:24:33.495420,1785738273,6294,1.19490740740737,1.19490740740737,2.45,2.45,0.27,0.27,1,1
1,2026-08-03 06:24:34.517679,1785738274,6295,1.149537037037,1.149537037037,2.45,2.45,0.18,0.18,1,1
1,2026-08-03 06:24:35.528615,1785738275,6296,1.11550925925922,1.11550925925922,2.45,2.45,0.09,0.09,1,1
1,2026-08-03 06:24:36.566722,1785738276,6297,0.851,0.851,2.45,2.45,0.9,0.9,1,1
1,2026-08-03 06:24:38.105498,1785738278,6298,5.81,5.81,2.45,2.45,0.81,0.81,1,1
1,2026-08-03 06:24:39.125328,1785738279,6299,5.259,5.259,2.45,2.45,0.72,0.72,1,1
1,2026-08-03 06:24:40.134050,1785738280,6300,0.934027777777741,0.934027777777741,2.45,2.45,0.72,0.72,1,1
1,2026-08-03 06:24:41.167973,1785738281,6301,0.899999999999963,0.899999999999963,2.45,2.45,0.54,0.54,1,1
1,2026-08-03 06:24:42.187712,1785738282,6302,3.606,3.606,2.45,2.45,0.45,0.45,1,1
1,2026-08-03 06:24:43.190401,1785738283,6303,3.055,3.055,2.45,2.45,0.36,0.36,1,1
1,2026-08-03 06:24:44.223184,1785738284,6304,0.775231481481445,0.775231481481445,2.45,2.45,0.27,0.27,1,1
1,2026-08-03 06:24:45.247360,1785738285,6305,1.953,1.953,2.45,2.45,0.18,0.18,1,1
1,2026-08-03 06:24:46.275213,1785738286,6306,0.684490740740704,0.684490740740704,2.45,2.45,0.09,0.09,1,1
1,2026-08-03 06:24:47.277437,1785738287,6307,0.851,0.851,2.45,2.45,0.9,0.9,1,1
1,2026-08-03 06:24:48.334311,1785738288,6308,0.605092592592556,0.605092592592556,2.45,2.45,0.81,0.81,1,1
1,2026-08-03 06:24:49.361356,1785738289,6309,0.559722222222185,0.559722222222185,2.45,2.45,0.72,0.72,1,1
1,2026-08-03 06:24:50.399865,1785738290,6310,0.514351851851815,0.514351851851815,2.45,2.45,0.63,0.63,1,1
1,2026-08-03 06:24:51.417677,1785738291,6311,0.468981481481445,0.468981481481445,2.45,2.45,0.54,0.54,1,1
1,2026-08-03 06:24:52.435326,1785738292,6312,3.606,3.606,2.45,2.45,0.45,0.45,1,1
1,2026-08-03 06:24:53.542001,1785738293,6313,0.389583333333297,0.389583333333297,2.45,2.45,0.36,0.36,1,1
1,2026-08-03 06:24:54.573104,1785738294,6314,0.332870370370334,0.332870370370334,2.45,2.45,0.27,0.27,1,1
1,2026-08-03 06:24:55.576182,1785738295,6315,1.953,1.953,2.45,2.45,0.18,0.18,1,1
1,2026-08-03 06:24:56.580187,1785738296,6316,1.402,1.402,2.45,2.45,0.09,0.09,1,1
1,2026-08-03 06:24:57.586393,1785738297,6317,0.851,0.851,2.45,2.45,0.9,0.9,1,1
1,2026-08-03 06:24:58.591657,1785738298,6318,5.81,5.81,2.45,2.45,0.81,0.81,1,1
1,2026-08-03 06:24:59.596191,1785738299,6319,5.259,5.259,2.45,2.45,0.72,0.72,1,1
1,2026-08-03 06:25:00.610791,1785738300,6320,5.68657407407408,5.68657407407408,2.45,2.45,0.63,0.63,1,1
1,2026-08-03 06:25:01.624197,1785738301,6321,4.157,4.157,2.45,2.45,0.54,0.54,1,1
1,2026-08-03 06:25:02.664136,1785738302,6322,5.60717592592593,5.60717592592593,2.45,2.45,0.45,0.45,1,1
1,2026-08-03 06:25:03.912467,1785738303,6323,5.57314814814816,5.57314814814816,2.45,2.45,0.36,0.36,1,1
1,2026-08-03 06:25:05.092108,1785738305,6324,2.504,2.504,2.45,2.45,0.27,0.27,1,1
1,2026-08-03 06:25:06.097855,1785738306,6325,5.49375000000001,5.49375000000001,2.45,2.45,0.18,0.18,1,1
1,2026-08-03 06:25:07.247327,1785738307,6326,1.402,1.402,2.45,2.45,0.09,0.09,1,1
1,2026-08-03 06:25:08.254926,1785738308,6327,5.40300925925927,5.40300925925927,2.45,2.45,0.9,0.9,1,1
1,2026-08-03 06:25:09.256388,1785738309,6328,5.81,5.81,2.45,2.45,0.81,0.81,1,1
1,2026-08-03 06:25:10.257632,1785738310,6329,5.259,5.259,2.45,2.45,0.72,0.72,1,1
1,2026-08-03 06:25:11.780109,1785738311,6330,5.28958333333335,5.28958333333335,2.45,2.45,0.63,0.63,1,1
1,2026-08-03 06:25:12.781164,1785738312,6331,5.24421296296298,5.24421296296298,2.45,2.45,0.54,0.54,1,1
1,2026-08-03 06:25:13.783143,1785738313,6332,3.606,3.606,2.45,2.45,0.45,0.45,1,1
1,2026-08-03 06:25:14.791267,1785738314,6333,5.16481481481483,5.16481481481483,2.45,2.45,0.36,0.36,1,1
1,2026-08-03 06:25:15.793441,1785738315,6334,5.11944444444446,5.11944444444446,2.45,2.45,0.27,0.27,1,1
1,2026-08-03 06:25:16.795212,1785738316,6335,1.953,1.953,2.45,2.45,0.18,0.18,1,1
1,2026-08-03 06:25:17.798220,1785738317,6336,1.402,1.402,2.45,2.45,0.09,0.09,1,1
1,2026-08-03 06:25:18.813088,1785738318,6337,4.99467592592594,4.99467592592594,2.45,2.45,0.9,0.9,1,1
1,2026-08-03 06:25:19.815322,1785738319,6338,5.81,5.81,2.45,2.45,0.81,0.81,1,1
1,2026-08-03 06:25:20.820372,1785738320,6339,4.91527777777779,4.91527777777779,2.45,2.45,0.72,0.72,1,1
1,2026-08-03 06:25:21.865274,1785738321,6340,4.86990740740742,4.86990740740742,2.45,2.45,0.63,0.63,1,1
1,2026-08-03 06:25:22.917220,1785738322,6341,4.82453703703705,4.82453703703705,2.45,2.45,0.54,0.54,1,1
1,2026-08-03 06:25:23.919844,1785738323,6342,3.606,3.606,2.45,2.45,0.45,0.45,1,1
1,2026-08-03 06:25:24.958616,1785738324,6343,3.055,3.055,2.45,2.45,0.36,0.36,1,1
1,2026-08-03 06:25:26.005167,1785738326,6344,4.69976851851853,4.69976851851853,2.45,2.45,0.27,0.27,1,1
1,2026-08-03 06:25:27.075954,1785738327,6345,1.953,1.953,2.45,2.45,0.18,0.18,1,1
1,2026-08-03 06:25:28.092076,1785738328,6346,1.402,1.402,2.45,2.45,0.09,0.09,1,1
1,2026-08-03 06:25:29.093595,1785738329,6347,0.851,0.851,2.45,2.45,0.9,0.9,1,1
1,2026-08-03 06:25:30.125955,1785738330,6348,4.51828703703704,4.51828703703704,2.45,2.45,0.81,0.81,1,1
1,2026-08-03 06:25:31.187793,1785738331,6349,4.48425925925927,4.48425925925927,2.45,2.45,0.72,0.72,1,1
1,2026-08-03 06:25:32.250874,1785738332,6350,4.4388888888889,4.4388888888889,2.45,2.45,0.63,0.63,1,1
1,2026-08-03 06:25:33.396222,1785738333,6351,4.40486111111112,4.40486111111112,2.45,2.45,0.54,0.54,1,1
1,2026-08-03 06:25:34.416814,1785738334,6352,3.606,3.606,2.45,2.45,0.45,0.45,1,1
1,2026-08-03 06:25:35.419225,1785738335,6353,3.055,3.055,2.45,2.45,0.36,0.36,1,1
1,2026-08-03 06:25:36.424487,1785738336,6354,2.504,2.504,2.45,2.45,0.27,0.27,1,1
1,2026-08-03 06:25:37.446013,1785738337,6355,1.953,1.953,2.45,2.45,0.18,0.18,1,1
1,2026-08-03 06:25:38.447071,1785738338,6356,4.18935185185186,4.18935185185186,2.45,2.45,0.09,0.09,1,1
1,2026-08-03 06:25:39.468024,1785738339,6357,0.851,0.851,2.45,2.45,0.9,0.9,1,1
1,2026-08-03 06:25:40.482363,1785738340,6358,5.81,5.81,2.45,2.45,0.81,0.81,1,1
1,2026-08-03 06:25:41.485720,1785738341,6359,4.06458333333333,4.06458333333333,2.45,2.45,0.72,0.72,1,1
1,2026-08-03 06:25:42.498321,1785738342,6360,4.708,4.708,2.45,2.45,0.63,0.63,1,1
1,2026-08-03 06:25:44.017279,1785738344,6361,4.157,4.157,2.45,2.45,0.54,0.54,1,1
1,2026-08-03 06:25:45.019621,1785738345,6362,3.606,3.606,2.45,2.45,0.45,0.45,1,1
1,2026-08-03 06:25:46.024846,1785738346,6363,3.055,3.055,2.45,2.45,0.36,0.36,1,1
1,2026-08-03 06:25:47.026113,1785738347,6364,2.504,2.504,2.45,2.45,0.27,0.27,1,1
1,2026-08-03 06:25:48.028773,1785738348,6365,1.953,1.953,2.45,2.45,0.18,0.18,1,1
1,2026-08-03 06:25:49.030311,1785738349,6366,1.402,1.402,2.45,2.45,0.09,0.09,1,1
1,2026-08-03 06:25:50.035128,1785738350,6367,0.851,0.851,2.45,2.45,0.9,0.9,1,1
1,2026-08-03 06:25:51.040249,1785738351,6368,5.81,5.81,2.45,2.45,0.81,0.81,1,1
1,2026-08-03 06:25:52.045785,1785738352,6369,5.259,5.259,2.45,2.45,0.72,0.72,1,1
1,2026-08-03 06:25:53.050801,1785738353,6370,3.62222222222222,3.62222222222222,2.45,2.45,0.63,0.63,1,1
1,2026-08-03 06:25:54.077237,1785738354,6371,4.157,4.157,2.45,2.45,0.54,0.54,1,1
1,2026-08-03 06:25:55.134677,1785738355,6372,3.53148148148148,3.53148148148148,2.45,2.45,0.45,0.45,1,1
1,2026-08-03 06:25:56.140225,1785738356,6373,3.055,3.055,2.45,2.45,0.36,0.36,1,1
1,2026-08-03 06:25:57.150472,1785738357,6374,2.504,2.504,2.45,2.45,0.27,0.27,1,1
1,2026-08-03 06:25:58.152285,1785738358,6375,3.41805555555555,3.41805555555555,2.45,2.45,0.18,0.18,1,1
1,2026-08-03 06:25:59.192502,1785738359,6376,1.402,1.402,2.45,2.45,0.09,0.09,1,1
1,2026-08-03 06:26:00.194912,1785738360,6377,3.32731481481481,3.32731481481481,2.45,2.45,0.9,0.9,1,1
1,2026-08-03 06:26:01.266112,1785738361,6378,3.28194444444444,3.28194444444444,2.45,2.45,0.81,0.81,1,1
1,2026-08-03 06:26:02.275367,1785738362,6379,5.259,5.259,2.45,2.45,0.72,0.72,1,1
1,2026-08-03 06:26:03.404203,1785738363,6380,3.19120370370369,3.19120370370369,2.45,2.45,0.63,0.63,1,1
1,2026-08-03 06:26:04.506785,1785738364,6381,4.157,4.157,2.45,2.45,0.54,0.54,1,1
1,2026-08-03 06:26:05.508303,1785738365,6382,3.606,3.606,2.45,2.45,0.45,0.45,1,1
1,2026-08-03 06:26:06.543925,1785738366,6383,3.05509259259258,3.05509259259258,2.45,2.45,0.36,0.36,1,1
1,2026-08-03 06:26:07.571141,1785738367,6384,2.504,2.504,2.45,2.45,0.27,0.27,1,1
1,2026-08-03 06:26:08.597979,1785738368,6385,1.953,1.953,2.45,2.45,0.18,0.18,1,1
1,2026-08-03 06:26:09.599391,1785738369,6386,1.402,1.402,2.45,2.45,0.09,0.09,1,1
1,2026-08-03 06:26:10.600960,1785738370,6387,0.851,0.851,2.45,2.45,0.9,0.9,1,1
1,2026-08-03 06:26:11.630419,1785738371,6388,5.81,5.81,2.45,2.45,0.81,0.81,1,1
1,2026-08-03 06:26:12.678106,1785738372,6389,5.259,5.259,2.45,2.45,0.72,0.72,1,1
1,2026-08-03 06:26:13.724875,1785738373,6390,4.708,4.708,2.45,2.45,0.63,0.63,1,1
1,2026-08-03 06:26:14.820806,1785738374,6391,4.157,4.157,2.45,2.45,0.54,0.54,1,1
1,2026-08-03 06:26:15.824243,1785738375,6392,2.66944444444443,2.66944444444443,2.45,2.45,0.45,0.45,1,1
1,2026-08-03 06:26:17.439575,1785738377,6393,2.62407407407406,2.62407407407406,2.45,2.45,0.36,0.36,1,1
1,2026-08-03 06:26:18.523366,1785738378,6394,2.57870370370369,2.57870370370369,2.45,2.45,0.27,0.27,1,1
1,2026-08-03 06:26:19.524816,1785738379,6395,2.53333333333332,2.53333333333332,2.45,2.45,0.18,0.18,1,1
1,2026-08-03 06:26:20.527732,1785738380,6396,2.48796296296294,2.48796296296294,2.45,2.45,0.09,0.09,1,1
1,2026-08-03 06:26:21.564363,1785738381,6397,2.45393518518517,2.45393518518517,2.45,2.45,0.9,0.9,1,1
1,2026-08-03 06:26:22.605190,1785738382,6398,2.4085648148148,2.4085648148148,2.45,2.45,0.81,0.81,1,1
1,2026-08-03 06:26:23.609095,1785738383,6399,2.36319444444442,2.36319444444442,2.45,2.45,0.72,0.72,1,1
1,2026-08-03 06:26:24.614642,1785738384,6400,2.31782407407405,2.31782407407405,2.45,2.45,0.63,0.63,1,1
1,2026-08-03 06:26:25.631786,1785738385,6401,2.27245370370368,2.27245370370368,2.45,2.45,0.54,0.54,1,1
1,2026-08-03 06:26:26.659268,1785738386,6402,2.2384259259259,2.2384259259259,2.45,2.45,0.45,0.45,1,1
1,2026-08-03 06:26:27.661111,1785738387,6403,2.19305555555553,2.19305555555553,2.45,2.45,0.36,0.36,1,1
1,2026-08-03 06:26:28.663184,1785738388,6404,2.14768518518516,2.14768518518516,2.45,2.45,0.27,0.27,1,1
1,2026-08-03 06:26:29.665187,1785738389,6405,2.10231481481479,2.10231481481479,2.45,2.45,0.18,0.18,1,1
1,2026-08-03 06:26:30.668874,1785738390,6406,2.06828703703701,2.06828703703701,2.45,2.45,0.09,0.09,1,1
1,2026-08-03 06:26:31.678768,1785738391,6407,2.02291666666664,2.02291666666664,2.45,2.45,0.9,0.9,1,1
1,2026-08-03 06:26:32.679828,1785738392,6408,1.97754629629627,1.97754629629627,2.45,2.45,0.81,0.81,1,1
1,2026-08-03 06:26:33.754306,1785738393,6409,1.9321759259259,1.9321759259259,2.45,2.45,0.72,0.72,1,1
1,2026-08-03 06:26:34.772313,1785738394,6410,4.708,4.708,2.45,2.45,0.63,0.63,1,1
1,2026-08-03 06:26:35.774561,1785738395,6411,1.85277777777775,1.85277777777775,2.45,2.45,0.54,0.54,1,1
1,2026-08-03 06:26:36.779686,1785738396,6412,1.80740740740738,1.80740740740738,2.45,2.45,0.45,0.45,1,1
1,2026-08-03 06:26:37.785926,1785738397,6413,1.76203703703701,1.76203703703701,2.45,2.45,0.36,0.36,1,1
1,2026-08-03 06:26:38.843383,1785738398,6414,2.504,2.504,2.45,2.45,0.27,0.27,1,1
1,2026-08-03 06:26:39.903653,1785738399,6415,1.68263888888886,1.68263888888886,2.45,2.45,0.18,0.18,1,1
1,2026-08-03 06:26:40.928037,1785738400,6416,1.63726851851849,1.63726851851849,2.45,2.45,0.09,0.09,1,1
1,2026-08-03 06:26:41.930439,1785738401,6417,1.59189814814812,1.59189814814812,2.45,2.45,0.9,0.9,1,1
1,2026-08-03 06:26:42.936973,1785738402,6418,1.54652777777775,1.54652777777775,2.45,2.45,0.81,0.81,1,1
1,2026-08-03 06:26:43.942918,1785738403,6419,1.50115740740738,1.50115740740738,2.45,2.45,0.72,0.72,1,1
1,2026-08-03 06:26:44.954041,1785738404,6420,4.708,4.708,2.45,2.45,0.63,0.63,1,1
1,2026-08-03 06:26:45.955839,1785738405,6421,1.42175925925923,1.42175925925923,2.45,2.45,0.54,0.54,1,1
1,2026-08-03 06:26:46.958719,1785738406,6422,1.37638888888886,1.37638888888886,2.45,2.45,0.45,0.45,1,1
1,2026-08-03 06:26:47.989573,1785738407,6423,3.055,3.055,2.45,2.45,0.36,0.36,1,1
1,2026-08-03 06:26:48.997275,1785738408,6424,1.29699074074071,1.29699074074071,2.45,2.45,0.27,0.27,1,1
1,2026-08-03 06:26:50.518096,1785738410,6425,1.953,1.953,2.45,2.45,0.18,0.18,1,1
1,2026-08-03 06:26:51.666398,1785738411,6426,1.402,1.402,2.45,2.45,0.09,0.09,1,1
1,2026-08-03 06:26:52.677425,1785738412,6427,1.17222222222219,1.17222222222219,2.45,2.45,0.9,0.9,1,1
1,2026-08-03 06:26:53.686064,1785738413,6428,5.81,5.81,2.45,2.45,0.81,0.81,1,1
1,2026-08-03 06:26:54.697823,1785738414,6429,1.09282407407404,1.09282407407404,2.45,2.45,0.72,0.72,1,1
1,2026-08-03 06:26:55.699761,1785738415,6430,1.04745370370367,1.04745370370367,2.45,2.45,0.63,0.63,1,1
1,2026-08-03 06:26:56.709931,1785738416,6431,4.157,4.157,2.45,2.45,0.54,0.54,1,1
1,2026-08-03 06:26:57.723202,1785738417,6432,3.606,3.606,2.45,2.45,0.45,0.45,1,1
1,2026-08-03 06:26:58.730424,1785738418,6433,3.055,3.055,2.45,2.45,0.36,0.36,1,1
1,2026-08-03 06:26:59.733290,1785738419,6434,0.877314814814778,0.877314814814778,2.45,2.45,0.27,0.27,1,1
1,2026-08-03 06:27:00.755868,1785738420,6435,1.953,1.953,2.45,2.45,0.18,0.18,1,1
1,2026-08-03 06:27:01.769458,1785738421,6436,1.402,1.402,2.45,2.45,0.09,0.09,1,1
1,2026-08-03 06:27:02.880586,1785738422,6437,0.851,0.851,2.45,2.45,0.9,0.9,1,1
1,2026-08-03 06:27:03.895243,1785738423,6438,0.707175925925889,0.707175925925889,2.45,2.45,0.81,0.81,1,1
1,2026-08-03 06:27:04.899707,1785738424,6439,5.259,5.259,2.45,2.45,0.72,0.72,1,1
1,2026-08-03 06:27:05.914142,1785738425,6440,4.708,4.708,2.45,2.45,0.63,0.63,1,1
1,2026-08-03 06:27:06.919284,1785738426,6441,4.157,4.157,2.45,2.45,0.54,0.54,1,1
1,2026-08-03 06:27:07.941453,1785738427,6442,3.606,3.606,2.45,2.45,0.45,0.45,1,1
1,2026-08-03 06:27:08.953295,1785738428,6443,3.055,3.055,2.45,2.45,0.36,0.36,1,1
1,2026-08-03 06:27:09.963685,1785738429,6444,0.457638888888852,0.457638888888852,2.45,2.45,0.27,0.27,1,1
1,2026-08-03 06:27:10.984013,1785738430,6445,0.412268518518482,0.412268518518482,2.45,2.45,0.18,0.18,1,1
1,2026-08-03 06:27:12.022047,1785738432,6446,0.366898148148112,0.366898148148112,2.45,2.45,0.09,0.09,1,1
1,2026-08-03 06:27:13.023432,1785738433,6447,0.851,0.851,2.45,2.45,0.9,0.9,1,1
1,2026-08-03 06:27:14.040437,1785738434,6448,5.81,5.81,2.45,2.45,0.81,0.81,1,1
1,2026-08-03 06:27:15.078176,1785738435,6449,5.259,5.259,2.45,2.45,0.72,0.72,1,1
1,2026-08-03 06:27:16.096226,1785738436,6450,4.708,4.708,2.45,2.45,0.63,0.63,1,1
1,2026-08-03 06:27:17.106469,1785738437,6451,4.157,4.157,2.45,2.45,0.54,0.54,1,1
1,2026-08-03 06:27:18.108244,1785738438,6452,3.606,3.606,2.45,2.45,0.45,0.45,1,1
1,2026-08-03 06:27:19.157185,1785738439,6453,5.68657407407408,5.68657407407408,2.45,2.45,0.36,0.36,1,1
1,2026-08-03 06:27:20.162256,1785738440,6454,2.504,2.504,2.45,2.45,0.27,0.27,1,1
1,2026-08-03 06:27:21.163256,1785738441,6455,1.953,1.953,2.45,2.45,0.18,0.18,1,1
1,2026-08-03 06:27:22.187122,1785738442,6456,1.402,1.402,2.45,2.45,0.09,0.09,1,1
1,2026-08-03 06:27:23.714918,1785738443,6457,0.851,0.851,2.45,2.45,0.9,0.9,1,1
1,2026-08-03 06:27:24.750328,1785738444,6458,5.47106481481483,5.47106481481483,2.45,2.45,0.81,0.81,1,1
1,2026-08-03 06:27:25.754111,1785738445,6459,5.259,5.259,2.45,2.45,0.72,0.72,1,1
1,2026-08-03 06:27:26.774956,1785738446,6460,4.708,4.708,2.45,2.45,0.63,0.63,1,1
1,2026-08-03 06:27:27.782351,1785738447,6461,4.157,4.157,2.45,2.45,0.54,0.54,1,1
1,2026-08-03 06:27:28.787789,1785738448,6462,3.606,3.606,2.45,2.45,0.45,0.45,1,1
1,2026-08-03 06:27:29.792647,1785738449,6463,3.055,3.055,2.45,2.45,0.36,0.36,1,1
1,2026-08-03 06:27:30.821349,1785738450,6464,2.504,2.504,2.45,2.45,0.27,0.27,1,1
1,2026-08-03 06:27:31.822651,1785738451,6465,1.953,1.953,2.45,2.45,0.18,0.18,1,1
1,2026-08-03 06:27:32.828158,1785738452,6466,1.402,1.402,2.45,2.45,0.09,0.09,1,1
1,2026-08-03 06:27:33.843604,1785738453,6467,0.851,0.851,2.45,2.45,0.9,0.9,1,1
1,2026-08-03 06:27:34.921382,1785738454,6468,5.81,5.81,2.45,2.45,0.81,0.81,1,1
1,2026-08-03 06:27:36.091393,1785738456,6469,5.259,5.259,2.45,2.45,0.72,0.72,1,1
1,2026-08-03 06:27:37.156449,1785738457,6470,4.708,4.708,2.45,2.45,0.63,0.63,1,1
1,2026-08-03 06:27:38.178216,1785738458,6471,4.91527777777779,4.91527777777779,2.45,2.45,0.54,0.54,1,1
1,2026-08-03 06:27:39.189464,1785738459,6472,3.606,3.606,2.45,2.45,0.45,0.45,1,1
1,2026-08-03 06:27:40.200742,1785738460,6473,3.055,3.055,2.45,2.45,0.36,0.36,1,1
1,2026-08-03 06:27:41.221794,1785738461,6474,2.504,2.504,2.45,2.45,0.27,0.27,1,1
1,2026-08-03 06:27:42.242363,1785738462,6475,1.953,1.953,2.45,2.45,0.18,0.18,1,1
1,2026-08-03 06:27:43.253720,1785738463,6476,1.402,1.402,2.45,2.45,0.09,0.09,1,1
1,2026-08-03 06:27:44.254829,1785738464,6477,0.851,0.851,2.45,2.45,0.9,0.9,1,1
1,2026-08-03 06:27:45.285507,1785738465,6478,5.81,5.81,2.45,2.45,0.81,0.81,1,1
1,2026-08-03 06:27:46.290015,1785738466,6479,5.259,5.259,2.45,2.45,0.72,0.72,1,1
1,2026-08-03 06:27:47.294279,1785738467,6480,4.708,4.708,2.45,2.45,0.63,0.63,1,1
1,2026-08-03 06:27:48.316863,1785738468,6481,4.157,4.157,2.45,2.45,0.54,0.54,1,1
1,2026-08-03 06:27:49.348882,1785738469,6482,3.606,3.606,2.45,2.45,0.45,0.45,1,1
1,2026-08-03 06:27:50.387300,1785738470,6483,4.40486111111112,4.40486111111112,2.45,2.45,0.36,0.36,1,1
1,2026-08-03 06:27:51.407894,1785738471,6484,2.504,2.504,2.45,2.45,0.27,0.27,1,1
1,2026-08-03 06:27:52.419974,1785738472,6485,1.953,1.953,2.45,2.45,0.18,0.18,1,1
1,2026-08-03 06:27:53.434828,1785738473,6486,1.402,1.402,2.45,2.45,0.09,0.09,1,1
1,2026-08-03 06:27:54.471829,1785738474,6487,0.851,0.851,2.45,2.45,0.9,0.9,1,1
1,2026-08-03 06:27:55.483041,1785738475,6488,5.81,5.81,2.45,2.45,0.81,0.81,1,1
1,2026-08-03 06:27:56.500406,1785738476,6489,5.259,5.259,2.45,2.45,0.72,0.72,1,1
1,2026-08-03 06:27:57.503719,1785738477,6490,4.708,4.708,2.45,2.45,0.63,0.63,1,1
1,2026-08-03 06:27:58.536277,1785738478,6491,4.157,4.157,2.45,2.45,0.54,0.54,1,1
1,2026-08-03 06:27:59.557721,1785738479,6492,3.606,3.606,2.45,2.45,0.45,0.45,1,1
1,2026-08-03 06:28:00.570970,1785738480,6493,3.055,3.055,2.45,2.45,0.36,0.36,1,1
1,2026-08-03 06:28:01.573543,1785738481,6494,2.504,2.504,2.45,2.45,0.27,0.27,1,1
1,2026-08-03 06:28:02.601506,1785738482,6495,1.953,1.953,2.45,2.45,0.18,0.18,1,1
1,2026-08-03 06:28:03.608720,1785738483,6496,1.402,1.402,2.45,2.45,0.09,0.09,1,1
1,2026-08-03 06:28:04.648630,1785738484,6497,3.8037037037037,3.8037037037037,2.45,2.45,0.9,0.9,1,1
1,2026-08-03 06:28:05.651195,1785738485,6498,5.81,5.81,2.45,2.45,0.81,0.81,1,1
1,2026-08-03 06:28:06.662571,1785738486,6499,5.259,5.259,2.45,2.45,0.72,0.72,1,1
1,2026-08-03 06:28:07.687791,1785738487,6500,4.708,4.708,2.45,2.45,0.63,0.63,1,1
1,2026-08-03 06:28:08.698462,1785738488,6501,4.157,4.157,2.45,2.45,0.54,0.54,1,1
1,2026-08-03 06:28:09.714825,1785738489,6502,3.606,3.606,2.45,2.45,0.45,0.45,1,1
1,2026-08-03 06:28:10.726829,1785738490,6503,3.055,3.055,2.45,2.45,0.36,0.36,1,1
1,2026-08-03 06:28:12.505490,1785738492,6504,2.504,2.504,2.45,2.45,0.27,0.27,1,1
1,2026-08-03 06:28:13.510167,1785738493,6505,3.46342592592592,3.46342592592592,2.45,2.45,0.18,0.18,1,1
1,2026-08-03 06:28:14.516681,1785738494,6506,3.42939814814814,3.42939814814814,2.45,2.45,0.09,0.09,1,1
1,2026-08-03 06:28:15.523823,1785738495,6507,3.38402777777777,3.38402777777777,2.45,2.45,0.9,0.9,1,1
1,2026-08-03 06:28:16.538876,1785738496,6508,3.3386574074074,3.3386574074074,2.45,2.45,0.81,0.81,1,1
1,2026-08-03 06:28:17.551069,1785738497,6509,3.30462962962962,3.30462962962962,2.45,2.45,0.72,0.72,1,1
1,2026-08-03 06:28:18.584108,1785738498,6510,3.25925925925925,3.25925925925925,2.45,2.45,0.63,0.63,1,1
1,2026-08-03 06:28:19.594675,1785738499,6511,3.21388888888888,3.21388888888888,2.45,2.45,0.54,0.54,1,1
1,2026-08-03 06:28:20.644015,1785738500,6512,3.16851851851851,3.16851851851851,2.45,2.45,0.45,0.45,1,1
1,2026-08-03 06:28:21.668424,1785738501,6513,3.12314814814814,3.12314814814814,2.45,2.45,0.36,0.36,1,1
1,2026-08-03 06:28:22.700762,1785738502,6514,2.504,2.504,2.45,2.45,0.27,0.27,1,1
1,2026-08-03 06:28:24.054550,1785738504,6515,1.953,1.953,2.45,2.45,0.18,0.18,1,1
1,2026-08-03 06:28:25.056427,1785738505,6516,2.99837962962962,2.99837962962962,2.45,2.45,0.09,0.09,1,1
1,2026-08-03 06:28:26.079383,1785738506,6517,2.96435185185184,2.96435185185184,2.45,2.45,0.9,0.9,1,1
1,2026-08-03 06:28:27.194936,1785738507,6518,2.91898148148147,2.91898148148147,2.45,2.45,0.81,0.81,1,1
1,2026-08-03 06:28:28.278557,1785738508,6519,2.8736111111111,2.8736111111111,2.45,2.45,0.72,0.72,1,1
1,2026-08-03 06:28:29.400763,1785738509,6520,2.82824074074073,2.82824074074073,2.45,2.45,0.63,0.63,1,1
1,2026-08-03 06:28:30.421664,1785738510,6521,2.78287037037036,2.78287037037036,2.45,2.45,0.54,0.54,1,1
1,2026-08-03 06:28:31.436565,1785738511,6522,2.73749999999998,2.73749999999998,2.45,2.45,0.45,0.45,1,1
1,2026-08-03 06:28:32.446570,1785738512,6523,2.69212962962961,2.69212962962961,2.45,2.45,0.36,0.36,1,1
1,2026-08-03 06:28:33.491821,1785738513,6524,2.64675925925924,2.64675925925924,2.45,2.45,0.27,0.27,1,1
1,2026-08-03 06:28:34.503667,1785738514,6525,2.61273148148146,2.61273148148146,2.45,2.45,0.18,0.18,1,1
1,2026-08-03 06:28:35.519536,1785738515,6526,2.56736111111109,2.56736111111109,2.45,2.45,0.09,0.09,1,1
1,2026-08-03 06:28:36.559651,1785738516,6527,2.52199074074072,2.52199074074072,2.45,2.45,0.9,0.9,1,1
1,2026-08-03 06:28:37.611039,1785738517,6528,2.47662037037035,2.47662037037035,2.45,2.45,0.81,0.81,1,1
1,2026-08-03 06:28:38.622560,1785738518,6529,2.43124999999998,2.43124999999998,2.45,2.45,0.72,0.72,1,1
1,2026-08-03 06:28:39.645069,1785738519,6530,2.38587962962961,2.38587962962961,2.45,2.45,0.63,0.63,1,1
1,2026-08-03 06:28:40.647674,1785738520,6531,2.34050925925924,2.34050925925924,2.45,2.45,0.54,0.54,1,1
1,2026-08-03 06:28:41.679505,1785738521,6532,2.30648148148146,2.30648148148146,2.45,2.45,0.45,0.45,1,1
1,2026-08-03 06:28:42.780000,1785738522,6533,2.27245370370368,2.27245370370368,2.45,2.45,0.36,0.36,1,1
1,2026-08-03 06:28:43.894051,1785738523,6534,2.22708333333331,2.22708333333331,2.45,2.45,0.18,0.18,1,1
1,2026-08-03 06:28:45.426655,1785738525,6535,2.18171296296294,2.18171296296294,2.45,2.45,0.09,0.09,1,1
1,2026-08-03 06:28:46.430360,1785738526,6536,2.13634259259257,2.13634259259257,2.45,2.45,0.9,0.9,1,1
1,2026-08-03 06:28:47.431858,1785738527,6537,2.0909722222222,2.0909722222222,2.45,2.45,0.81,0.81,1,1
1,2026-08-03 06:28:48.453548,1785738528,6538,2.05694444444442,2.05694444444442,2.45,2.45,0.72,0.72,1,1
1,2026-08-03 06:28:49.469382,1785738529,6539,2.01157407407405,2.01157407407405,2.45,2.45,0.63,0.63,1,1
1,2026-08-03 06:28:50.497230,1785738530,6540,1.96620370370368,1.96620370370368,2.45,2.45,0.54,0.54,1,1
1,2026-08-03 06:28:51.527277,1785738531,6541,1.92083333333331,1.92083333333331,2.45,2.45,0.45,0.45,1,1
1,2026-08-03 06:28:52.573126,1785738532,6542,1.88680555555553,1.88680555555553,2.45,2.45,0.36,0.36,1,1
1,2026-08-03 06:28:53.579049,1785738533,6543,1.84143518518516,1.84143518518516,2.45,2.45,0.27,0.27,1,1
1,2026-08-03 06:28:54.581517,1785738534,6544,1.79606481481479,1.79606481481479,2.45,2.45,0.18,0.18,1,1
1,2026-08-03 06:28:55.604545,1785738535,6545,1.75069444444442,1.75069444444442,2.45,2.45,0.09,0.09,1,1
1,2026-08-03 06:28:56.624201,1785738536,6546,1.70532407407405,1.70532407407405,2.45,2.45,0.9,0.9,1,1
1,2026-08-03 06:28:57.647336,1785738537,6547,1.67129629629627,1.67129629629627,2.45,2.45,0.81,0.81,1,1
1,2026-08-03 06:28:58.649040,1785738538,6548,1.6259259259259,1.6259259259259,2.45,2.45,0.72,0.72,1,1
1,2026-08-03 06:28:59.689167,1785738539,6549,1.58055555555553,1.58055555555553,2.45,2.45,0.63,0.63,1,1
1,2026-08-03 06:29:00.705252,1785738540,6550,1.53518518518515,1.53518518518515,2.45,2.45,0.54,0.54,1,1
1,2026-08-03 06:29:01.710498,1785738541,6551,1.48981481481478,1.48981481481478,2.45,2.45,0.45,0.45,1,1
1,2026-08-03 06:29:02.734683,1785738542,6552,1.45578703703701,1.45578703703701,2.45,2.45,0.36,0.36,1,1
1,2026-08-03 06:29:03.739177,1785738543,6553,1.41041666666663,1.41041666666663,2.45,2.45,0.27,0.27,1,1
1,2026-08-03 06:29:04.764304,1785738544,6554,1.36504629629626,1.36504629629626,2.45,2.45,0.18,0.18,1,1
1,2026-08-03 06:29:05.766216,1785738545,6555,1.31967592592589,1.31967592592589,2.45,2.45,0.09,0.09,1,1
1,2026-08-03 06:29:06.787928,1785738546,6556,1.27430555555552,1.27430555555552,2.45,2.45,0.9,0.9,1,1
1,2026-08-03 06:29:07.812472,1785738547,6557,1.24027777777774,1.24027777777774,2.45,2.45,0.81,0.81,1,1
1,2026-08-03 06:29:08.837770,1785738548,6558,1.19490740740737,1.19490740740737,2.45,2.45,0.72,0.72,1,1
1,2026-08-03 06:29:09.865472,1785738549,6559,1.149537037037,1.149537037037,2.45,2.45,0.63,0.63,1,1
1,2026-08-03 06:29:10.868101,1785738550,6560,1.10416666666663,1.10416666666663,2.45,2.45,0.54,0.54,1,1
1,2026-08-03 06:29:11.906367,1785738551,6561,1.05879629629626,1.05879629629626,2.45,2.45,0.45,0.45,1,1
1,2026-08-03 06:29:12.908544,1785738552,6562,1.02476851851848,1.02476851851848,2.45,2.45,0.36,0.36,1,1
1,2026-08-03 06:29:13.939484,1785738553,6563,0.979398148148111,0.979398148148111,2.45,2.45,0.27,0.27,1,1
1,2026-08-03 06:29:14.955376,1785738554,6564,0.934027777777741,0.934027777777741,2.45,2.45,0.18,0.18,1,1
1,2026-08-03 06:29:15.957455,1785738555,6565,0.888657407407371,0.888657407407371,2.45,2.45,0.09,0.09,1,1
1,2026-08-03 06:29:16.986613,1785738556,6566,0.843287037037,0.843287037037,2.45,2.45,0.9,0.9,1,1
1,2026-08-03 06:29:18.613496,1785738558,6567,0.809259259259222,0.809259259259222,2.45,2.45,0.81,0.81,1,1
1,2026-08-03 06:29:19.615597,1785738559,6568,0.763888888888852,0.763888888888852,2.45,2.45,0.72,0.72,1,1
1,2026-08-03 06:29:20.631662,1785738560,6569,0.718518518518482,0.718518518518482,2.45,2.45,0.63,0.63,1,1
1,2026-08-03 06:29:21.634193,1785738561,6570,0.684490740740704,0.684490740740704,2.45,2.45,0.54,0.54,1,1
1,2026-08-03 06:29:22.640661,1785738562,6571,0.639120370370334,0.639120370370334,2.45,2.45,0.45,0.45,1,1
1,2026-08-03 06:29:23.646646,1785738563,6572,0.593749999999963,0.593749999999963,2.45,2.45,0.36,0.36,1,1
1,2026-08-03 06:29:24.689574,1785738564,6573,0.559722222222185,0.559722222222185,2.45,2.45,0.27,0.27,1,1
1,2026-08-03 06:29:25.692372,1785738565,6574,0.514351851851815,0.514351851851815,2.45,2.45,0.18,0.18,1,1
1,2026-08-03 06:29:26.709175,1785738566,6575,0.468981481481445,0.468981481481445,2.45,2.45,0.09,0.09,1,1
1,2026-08-03 06:29:27.711363,1785738567,6576,0.423611111111074,0.423611111111074,2.45,2.45,0.9,0.9,1,1
1,2026-08-03 06:29:28.722405,1785738568,6577,0.378240740740704,0.378240740740704,2.45,2.45,0.9,0.9,1,1
1,2026-08-03 06:29:29.735592,1785738569,6578,0.344212962962926,0.344212962962926,2.45,2.45,0.81,0.81,1,1
1,2026-08-03 06:29:30.748948,1785738570,6579,0.298842592592556,0.298842592592556,2.45,2.45,0.72,0.72,1,1
1,2026-08-03 06:29:32.334171,1785738572,6580,4.708,4.708,2.45,2.45,0.54,0.54,1,1
1,2026-08-03 06:29:33.372597,1785738573,6581,3.606,3.606,2.45,2.45,0.45,0.45,1,1
1,2026-08-03 06:29:34.512599,1785738574,6582,5.76597222222222,5.76597222222222,2.45,2.45,0.36,0.36,1,1
1,2026-08-03 06:29:35.532922,1785738575,6583,2.504,2.504,2.45,2.45,0.27,0.27,1,1
1,2026-08-03 06:29:36.554618,1785738576,6584,1.953,1.953,2.45,2.45,0.18,0.18,1,1
1,2026-08-03 06:29:37.556342,1785738577,6585,1.402,1.402,2.45,2.45,0.09,0.09,1,1
1,2026-08-03 06:29:38.567406,1785738578,6586,0.851,0.851,2.45,2.45,0.9,0.9,1,1
1,2026-08-03 06:29:39.573195,1785738579,6587,5.81,5.81,2.45,2.45,0.81,0.81,1,1
1,2026-08-03 06:29:40.581122,1785738580,6588,5.259,5.259,2.45,2.45,0.72,0.72,1,1
1,2026-08-03 06:29:41.593289,1785738581,6589,4.708,4.708,2.45,2.45,0.63,0.63,1,1
1,2026-08-03 06:29:42.598427,1785738582,6590,4.157,4.157,2.45,2.45,0.54,0.54,1,1
1,2026-08-03 06:29:43.603908,1785738583,6591,3.606,3.606,2.45,2.45,0.45,0.45,1,1
1,2026-08-03 06:29:44.606296,1785738584,6592,3.055,3.055,2.45,2.45,0.36,0.36,1,1
1,2026-08-03 06:29:45.621836,1785738585,6593,2.504,2.504,2.45,2.45,0.27,0.27,1,1
1,2026-08-03 06:29:46.647291,1785738586,6594,1.953,1.953,2.45,2.45,0.18,0.18,1,1
1,2026-08-03 06:29:47.650322,1785738587,6595,1.402,1.402,2.45,2.45,0.09,0.09,1,1
1,2026-08-03 06:29:48.658949,1785738588,6596,5.16481481481483,5.16481481481483,2.45,2.45,0.9,0.9,1,1
1,2026-08-03 06:29:49.670222,1785738589,6597,5.81,5.81,2.45,2.45,0.81,0.81,1,1
1,2026-08-03 06:29:51.200632,1785738591,6598,5.08541666666668,5.08541666666668,2.45,2.45,0.72,0.72,1,1
1,2026-08-03 06:29:52.247201,1785738592,6599,4.708,4.708,2.45,2.45,0.63,0.63,1,1
1,2026-08-03 06:29:53.287244,1785738593,6600,4.157,4.157,2.45,2.45,0.54,0.54,1,1
1,2026-08-03 06:29:54.288282,1785738594,6601,3.606,3.606,2.45,2.45,0.45,0.45,1,1
1,2026-08-03 06:29:55.297651,1785738595,6602,3.055,3.055,2.45,2.45,0.36,0.36,1,1
1,2026-08-03 06:29:56.312284,1785738596,6603,2.504,2.504,2.45,2.45,0.27,0.27,1,1
1,2026-08-03 06:29:57.322237,1785738597,6604,4.82453703703705,4.82453703703705,2.45,2.45,0.18,0.18,1,1
1,2026-08-03 06:29:58.334577,1785738598,6605,1.402,1.402,2.45,2.45,0.09,0.09,1,1
1,2026-08-03 06:29:59.346144,1785738599,6606,0.851,0.851,2.45,2.45,0.9,0.9,1,1
1,2026-08-03 06:30:00.366976,1785738600,6607,5.81,5.81,2.45,2.45,0.81,0.81,1,1
1,2026-08-03 06:30:01.379103,1785738601,6608,4.65439814814816,4.65439814814816,2.45,2.45,0.72,0.72,1,1
1,2026-08-03 06:30:02.381881,1785738602,6609,4.708,4.708,2.45,2.45,0.63,0.63,1,1
1,2026-08-03 06:30:03.412411,1785738603,6610,4.157,4.157,2.45,2.45,0.54,0.54,1,1
1,2026-08-03 06:30:04.414250,1785738604,6611,3.606,3.606,2.45,2.45,0.45,0.45,1,1
1,2026-08-03 06:30:05.441131,1785738605,6612,3.055,3.055,2.45,2.45,0.36,0.36,1,1
1,2026-08-03 06:30:06.443751,1785738606,6613,2.504,2.504,2.45,2.45,0.27,0.27,1,1
1,2026-08-03 06:30:07.465104,1785738607,6614,1.953,1.953,2.45,2.45,0.18,0.18,1,1
1,2026-08-03 06:30:08.475936,1785738608,6615,1.402,1.402,2.45,2.45,0.09,0.09,1,1
1,2026-08-03 06:30:09.512067,1785738609,6616,4.31412037037038,4.31412037037038,2.45,2.45,0.9,0.9,1,1
1,2026-08-03 06:30:10.517866,1785738610,6617,5.81,5.81,2.45,2.45,0.81,0.81,1,1
1,2026-08-03 06:30:11.537860,1785738611,6618,5.259,5.259,2.45,2.45,0.81,0.81,1,1
1,2026-08-03 06:30:12.558124,1785738612,6619,4.708,4.708,2.45,2.45,0.63,0.63,1,1
1,2026-08-03 06:30:13.582199,1785738613,6620,4.157,4.157,2.45,2.45,0.54,0.54,1,1
1,2026-08-03 06:30:14.586458,1785738614,6621,3.606,3.606,2.45,2.45,0.54,0.54,1,1
1,2026-08-03 06:30:15.597089,1785738615,6622,3.055,3.055,2.45,2.45,0.45,0.45,1,1
1,2026-08-03 06:30:16.607793,1785738616,6623,2.504,2.504,2.45,2.45,0.36,0.36,1,1
1,2026-08-03 06:30:17.629703,1785738617,6624,1.953,1.953,2.45,2.45,0.27,0.27,1,1
1,2026-08-03 06:30:18.653122,1785738618,6625,1.402,1.402,2.45,2.45,0.18,0.18,1,1
1,2026-08-03 06:30:19.663077,1785738619,6626,0.851,0.851,2.45,2.45,0.09,0.09,1,1
1,2026-08-03 06:30:20.683291,1785738620,6627,5.81,5.81,2.45,2.45,0.9,0.9,1,1
1,2026-08-03 06:30:21.742209,1785738621,6628,5.259,5.259,2.45,2.45,0.81,0.81,1,1
1,2026-08-03 06:30:22.747240,1785738622,6629,4.708,4.708,2.45,2.45,0.72,0.72,1,1
1,2026-08-03 06:30:24.276622,1785738624,6630,4.157,4.157,2.45,2.45,0.63,0.63,1,1
1,2026-08-03 06:30:25.313896,1785738625,6631,3.606,3.606,2.45,2.45,0.54,0.54,1,1
1,2026-08-03 06:30:26.319052,1785738626,6632,3.055,3.055,2.45,2.45,0.45,0.45,1,1
1,2026-08-03 06:30:27.329782,1785738627,6633,2.504,2.504,2.45,2.45,0.36,0.36,1,1
1,2026-08-03 06:30:28.356640,1785738628,6634,1.953,1.953,2.45,2.45,0.27,0.27,1,1
1,2026-08-03 06:30:29.366957,1785738629,6635,1.402,1.402,2.45,2.45,0.18,0.18,1,1
1,2026-08-03 06:30:30.377877,1785738630,6636,0.851,0.851,2.45,2.45,0.09,0.09,1,1
1,2026-08-03 06:30:31.382269,1785738631,6637,3.42939814814814,3.42939814814814,2.45,2.45,0.9,0.9,1,1
1,2026-08-03 06:30:32.387366,1785738632,6638,3.39537037037036,3.39537037037036,2.45,2.45,0.81,0.81,1,1
1,2026-08-03 06:30:33.395413,1785738633,6639,3.34999999999999,3.34999999999999,2.45,2.45,0.72,0.72,1,1
1,2026-08-03 06:30:34.401670,1785738634,6640,3.30462962962962,3.30462962962962,2.45,2.45,0.63,0.63,1,1
1,2026-08-03 06:30:35.411951,1785738635,6641,3.25925925925925,3.25925925925925,2.45,2.45,0.54,0.54,1,1
1,2026-08-03 06:30:36.429212,1785738636,6642,3.22523148148147,3.22523148148147,2.45,2.45,0.45,0.45,1,1
1,2026-08-03 06:30:37.436396,1785738637,6643,3.1798611111111,3.1798611111111,2.45,2.45,0.36,0.36,1,1
1,2026-08-03 06:30:38.443145,1785738638,6644,3.13449074074073,3.13449074074073,2.45,2.45,0.27,0.27,1,1
1,2026-08-03 06:30:39.445213,1785738639,6645,3.10046296296295,3.10046296296295,2.45,2.45,0.18,0.18,1,1
1,2026-08-03 06:30:40.450913,1785738640,6646,3.05509259259258,3.05509259259258,2.45,2.45,0.09,0.09,1,1
1,2026-08-03 06:30:41.463949,1785738641,6647,3.00972222222221,3.00972222222221,2.45,2.45,0.9,0.9,1,1
1,2026-08-03 06:30:42.467529,1785738642,6648,2.96435185185184,2.96435185185184,2.45,2.45,0.81,0.81,1,1
1,2026-08-03 06:30:43.476944,1785738643,6649,2.93032407407406,2.93032407407406,2.45,2.45,0.72,0.72,1,1
1,2026-08-03 06:30:44.484517,1785738644,6650,2.88495370370369,2.88495370370369,2.45,2.45,0.63,0.63,1,1
1,2026-08-03 06:30:45.485768,1785738645,6651,2.83958333333332,2.83958333333332,2.45,2.45,0.54,0.54,1,1
1,2026-08-03 06:30:46.488995,1785738646,6652,2.79421296296295,2.79421296296295,2.45,2.45,0.45,0.45,1,1
1,2026-08-03 06:30:47.498690,1785738647,6653,2.76018518518517,2.76018518518517,2.45,2.45,0.36,0.36,1,1
1,2026-08-03 06:30:48.507734,1785738648,6654,2.7148148148148,2.7148148148148,2.45,2.45,0.27,0.27,1,1
1,2026-08-03 06:30:49.513789,1785738649,6655,2.66944444444443,2.66944444444443,2.45,2.45,0.18,0.18,1,1
1,2026-08-03 06:30:50.521917,1785738650,6656,2.62407407407406,2.62407407407406,2.45,2.45,0.09,0.09,1,1
1,2026-08-03 06:30:51.524696,1785738651,6657,2.59004629629628,2.59004629629628,2.45,2.45,0.9,0.9,1,1
1,2026-08-03 06:30:52.531110,1785738652,6658,2.54467592592591,2.54467592592591,2.45,2.45,0.81,0.81,1,1
1,2026-08-03 06:30:53.544517,1785738653,6659,2.49930555555554,2.49930555555554,2.45,2.45,0.72,0.72,1,1
1,2026-08-03 06:30:54.556313,1785738654,6660,2.45393518518517,2.45393518518517,2.45,2.45,0.63,0.63,1,1
1,2026-08-03 06:30:55.566188,1785738655,6661,2.4085648148148,2.4085648148148,2.45,2.45,0.54,0.54,1,1
1,2026-08-03 06:30:57.085242,1785738657,6662,2.37453703703702,2.37453703703702,2.45,2.45,0.45,0.45,1,1
1,2026-08-03 06:30:58.086314,1785738658,6663,2.32916666666665,2.32916666666665,2.45,2.45,0.36,0.36,1,1
1,2026-08-03 06:30:59.088767,1785738659,6664,2.28379629629628,2.28379629629628,2.45,2.45,0.27,0.27,1,1
1,2026-08-03 06:31:00.099852,1785738660,6665,2.2497685185185,2.2497685185185,2.45,2.45,0.18,0.18,1,1
1,2026-08-03 06:31:01.100979,1785738661,6666,2.20439814814813,2.20439814814813,2.45,2.45,0.09,0.09,1,1
1,2026-08-03 06:31:02.133205,1785738662,6667,2.15902777777776,2.15902777777776,2.45,2.45,0.9,0.9,1,1
1,2026-08-03 06:31:03.135381,1785738663,6668,2.11365740740738,2.11365740740738,2.45,2.45,0.81,0.81,1,1
1,2026-08-03 06:31:04.137708,1785738664,6669,2.07962962962961,2.07962962962961,2.45,2.45,0.72,0.72,1,1
1,2026-08-03 06:31:05.139673,1785738665,6670,2.03425925925924,2.03425925925924,2.45,2.45,0.63,0.63,1,1
1,2026-08-03 06:31:06.141038,1785738666,6671,1.98888888888886,1.98888888888886,2.45,2.45,0.54,0.54,1,1
1,2026-08-03 06:31:07.144832,1785738667,6672,3.606,3.606,2.45,2.45,0.45,0.45,1,1
1,2026-08-03 06:31:08.146020,1785738668,6673,3.055,3.055,2.45,2.45,0.36,0.36,1,1
1,2026-08-03 06:31:09.156012,1785738669,6674,2.504,2.504,2.45,2.45,0.27,0.27,1,1
1,2026-08-03 06:31:10.161498,1785738670,6675,1.83009259259257,1.83009259259257,2.45,2.45,0.18,0.18,1,1
1,2026-08-03 06:31:11.192891,1785738671,6676,1.78472222222219,1.78472222222219,2.45,2.45,0.09,0.09,1,1
1,2026-08-03 06:31:12.219525,1785738672,6677,1.73935185185182,1.73935185185182,2.45,2.45,0.9,0.9,1,1
1,2026-08-03 06:31:13.229389,1785738673,6678,1.69398148148145,1.69398148148145,2.45,2.45,0.81,0.81,1,1
1,2026-08-03 06:31:14.265422,1785738674,6679,1.64861111111108,1.64861111111108,2.45,2.45,0.72,0.72,1,1
1,2026-08-03 06:31:15.267407,1785738675,6680,1.6145833333333,1.6145833333333,2.45,2.45,0.72,0.72,1,1
1,2026-08-03 06:31:16.282058,1785738676,6681,1.56921296296293,1.56921296296293,2.45,2.45,0.63,0.63,1,1
1,2026-08-03 06:31:17.292689,1785738677,6682,1.52384259259256,1.52384259259256,2.45,2.45,0.54,0.54,1,1
1,2026-08-03 06:31:18.300863,1785738678,6683,1.48981481481478,1.48981481481478,2.45,2.45,0.45,0.45,1,1
1,2026-08-03 06:31:19.303416,1785738679,6684,1.44444444444441,1.44444444444441,2.45,2.45,0.36,0.36,1,1
1,2026-08-03 06:31:20.309649,1785738680,6685,1.39907407407404,1.39907407407404,2.45,2.45,0.27,0.27,1,1
1,2026-08-03 06:31:21.312521,1785738681,6686,1.36504629629626,1.36504629629626,2.45,2.45,0.18,0.18,1,1
1,2026-08-03 06:31:22.313789,1785738682,6687,1.31967592592589,1.31967592592589,2.45,2.45,0.09,0.09,1,1
1,2026-08-03 06:31:23.319417,1785738683,6688,1.27430555555552,1.27430555555552,2.45,2.45,0.9,0.9,1,1
1,2026-08-03 06:31:24.329196,1785738684,6689,1.22893518518515,1.22893518518515,2.45,2.45,0.81,0.81,1,1
1,2026-08-03 06:31:25.338496,1785738685,6690,1.19490740740737,1.19490740740737,2.45,2.45,0.72,0.72,1,1
1,2026-08-03 06:31:26.340519,1785738686,6691,1.149537037037,1.149537037037,2.45,2.45,0.63,0.63,1,1
1,2026-08-03 06:31:27.342198,1785738687,6692,1.10416666666663,1.10416666666663,2.45,2.45,0.54,0.54,1,1
1,2026-08-03 06:31:28.344697,1785738688,6693,1.07013888888885,1.07013888888885,2.45,2.45,0.45,0.45,1,1
1,2026-08-03 06:31:29.868440,1785738689,6694,1.02476851851848,1.02476851851848,2.45,2.45,0.36,0.36,1,1
1,2026-08-03 06:31:30.871518,1785738690,6695,0.979398148148111,0.979398148148111,2.45,2.45,0.27,0.27,1,1
1,2026-08-03 06:31:31.904511,1785738691,6696,0.945370370370334,0.945370370370334,2.45,2.45,0.18,0.18,1,1
1,2026-08-03 06:31:32.940381,1785738692,6697,0.899999999999963,0.899999999999963,2.45,2.45,0.09,0.09,1,1
1,2026-08-03 06:31:34.031619,1785738694,6698,0.854629629629593,0.854629629629593,2.45,2.45,0.9,0.9,1,1
1,2026-08-03 06:31:35.040210,1785738695,6699,0.820601851851815,0.820601851851815,2.45,2.45,0.81,0.81,1,1
1,2026-08-03 06:31:36.043263,1785738696,6700,0.775231481481445,0.775231481481445,2.45,2.45,0.72,0.72,1,1
1,2026-08-03 06:31:37.046304,1785738697,6701,0.729861111111074,0.729861111111074,2.45,2.45,0.63,0.63,1,1
1,2026-08-03 06:31:38.058760,1785738698,6702,0.695833333333297,0.695833333333297,2.45,2.45,0.54,0.54,1,1
1,2026-08-03 06:31:39.401963,1785738699,6703,0.661805555555519,0.661805555555519,2.45,2.45,0.45,0.45,1,1
1,2026-08-03 06:31:40.403387,1785738700,6704,0.616435185185149,0.616435185185149,2.45,2.45,0.27,0.27,1,1
1,2026-08-03 06:31:41.447139,1785738701,6705,0.571064814814778,0.571064814814778,2.45,2.45,0.18,0.18,1,1
1,2026-08-03 06:31:42.484931,1785738702,6706,0.525694444444408,0.525694444444408,2.45,2.45,0.09,0.09,1,1
1,2026-08-03 06:31:43.488307,1785738703,6707,0.851,0.851,2.45,2.45,0.9,0.9,1,1
1,2026-08-03 06:31:44.524377,1785738704,6708,0.434953703703667,0.434953703703667,2.45,2.45,0.81,0.81,1,1
1,2026-08-03 06:31:45.554341,1785738705,6709,5.259,5.259,2.45,2.45,0.72,0.72,1,1
1,2026-08-03 06:31:46.556434,1785738706,6710,4.708,4.708,2.45,2.45,0.63,0.63,1,1
1,2026-08-03 06:31:47.557327,1785738707,6711,4.157,4.157,2.45,2.45,0.54,0.54,1,1
1,2026-08-03 06:31:48.571332,1785738708,6712,0.298842592592556,0.298842592592556,2.45,2.45,0.45,0.45,1,1
1,2026-08-03 06:31:49.595311,1785738709,6713,3.606,3.606,2.45,2.45,0.36,0.36,1,1
1,2026-08-03 06:31:50.600337,1785738710,6714,5.78865740740741,5.78865740740741,2.45,2.45,0.27,0.27,1,1
1,2026-08-03 06:31:51.605454,1785738711,6715,5.75462962962963,5.75462962962963,2.45,2.45,0.18,0.18,1,1
1,2026-08-03 06:31:52.660147,1785738712,6716,5.72060185185185,5.72060185185185,2.45,2.45,0.09,0.09,1,1
1,2026-08-03 06:31:53.662226,1785738713,6717,5.67523148148149,5.67523148148149,2.45,2.45,0.9,0.9,1,1
1,2026-08-03 06:31:54.687694,1785738714,6718,5.81,5.81,2.45,2.45,0.81,0.81,1,1
1,2026-08-03 06:31:55.692915,1785738715,6719,5.59583333333334,5.59583333333334,2.45,2.45,0.72,0.72,1,1
1,2026-08-03 06:31:56.715625,1785738716,6720,5.55046296296297,5.55046296296297,2.45,2.45,0.63,0.63,1,1
1,2026-08-03 06:31:57.721229,1785738717,6721,5.5050925925926,5.5050925925926,2.45,2.45,0.54,0.54,1,1
1,2026-08-03 06:31:58.783886,1785738718,6722,5.45972222222224,5.45972222222224,2.45,2.45,0.45,0.45,1,1
1,2026-08-03 06:31:59.789782,1785738719,6723,3.055,3.055,2.45,2.45,0.36,0.36,1,1
1,2026-08-03 06:32:00.848219,1785738720,6724,5.38032407407409,5.38032407407409,2.45,2.45,0.27,0.27,1,1
1,2026-08-03 06:32:01.850174,1785738721,6725,1.953,1.953,2.45,2.45,0.18,0.18,1,1
1,2026-08-03 06:32:03.375107,1785738723,6726,5.30092592592594,5.30092592592594,2.45,2.45,0.09,0.09,1,1
1,2026-08-03 06:32:04.417444,1785738724,6727,5.25555555555557,5.25555555555557,2.45,2.45,0.9,0.9,1,1
1,2026-08-03 06:32:05.427959,1785738725,6728,5.2101851851852,5.2101851851852,2.45,2.45,0.81,0.81,1,1
1,2026-08-03 06:32:06.455689,1785738726,6729,5.16481481481483,5.16481481481483,2.45,2.45,0.72,0.72,1,1
1,2026-08-03 06:32:07.460482,1785738727,6730,5.11944444444446,5.11944444444446,2.45,2.45,0.63,0.63,1,1
1,2026-08-03 06:32:08.485335,1785738728,6731,4.157,4.157,2.45,2.45,0.54,0.54,1,1
1,2026-08-03 06:32:09.510026,1785738729,6732,3.606,3.606,2.45,2.45,0.45,0.45,1,1
1,2026-08-03 06:32:10.519884,1785738730,6733,4.99467592592594,4.99467592592594,2.45,2.45,0.36,0.36,1,1
1,2026-08-03 06:32:11.545334,1785738731,6734,2.504,2.504,2.45,2.45,0.27,0.27,1,1
1,2026-08-03 06:32:12.548008,1785738732,6735,1.953,1.953,2.45,2.45,0.18,0.18,1,1
1,2026-08-03 06:32:13.559258,1785738733,6736,1.402,1.402,2.45,2.45,0.18,0.18,1,1
1,2026-08-03 06:32:14.578713,1785738734,6737,0.851,0.851,2.45,2.45,0.09,0.09,1,1
1,2026-08-03 06:32:15.589353,1785738735,6738,5.81,5.81,2.45,2.45,0.9,0.9,1,1
1,2026-08-03 06:32:16.603663,1785738736,6739,4.73379629629631,4.73379629629631,2.45,2.45,0.81,0.81,1,1
1,2026-08-03 06:32:17.662098,1785738737,6740,4.68842592592594,4.68842592592594,2.45,2.45,0.63,0.63,1,1
1,2026-08-03 06:32:18.674016,1785738738,6741,4.157,4.157,2.45,2.45,0.54,0.54,1,1
1,2026-08-03 06:32:19.676287,1785738739,6742,3.606,3.606,2.45,2.45,0.45,0.45,1,1
1,2026-08-03 06:32:20.697676,1785738740,6743,3.055,3.055,2.45,2.45,0.36,0.36,1,1
1,2026-08-03 06:32:21.707826,1785738741,6744,2.504,2.504,2.45,2.45,0.27,0.27,1,1
1,2026-08-03 06:32:22.740138,1785738742,6745,4.47291666666667,4.47291666666667,2.45,2.45,0.18,0.18,1,1
1,2026-08-03 06:32:23.742642,1785738743,6746,1.402,1.402,2.45,2.45,0.09,0.09,1,1
1,2026-08-03 06:32:24.753818,1785738744,6747,0.851,0.851,2.45,2.45,0.9,0.9,1,1
1,2026-08-03 06:32:25.795631,1785738745,6748,4.34814814814815,4.34814814814815,2.45,2.45,0.81,0.81,1,1
1,2026-08-03 06:32:26.805814,1785738746,6749,5.259,5.259,2.45,2.45,0.72,0.72,1,1
1,2026-08-03 06:32:27.810440,1785738747,6750,4.708,4.708,2.45,2.45,0.63,0.63,1,1
1,2026-08-03 06:32:28.821647,1785738748,6751,4.22337962962963,4.22337962962963,2.45,2.45,0.54,0.54,1,1
1,2026-08-03 06:32:29.847125,1785738749,6752,3.606,3.606,2.45,2.45,0.45,0.45,1,1
1,2026-08-03 06:32:30.869356,1785738750,6753,3.055,3.055,2.45,2.45,0.36,0.36,1,1
1,2026-08-03 06:32:31.915528,1785738751,6754,2.504,2.504,2.45,2.45,0.27,0.27,1,1
1,2026-08-03 06:32:32.917992,1785738752,6755,1.953,1.953,2.45,2.45,0.18,0.18,1,1
1,2026-08-03 06:32:33.930749,1785738753,6756,1.402,1.402,2.45,2.45,0.09,0.09,1,1
1,2026-08-03 06:32:34.944513,1785738754,6757,3.97384259259259,3.97384259259259,2.45,2.45,0.9,0.9,1,1
1,2026-08-03 06:32:36.474646,1785738756,6758,3.92847222222222,3.92847222222222,2.45,2.45,0.81,0.81,1,1
1,2026-08-03 06:32:37.563475,1785738757,6759,5.259,5.259,2.45,2.45,0.72,0.72,1,1
1,2026-08-03 06:32:38.568208,1785738758,6760,4.708,4.708,2.45,2.45,0.63,0.63,1,1
1,2026-08-03 06:32:39.572400,1785738759,6761,4.157,4.157,2.45,2.45,0.54,0.54,1,1
1,2026-08-03 06:32:40.588014,1785738760,6762,3.606,3.606,2.45,2.45,0.45,0.45,1,1
1,2026-08-03 06:32:41.590301,1785738761,6763,3.055,3.055,2.45,2.45,0.36,0.36,1,1
1,2026-08-03 06:32:42.612667,1785738762,6764,3.67893518518518,3.67893518518518,2.45,2.45,0.27,0.27,1,1
1,2026-08-03 06:32:43.752644,1785738763,6765,1.953,1.953,2.45,2.45,0.18,0.18,1,1
1,2026-08-03 06:32:44.973862,1785738764,6766,1.402,1.402,2.45,2.45,0.09,0.09,1,1
1,2026-08-03 06:32:45.975711,1785738765,6767,0.851,0.851,2.45,2.45,0.9,0.9,1,1
1,2026-08-03 06:32:46.981257,1785738766,6768,5.81,5.81,2.45,2.45,0.81,0.81,1,1
1,2026-08-03 06:32:48.271216,1785738768,6769,3.45208333333333,3.45208333333333,2.45,2.45,0.72,0.72,1,1
1,2026-08-03 06:32:49.295222,1785738769,6770,3.40671296296296,3.40671296296296,2.45,2.45,0.63,0.63,1,1
1,2026-08-03 06:32:50.311251,1785738770,6771,3.36134259259259,3.36134259259259,2.45,2.45,0.54,0.54,1,1
1,2026-08-03 06:32:51.316282,1785738771,6772,3.31597222222221,3.31597222222221,2.45,2.45,0.45,0.45,1,1
1,2026-08-03 06:32:52.326952,1785738772,6773,3.27060185185184,3.27060185185184,2.45,2.45,0.36,0.36,1,1
1,2026-08-03 06:32:53.378528,1785738773,6774,3.23657407407407,3.23657407407407,2.45,2.45,0.27,0.27,1,1
1,2026-08-03 06:32:54.383894,1785738774,6775,3.19120370370369,3.19120370370369,2.45,2.45,0.18,0.18,1,1
1,2026-08-03 06:32:55.408620,1785738775,6776,3.14583333333332,3.14583333333332,2.45,2.45,0.09,0.09,1,1
1,2026-08-03 06:32:56.461504,1785738776,6777,3.10046296296295,3.10046296296295,2.45,2.45,0.9,0.9,1,1
1,2026-08-03 06:32:57.475671,1785738777,6778,3.05509259259258,3.05509259259258,2.45,2.45,0.81,0.81,1,1
1,2026-08-03 06:32:58.476943,1785738778,6779,3.0210648148148,3.0210648148148,2.45,2.45,0.72,0.72,1,1
1,2026-08-03 06:32:59.479487,1785738779,6780,2.97569444444443,2.97569444444443,2.45,2.45,0.63,0.63,1,1
1,2026-08-03 06:33:00.483215,1785738780,6781,2.93032407407406,2.93032407407406,2.45,2.45,0.54,0.54,1,1
1,2026-08-03 06:33:01.487994,1785738781,6782,2.89629629629628,2.89629629629628,2.45,2.45,0.45,0.45,1,1
1,2026-08-03 06:33:02.495814,1785738782,6783,2.85092592592591,2.85092592592591,2.45,2.45,0.36,0.36,1,1
1,2026-08-03 06:33:03.501420,1785738783,6784,2.80555555555554,2.80555555555554,2.45,2.45,0.27,0.27,1,1
1,2026-08-03 06:33:04.515533,1785738784,6785,2.76018518518517,2.76018518518517,2.45,2.45,0.18,0.18,1,1
1,2026-08-03 06:33:05.525434,1785738785,6786,2.72615740740739,2.72615740740739,2.45,2.45,0.09,0.09,1,1
1,2026-08-03 06:33:06.553815,1785738786,6787,2.68078703703702,2.68078703703702,2.45,2.45,0.9,0.9,1,1
1,2026-08-03 06:33:07.577057,1785738787,6788,2.63541666666665,2.63541666666665,2.45,2.45,0.81,0.81,1,1
1,2026-08-03 06:33:09.098435,1785738789,6789,2.59004629629628,2.59004629629628,2.45,2.45,0.72,0.72,1,1
1,2026-08-03 06:33:10.105505,1785738790,6790,2.5560185185185,2.5560185185185,2.45,2.45,0.63,0.63,1,1
1,2026-08-03 06:33:11.118794,1785738791,6791,2.51064814814813,2.51064814814813,2.45,2.45,0.54,0.54,1,1
1,2026-08-03 06:33:12.120846,1785738792,6792,2.46527777777776,2.46527777777776,2.45,2.45,0.45,0.45,1,1
1,2026-08-03 06:33:13.568671,1785738793,6793,3.055,3.055,2.45,2.45,0.36,0.36,1,1
1,2026-08-03 06:33:14.570787,1785738794,6794,2.37453703703702,2.37453703703702,2.45,2.45,0.27,0.27,1,1
1,2026-08-03 06:33:15.572138,1785738795,6795,2.34050925925924,2.34050925925924,2.45,2.45,0.18,0.18,1,1
1,2026-08-03 06:33:16.584717,1785738796,6796,2.29513888888887,2.29513888888887,2.45,2.45,0.09,0.09,1,1
1,2026-08-03 06:33:17.590943,1785738797,6797,2.2497685185185,2.2497685185185,2.45,2.45,0.9,0.9,1,1
1,2026-08-03 06:33:18.592805,1785738798,6798,2.20439814814813,2.20439814814813,2.45,2.45,0.81,0.81,1,1
1,2026-08-03 06:33:19.598554,1785738799,6799,2.17037037037035,2.17037037037035,2.45,2.45,0.72,0.72,1,1
1,2026-08-03 06:33:20.602446,1785738800,6800,2.12499999999998,2.12499999999998,2.45,2.45,0.63,0.63,1,1
1,2026-08-03 06:33:21.609322,1785738801,6801,2.07962962962961,2.07962962962961,2.45,2.45,0.54,0.54,1,1
1,2026-08-03 06:33:22.610727,1785738802,6802,2.03425925925924,2.03425925925924,2.45,2.45,0.45,0.45,1,1
1,2026-08-03 06:33:23.612546,1785738803,6803,3.055,3.055,2.45,2.45,0.36,0.36,1,1
1,2026-08-03 06:33:24.706599,1785738804,6804,2.504,2.504,2.45,2.45,0.27,0.27,1,1
1,2026-08-03 06:33:25.777990,1785738805,6805,1.90949074074071,1.90949074074071,2.45,2.45,0.18,0.18,1,1
1,2026-08-03 06:33:26.936189,1785738806,6806,1.86412037037034,1.86412037037034,2.45,2.45,0.09,0.09,1,1
1,2026-08-03 06:33:28.030562,1785738808,6807,1.81874999999997,1.81874999999997,2.45,2.45,0.9,0.9,1,1
1,2026-08-03 06:33:29.101674,1785738809,6808,1.7733796296296,1.7733796296296,2.45,2.45,0.81,0.81,1,1
1,2026-08-03 06:33:30.115529,1785738810,6809,1.72800925925923,1.72800925925923,2.45,2.45,0.72,0.72,1,1
1,2026-08-03 06:33:31.121583,1785738811,6810,1.68263888888886,1.68263888888886,2.45,2.45,0.63,0.63,1,1
1,2026-08-03 06:33:32.125058,1785738812,6811,1.63726851851849,1.63726851851849,2.45,2.45,0.54,0.54,1,1
1,2026-08-03 06:33:33.126682,1785738813,6812,3.606,3.606,2.45,2.45,0.45,0.45,1,1
1,2026-08-03 06:33:34.139132,1785738814,6813,3.055,3.055,2.45,2.45,0.36,0.36,1,1
1,2026-08-03 06:33:35.149785,1785738815,6814,2.504,2.504,2.45,2.45,0.27,0.27,1,1
1,2026-08-03 06:33:36.162083,1785738816,6815,1.953,1.953,2.45,2.45,0.18,0.18,1,1
1,2026-08-03 06:33:37.166340,1785738817,6816,1.402,1.402,2.45,2.45,0.09,0.09,1,1
1,2026-08-03 06:33:38.176741,1785738818,6817,0.851,0.851,2.45,2.45,0.9,0.9,1,1
1,2026-08-03 06:33:39.182389,1785738819,6818,5.81,5.81,2.45,2.45,0.81,0.81,1,1
1,2026-08-03 06:33:40.194193,1785738820,6819,5.259,5.259,2.45,2.45,0.72,0.72,1,1
1,2026-08-03 06:33:41.224020,1785738821,6820,1.26296296296293,1.26296296296293,2.45,2.45,0.63,0.63,1,1
1,2026-08-03 06:33:42.750494,1785738822,6821,4.157,4.157,2.45,2.45,0.54,0.54,1,1
1,2026-08-03 06:33:43.763801,1785738823,6822,3.606,3.606,2.45,2.45,0.45,0.45,1,1
1,2026-08-03 06:33:44.765055,1785738824,6823,3.055,3.055,2.45,2.45,0.36,0.36,1,1
1,2026-08-03 06:33:45.776007,1785738825,6824,2.504,2.504,2.45,2.45,0.27,0.27,1,1
1,2026-08-03 06:33:46.794005,1785738826,6825,1.04745370370367,1.04745370370367,2.45,2.45,0.18,0.18,1,1
1,2026-08-03 06:33:47.833366,1785738827,6826,1.402,1.402,2.45,2.45,0.09,0.09,1,1
1,2026-08-03 06:33:48.843849,1785738828,6827,0.956712962962926,0.956712962962926,2.45,2.45,0.9,0.9,1,1
1,2026-08-03 06:33:49.868582,1785738829,6828,5.81,5.81,2.45,2.45,0.81,0.81,1,1
1,2026-08-03 06:33:50.879023,1785738830,6829,5.259,5.259,2.45,2.45,0.72,0.72,1,1
1,2026-08-03 06:33:51.926429,1785738831,6830,4.708,4.708,2.45,2.45,0.63,0.63,1,1
1,2026-08-03 06:33:52.928504,1785738832,6831,4.157,4.157,2.45,2.45,0.54,0.54,1,1
1,2026-08-03 06:33:53.944172,1785738833,6832,3.606,3.606,2.45,2.45,0.45,0.45,1,1
1,2026-08-03 06:33:54.974601,1785738834,6833,0.695833333333297,0.695833333333297,2.45,2.45,0.36,0.36,1,1
1,2026-08-03 06:33:56.011051,1785738836,6834,2.504,2.504,2.45,2.45,0.27,0.27,1,1
1,2026-08-03 06:33:57.049029,1785738837,6835,1.953,1.953,2.45,2.45,0.18,0.18,1,1
1,2026-08-03 06:33:58.059336,1785738838,6836,1.402,1.402,2.45,2.45,0.09,0.09,1,1
1,2026-08-03 06:33:59.079220,1785738839,6837,0.525694444444408,0.525694444444408,2.45,2.45,0.9,0.9,1,1
1,2026-08-03 06:34:00.119165,1785738840,6838,5.81,5.81,2.45,2.45,0.81,0.81,1,1
1,2026-08-03 06:34:01.120874,1785738841,6839,0.44629629629626,0.44629629629626,2.45,2.45,0.72,0.72,1,1
1,2026-08-03 06:34:02.135309,1785738842,6840,0.400925925925889,0.400925925925889,2.45,2.45,0.63,0.63,1,1
1,2026-08-03 06:34:03.148510,1785738843,6841,0.355555555555519,0.355555555555519,2.45,2.45,0.54,0.54,1,1
1,2026-08-03 06:34:04.196975,1785738844,6842,0.310185185185149,0.310185185185149,2.45,2.45,0.45,0.45,1,1
1,2026-08-03 06:34:05.200345,1785738845,6843,3.055,3.055,2.45,2.45,0.36,0.36,1,1
1,2026-08-03 06:34:06.257325,1785738846,6844,2.504,2.504,2.45,2.45,0.27,0.27,1,1
1,2026-08-03 06:34:07.361948,1785738847,6845,5.78865740740741,5.78865740740741,2.45,2.45,0.27,0.27,1,1
1,2026-08-03 06:34:08.418148,1785738848,6846,1.402,1.402,2.45,2.45,0.18,0.18,1,1
1,2026-08-03 06:34:09.453036,1785738849,6847,0.851,0.851,2.45,2.45,0.9,0.9,1,1
1,2026-08-03 06:34:10.461554,1785738850,6848,5.81,5.81,2.45,2.45,0.81,0.81,1,1
1,2026-08-03 06:34:11.557666,1785738851,6849,5.259,5.259,2.45,2.45,0.72,0.72,1,1
1,2026-08-03 06:34:12.558859,1785738852,6850,4.708,4.708,2.45,2.45,0.63,0.63,1,1
1,2026-08-03 06:34:13.623238,1785738853,6851,5.53912037037038,5.53912037037038,2.45,2.45,0.54,0.54,1,1
1,2026-08-03 06:34:15.150492,1785738855,6852,3.606,3.606,2.45,2.45,0.45,0.45,1,1
1,2026-08-03 06:34:16.161635,1785738856,6853,3.055,3.055,2.45,2.45,0.36,0.36,1,1
1,2026-08-03 06:34:17.177493,1785738857,6854,2.504,2.504,2.45,2.45,0.27,0.27,1,1
1,2026-08-03 06:34:18.188963,1785738858,6855,1.953,1.953,2.45,2.45,0.18,0.18,1,1
1,2026-08-03 06:34:19.200696,1785738859,6856,1.402,1.402,2.45,2.45,0.09,0.09,1,1
1,2026-08-03 06:34:20.235251,1785738860,6857,5.30092592592594,5.30092592592594,2.45,2.45,0.9,0.9,1,1
1,2026-08-03 06:34:21.248845,1785738861,6858,5.81,5.81,2.45,2.45,0.81,0.81,1,1
1,2026-08-03 06:34:22.270529,1785738862,6859,5.259,5.259,2.45,2.45,0.72,0.72,1,1
1,2026-08-03 06:34:23.273018,1785738863,6860,5.16481481481483,5.16481481481483,2.45,2.45,0.63,0.63,1,1
1,2026-08-03 06:34:24.294753,1785738864,6861,5.13078703703705,5.13078703703705,2.45,2.45,0.54,0.54,1,1
1,2026-08-03 06:34:25.335498,1785738865,6862,3.606,3.606,2.45,2.45,0.45,0.45,1,1
1,2026-08-03 06:34:26.342425,1785738866,6863,5.04004629629631,5.04004629629631,2.45,2.45,0.36,0.36,1,1
1,2026-08-03 06:34:27.402925,1785738867,6864,2.504,2.504,2.45,2.45,0.27,0.27,1,1
1,2026-08-03 06:34:28.412221,1785738868,6865,1.953,1.953,2.45,2.45,0.18,0.18,1,1
1,2026-08-03 06:34:29.418914,1785738869,6866,4.9039351851852,4.9039351851852,2.45,2.45,0.09,0.09,1,1
1,2026-08-03 06:34:30.438317,1785738870,6867,0.851,0.851,2.45,2.45,0.9,0.9,1,1
1,2026-08-03 06:34:31.443091,1785738871,6868,5.81,5.81,2.45,2.45,0.81,0.81,1,1
1,2026-08-03 06:34:32.453668,1785738872,6869,5.259,5.259,2.45,2.45,0.72,0.72,1,1
1,2026-08-03 06:34:33.499638,1785738873,6870,4.76782407407408,4.76782407407408,2.45,2.45,0.63,0.63,1,1
1,2026-08-03 06:34:34.501219,1785738874,6871,4.157,4.157,2.45,2.45,0.54,0.54,1,1
1,2026-08-03 06:34:35.513384,1785738875,6872,4.67708333333334,4.67708333333334,2.45,2.45,0.45,0.45,1,1
1,2026-08-03 06:34:36.514652,1785738876,6873,3.055,3.055,2.45,2.45,0.36,0.36,1,1
1,2026-08-03 06:34:37.537841,1785738877,6874,4.59768518518519,4.59768518518519,2.45,2.45,0.27,0.27,1,1
1,2026-08-03 06:34:38.543224,1785738878,6875,4.55231481481482,4.55231481481482,2.45,2.45,0.18,0.18,1,1
1,2026-08-03 06:34:39.647373,1785738879,6876,1.402,1.402,2.45,2.45,0.09,0.09,1,1
1,2026-08-03 06:34:40.662071,1785738880,6877,0.851,0.851,2.45,2.45,0.9,0.9,1,1
1,2026-08-03 06:34:41.700356,1785738881,6878,5.81,5.81,2.45,2.45,0.81,0.81,1,1
1,2026-08-03 06:34:42.743499,1785738882,6879,4.38217592592593,4.38217592592593,2.45,2.45,0.72,0.72,1,1
1,2026-08-03 06:34:43.896789,1785738883,6880,4.708,4.708,2.45,2.45,0.72,0.72,1,1
1,2026-08-03 06:34:44.921395,1785738884,6881,4.30277777777778,4.30277777777778,2.45,2.45,0.63,0.63,1,1
1,2026-08-03 06:34:45.927949,1785738885,6882,4.25740740740741,4.25740740740741,2.45,2.45,0.54,0.54,1,1
1,2026-08-03 06:34:46.951097,1785738886,6883,4.21203703703704,4.21203703703704,2.45,2.45,0.36,0.36,1,1
1,2026-08-03 06:34:48.484557,1785738888,6884,4.16666666666667,4.16666666666667,2.45,2.45,0.27,0.27,1,1
1,2026-08-03 06:34:49.505905,1785738889,6885,4.13263888888889,4.13263888888889,2.45,2.45,0.18,0.18,1,1
1,2026-08-03 06:34:50.525656,1785738890,6886,4.08726851851852,4.08726851851852,2.45,2.45,0.09,0.09,1,1
1,2026-08-03 06:34:51.530316,1785738891,6887,4.04189814814815,4.04189814814815,2.45,2.45,0.9,0.9,1,1
1,2026-08-03 06:34:52.534982,1785738892,6888,3.99652777777778,3.99652777777778,2.45,2.45,0.81,0.81,1,1
1,2026-08-03 06:34:53.571141,1785738893,6889,3.95115740740741,3.95115740740741,2.45,2.45,0.72,0.72,1,1
1,2026-08-03 06:34:54.574147,1785738894,6890,3.91712962962963,3.91712962962963,2.45,2.45,0.63,0.63,1,1
1,2026-08-03 06:34:55.576847,1785738895,6891,3.87175925925926,3.87175925925926,2.45,2.45,0.54,0.54,1,1
1,2026-08-03 06:34:56.591461,1785738896,6892,3.83773148148148,3.83773148148148,2.45,2.45,0.45,0.45,1,1
1,2026-08-03 06:34:57.627349,1785738897,6893,3.79236111111111,3.79236111111111,2.45,2.45,0.36,0.36,1,1
1,2026-08-03 06:34:58.638417,1785738898,6894,3.74699074074074,3.74699074074074,2.45,2.45,0.27,0.27,1,1
1,2026-08-03 06:34:59.644810,1785738899,6895,3.71296296296296,3.71296296296296,2.45,2.45,0.18,0.18,1,1
1,2026-08-03 06:35:00.665388,1785738900,6896,3.66759259259259,3.66759259259259,2.45,2.45,0.09,0.09,1,1
1,2026-08-03 06:35:01.677194,1785738901,6897,3.63356481481481,3.63356481481481,2.45,2.45,0.9,0.9,1,1
1,2026-08-03 06:35:02.682903,1785738902,6898,3.59953703703703,3.59953703703703,2.45,2.45,0.81,0.81,1,1
1,2026-08-03 06:35:03.728257,1785738903,6899,5.259,5.259,2.45,2.45,0.72,0.72,1,1
1,2026-08-03 06:35:04.730730,1785738904,6900,3.52013888888888,3.52013888888888,2.45,2.45,0.63,0.63,1,1
1,2026-08-03 06:35:05.734221,1785738905,6901,3.47476851851851,3.47476851851851,2.45,2.45,0.54,0.54,1,1
1,2026-08-03 06:35:06.746088,1785738906,6902,3.42939814814814,3.42939814814814,2.45,2.45,0.45,0.45,1,1
1,2026-08-03 06:35:07.758199,1785738907,6903,3.38402777777777,3.38402777777777,2.45,2.45,0.36,0.36,1,1
1,2026-08-03 06:35:08.782697,1785738908,6904,2.504,2.504,2.45,2.45,0.27,0.27,1,1
1,2026-08-03 06:35:09.784999,1785738909,6905,3.30462962962962,3.30462962962962,2.45,2.45,0.18,0.18,1,1
1,2026-08-03 06:35:10.795746,1785738910,6906,3.25925925925925,3.25925925925925,2.45,2.45,0.09,0.09,1,1
1,2026-08-03 06:35:11.820189,1785738911,6907,3.21388888888888,3.21388888888888,2.45,2.45,0.9,0.9,1,1
1,2026-08-03 06:35:12.854359,1785738912,6908,5.81,5.81,2.45,2.45,0.81,0.81,1,1
1,2026-08-03 06:35:13.856488,1785738913,6909,5.259,5.259,2.45,2.45,0.72,0.72,1,1
1,2026-08-03 06:35:14.868040,1785738914,6910,3.08912037037036,3.08912037037036,2.45,2.45,0.63,0.63,1,1
1,2026-08-03 06:35:16.066706,1785738916,6911,4.157,4.157,2.45,2.45,0.54,0.54,1,1
1,2026-08-03 06:35:17.081878,1785738917,6912,3.0210648148148,3.0210648148148,2.45,2.45,0.45,0.45,1,1
1,2026-08-03 06:35:18.082701,1785738918,6913,2.97569444444443,2.97569444444443,2.45,2.45,0.36,0.36,1,1
1,2026-08-03 06:35:19.113860,1785738919,6914,2.504,2.504,2.45,2.45,0.27,0.27,1,1
1,2026-08-03 06:35:20.121459,1785738920,6915,1.953,1.953,2.45,2.45,0.18,0.18,1,1
1,2026-08-03 06:35:21.641036,1785738921,6916,2.85092592592591,2.85092592592591,2.45,2.45,0.09,0.09,1,1
1,2026-08-03 06:35:22.661578,1785738922,6917,0.851,0.851,2.45,2.45,0.9,0.9,1,1
1,2026-08-03 06:35:23.662812,1785738923,6918,5.81,5.81,2.45,2.45,0.81,0.81,1,1
1,2026-08-03 06:35:24.707019,1785738924,6919,2.72615740740739,2.72615740740739,2.45,2.45,0.72,0.72,1,1
1,2026-08-03 06:35:25.711480,1785738925,6920,4.708,4.708,2.45,2.45,0.63,0.63,1,1
1,2026-08-03 06:35:26.738925,1785738926,6921,4.157,4.157,2.45,2.45,0.54,0.54,1,1
1,2026-08-03 06:35:27.744881,1785738927,6922,3.606,3.606,2.45,2.45,0.45,0.45,1,1
1,2026-08-03 06:35:28.755775,1785738928,6923,2.56736111111109,2.56736111111109,2.45,2.45,0.36,0.36,1,1
1,2026-08-03 06:35:29.823977,1785738929,6924,2.504,2.504,2.45,2.45,0.27,0.27,1,1
1,2026-08-03 06:35:30.841299,1785738930,6925,1.953,1.953,2.45,2.45,0.18,0.18,1,1
1,2026-08-03 06:35:31.970429,1785738931,6926,1.402,1.402,2.45,2.45,0.09,0.09,1,1
1,2026-08-03 06:35:33.055948,1785738933,6927,0.851,0.851,2.45,2.45,0.9,0.9,1,1
1,2026-08-03 06:35:34.099104,1785738934,6928,2.36319444444442,2.36319444444442,2.45,2.45,0.81,0.81,1,1
1,2026-08-03 06:35:35.140241,1785738935,6929,2.31782407407405,2.31782407407405,2.45,2.45,0.72,0.72,1,1
1,2026-08-03 06:35:36.144774,1785738936,6930,2.27245370370368,2.27245370370368,2.45,2.45,0.63,0.63,1,1
1,2026-08-03 06:35:37.177570,1785738937,6931,2.2384259259259,2.2384259259259,2.45,2.45,0.54,0.54,1,1
1,2026-08-03 06:35:38.182375,1785738938,6932,2.19305555555553,2.19305555555553,2.45,2.45,0.45,0.45,1,1
1,2026-08-03 06:35:39.183712,1785738939,6933,2.14768518518516,2.14768518518516,2.45,2.45,0.36,0.36,1,1
1,2026-08-03 06:35:40.260778,1785738940,6934,2.504,2.504,2.45,2.45,0.27,0.27,1,1
1,2026-08-03 06:35:41.268120,1785738941,6935,2.06828703703701,2.06828703703701,2.45,2.45,0.18,0.18,1,1
1,2026-08-03 06:35:42.280962,1785738942,6936,2.02291666666664,2.02291666666664,2.45,2.45,0.09,0.09,1,1
1,2026-08-03 06:35:43.282586,1785738943,6937,1.98888888888886,1.98888888888886,2.45,2.45,0.9,0.9,1,1
1,2026-08-03 06:35:44.345345,1785738944,6938,1.94351851851849,1.94351851851849,2.45,2.45,0.81,0.81,1,1
1,2026-08-03 06:35:45.446992,1785738945,6939,1.89814814814812,1.89814814814812,2.45,2.45,0.72,0.72,1,1
1,2026-08-03 06:35:46.447988,1785738946,6940,1.85277777777775,1.85277777777775,2.45,2.45,0.63,0.63,1,1
1,2026-08-03 06:35:47.461481,1785738947,6941,1.81874999999997,1.81874999999997,2.45,2.45,0.54,0.54,1,1
1,2026-08-03 06:35:48.463126,1785738948,6942,1.7733796296296,1.7733796296296,2.45,2.45,0.45,0.45,1,1
1,2026-08-03 06:35:49.473495,1785738949,6943,1.72800925925923,1.72800925925923,2.45,2.45,0.36,0.36,1,1
1,2026-08-03 06:35:50.474984,1785738950,6944,1.68263888888886,1.68263888888886,2.45,2.45,0.27,0.27,1,1
1,2026-08-03 06:35:51.482577,1785738951,6945,1.64861111111108,1.64861111111108,2.45,2.45,0.18,0.18,1,1
1,2026-08-03 06:35:52.484817,1785738952,6946,1.60324074074071,1.60324074074071,2.45,2.45,0.09,0.09,1,1
1,2026-08-03 06:35:54.011796,1785738954,6947,1.55787037037034,1.55787037037034,2.45,2.45,0.9,0.9,1,1
1,2026-08-03 06:35:55.050480,1785738955,6948,1.51249999999997,1.51249999999997,2.45,2.45,0.81,0.81,1,1
1,2026-08-03 06:35:56.052387,1785738956,6949,1.47847222222219,1.47847222222219,2.45,2.45,0.72,0.72,1,1
1,2026-08-03 06:35:57.053235,1785738957,6950,4.708,4.708,2.45,2.45,0.63,0.63,1,1
1,2026-08-03 06:35:58.057405,1785738958,6951,1.41041666666663,1.41041666666663,2.45,2.45,0.54,0.54,1,1
1,2026-08-03 06:35:59.059536,1785738959,6952,1.36504629629626,1.36504629629626,2.45,2.45,0.45,0.45,1,1
1,2026-08-03 06:36:00.075488,1785738960,6953,1.31967592592589,1.31967592592589,2.45,2.45,0.36,0.36,1,1
1,2026-08-03 06:36:01.084714,1785738961,6954,1.27430555555552,1.27430555555552,2.45,2.45,0.27,0.27,1,1
1,2026-08-03 06:36:02.086262,1785738962,6955,1.953,1.953,2.45,2.45,0.18,0.18,1,1
1,2026-08-03 06:36:03.092715,1785738963,6956,1.402,1.402,2.45,2.45,0.09,0.09,1,1
1,2026-08-03 06:36:04.095228,1785738964,6957,1.149537037037,1.149537037037,2.45,2.45,0.9,0.9,1,1
1,2026-08-03 06:36:05.135564,1785738965,6958,5.81,5.81,2.45,2.45,0.81,0.81,1,1
1,2026-08-03 06:36:06.143277,1785738966,6959,5.259,5.259,2.45,2.45,0.72,0.72,1,1
1,2026-08-03 06:36:07.154638,1785738967,6960,1.02476851851848,1.02476851851848,2.45,2.45,0.63,0.63,1,1
1,2026-08-03 06:36:08.167741,1785738968,6961,4.157,4.157,2.45,2.45,0.54,0.54,1,1
1,2026-08-03 06:36:09.169417,1785738969,6962,3.606,3.606,2.45,2.45,0.45,0.45,1,1
1,2026-08-03 06:36:10.174909,1785738970,6963,0.899999999999963,0.899999999999963,2.45,2.45,0.36,0.36,1,1
1,2026-08-03 06:36:11.183502,1785738971,6964,2.504,2.504,2.45,2.45,0.27,0.27,1,1
1,2026-08-03 06:36:12.186975,1785738972,6965,1.953,1.953,2.45,2.45,0.18,0.18,1,1
1,2026-08-03 06:36:13.192705,1785738973,6966,1.402,1.402,2.45,2.45,0.09,0.09,1,1
1,2026-08-03 06:36:14.194275,1785738974,6967,0.851,0.851,2.45,2.45,0.9,0.9,1,1
1,2026-08-03 06:36:15.199195,1785738975,6968,5.81,5.81,2.45,2.45,0.81,0.81,1,1
1,2026-08-03 06:36:16.243219,1785738976,6969,5.259,5.259,2.45,2.45,0.72,0.72,1,1
1,2026-08-03 06:36:17.245231,1785738977,6970,4.708,4.708,2.45,2.45,0.63,0.63,1,1
1,2026-08-03 06:36:18.256918,1785738978,6971,4.157,4.157,2.45,2.45,0.54,0.54,1,1
1,2026-08-03 06:36:19.277263,1785738979,6972,3.606,3.606,2.45,2.45,0.45,0.45,1,1
1,2026-08-03 06:36:20.318220,1785738980,6973,3.055,3.055,2.45,2.45,0.36,0.36,1,1
1,2026-08-03 06:36:21.323405,1785738981,6974,2.504,2.504,2.45,2.45,0.27,0.27,1,1
1,2026-08-03 06:36:22.342449,1785738982,6975,0.400925925925889,0.400925925925889,2.45,2.45,0.18,0.18,1,1
1,2026-08-03 06:36:23.344243,1785738983,6976,0.355555555555519,0.355555555555519,2.45,2.45,0.18,0.18,1,1
1,2026-08-03 06:36:24.412361,1785738984,6977,0.321527777777741,0.321527777777741,2.45,2.45,0.9,0.9,1,1
1,2026-08-03 06:36:25.417800,1785738985,6978,5.81,5.81,2.45,2.45,0.81,0.81,1,1
1,2026-08-03 06:36:26.946963,1785738986,6979,5.81,5.81,2.45,2.45,0.72,0.72,1,1
1,2026-08-03 06:36:27.978603,1785738987,6980,5.8,5.8,2.45,2.45,0.63,0.63,1,1
1,2026-08-03 06:36:28.993549,1785738988,6981,4.157,4.157,2.45,2.45,0.54,0.54,1,1
1,2026-08-03 06:36:30.004010,1785738990,6982,3.606,3.606,2.45,2.45,0.45,0.45,1,1
1,2026-08-03 06:36:31.025842,1785738991,6983,5.67523148148149,5.67523148148149,2.45,2.45,0.36,0.36,1,1
1,2026-08-03 06:36:32.072368,1785738992,6984,2.504,2.504,2.45,2.45,0.27,0.27,1,1
1,2026-08-03 06:36:33.075143,1785738993,6985,1.953,1.953,2.45,2.45,0.18,0.18,1,1
1,2026-08-03 06:36:34.084058,1785738994,6986,1.402,1.402,2.45,2.45,0.09,0.09,1,1
1,2026-08-03 06:36:35.137292,1785738995,6987,5.5050925925926,5.5050925925926,2.45,2.45,0.9,0.9,1,1
1,2026-08-03 06:36:36.139345,1785738996,6988,5.81,5.81,2.45,2.45,0.81,0.81,1,1
1,2026-08-03 06:36:37.183794,1785738997,6989,5.259,5.259,2.45,2.45,0.72,0.72,1,1
1,2026-08-03 06:36:38.210193,1785738998,6990,4.708,4.708,2.45,2.45,0.63,0.63,1,1
1,2026-08-03 06:36:39.220435,1785738999,6991,5.32361111111113,5.32361111111113,2.45,2.45,0.54,0.54,1,1
1,2026-08-03 06:36:40.224128,1785739000,6992,3.606,3.606,2.45,2.45,0.45,0.45,1,1
1,2026-08-03 06:36:41.228063,1785739001,6993,3.055,3.055,2.45,2.45,0.36,0.36,1,1
1,2026-08-03 06:36:42.239309,1785739002,6994,2.504,2.504,2.45,2.45,0.27,0.27,1,1
1,2026-08-03 06:36:43.276915,1785739003,6995,1.953,1.953,2.45,2.45,0.18,0.18,1,1
1,2026-08-03 06:36:44.287201,1785739004,6996,1.402,1.402,2.45,2.45,0.09,0.09,1,1
1,2026-08-03 06:36:45.289134,1785739005,6997,0.851,0.851,2.45,2.45,0.9,0.9,1,1
1,2026-08-03 06:36:46.316110,1785739006,6998,5.81,5.81,2.45,2.45,0.81,0.81,1,1
1,2026-08-03 06:36:47.337666,1785739007,6999,4.99467592592594,4.99467592592594,2.45,2.45,0.72,0.72,1,1
1,2026-08-03 06:36:48.366371,1785739008,7000,4.708,4.708,2.45,2.45,0.63,0.63,1,1
1,2026-08-03 06:36:49.407480,1785739009,7001,4.157,4.157,2.45,2.45,0.54,0.54,1,1
1,2026-08-03 06:36:50.410427,1785739010,7002,4.86990740740742,4.86990740740742,2.45,2.45,0.45,0.45,1,1
1,2026-08-03 06:36:51.429738,1785739011,7003,4.83587962962964,4.83587962962964,2.45,2.45,0.45,0.45,1,1
1,2026-08-03 06:36:52.434360,1785739012,7004,4.79050925925927,4.79050925925927,2.45,2.45,0.36,0.36,1,1
1,2026-08-03 06:36:53.442735,1785739013,7005,4.7451388888889,4.7451388888889,2.45,2.45,0.27,0.27,1,1
1,2026-08-03 06:36:54.463078,1785739014,7006,4.71111111111112,4.71111111111112,2.45,2.45,0.18,0.18,1,1
1,2026-08-03 06:36:55.466294,1785739015,7007,4.66574074074075,4.66574074074075,2.45,2.45,0.09,0.09,1,1
1,2026-08-03 06:36:56.469160,1785739016,7008,4.62037037037038,4.62037037037038,2.45,2.45,0.9,0.9,1,1
1,2026-08-03 06:36:57.475427,1785739017,7009,4.5863425925926,4.5863425925926,2.45,2.45,0.81,0.81,1,1
1,2026-08-03 06:36:58.477170,1785739018,7010,4.54097222222223,4.54097222222223,2.45,2.45,0.72,0.72,1,1
1,2026-08-03 06:37:00.002808,1785739020,7011,4.49560185185186,4.49560185185186,2.45,2.45,0.63,0.63,1,1
1,2026-08-03 06:37:01.007887,1785739021,7012,4.45023148148149,4.45023148148149,2.45,2.45,0.54,0.54,1,1
1,2026-08-03 06:37:02.014613,1785739022,7013,4.41620370370371,4.41620370370371,2.45,2.45,0.45,0.45,1,1
1,2026-08-03 06:37:03.016371,1785739023,7014,4.37083333333334,4.37083333333334,2.45,2.45,0.36,0.36,1,1
1,2026-08-03 06:37:04.025732,1785739024,7015,4.33680555555556,4.33680555555556,2.45,2.45,0.27,0.27,1,1
1,2026-08-03 06:37:05.034128,1785739025,7016,4.29143518518519,4.29143518518519,2.45,2.45,0.18,0.18,1,1
1,2026-08-03 06:37:06.036035,1785739026,7017,4.24606481481482,4.24606481481482,2.45,2.45,0.09,0.09,1,1
1,2026-08-03 06:37:07.040387,1785739027,7018,4.20069444444445,4.20069444444445,2.45,2.45,0.9,0.9,1,1
1,2026-08-03 06:37:08.041656,1785739028,7019,4.16666666666667,4.16666666666667,2.45,2.45,0.81,0.81,1,1
1,2026-08-03 06:37:09.049854,1785739029,7020,4.1212962962963,4.1212962962963,2.45,2.45,0.72,0.72,1,1
1,2026-08-03 06:37:10.051133,1785739030,7021,4.07592592592593,4.07592592592593,2.45,2.45,0.63,0.63,1,1
1,2026-08-03 06:37:11.133029,1785739031,7022,4.03055555555556,4.03055555555556,2.45,2.45,0.54,0.54,1,1
1,2026-08-03 06:37:12.343439,1785739032,7023,3.99652777777778,3.99652777777778,2.45,2.45,0.45,0.45,1,1
1,2026-08-03 06:37:13.349841,1785739033,7024,3.93981481481481,3.93981481481481,2.45,2.45,0.36,0.36,1,1
1,2026-08-03 06:37:14.362910,1785739034,7025,3.90578703703704,3.90578703703704,2.45,2.45,0.27,0.27,1,1
1,2026-08-03 06:37:15.435654,1785739035,7026,3.86041666666667,3.86041666666667,2.45,2.45,0.18,0.18,1,1
1,2026-08-03 06:37:16.480698,1785739036,7027,3.81504629629629,3.81504629629629,2.45,2.45,0.09,0.09,1,1
1,2026-08-03 06:37:17.486869,1785739037,7028,3.78101851851852,3.78101851851852,2.45,2.45,0.9,0.9,1,1
1,2026-08-03 06:37:18.509509,1785739038,7029,3.74699074074074,3.74699074074074,2.45,2.45,0.81,0.81,1,1
1,2026-08-03 06:37:19.529073,1785739039,7030,3.70162037037037,3.70162037037037,2.45,2.45,0.72,0.72,1,1
1,2026-08-03 06:37:20.530105,1785739040,7031,3.66759259259259,3.66759259259259,2.45,2.45,0.63,0.63,1,1
1,2026-08-03 06:37:21.531177,1785739041,7032,3.63356481481481,3.63356481481481,2.45,2.45,0.54,0.54,1,1
1,2026-08-03 06:37:22.561565,1785739042,7033,3.58819444444444,3.58819444444444,2.45,2.45,0.45,0.45,1,1
1,2026-08-03 06:37:23.593079,1785739043,7034,3.55416666666666,3.55416666666666,2.45,2.45,0.36,0.36,1,1
1,2026-08-03 06:37:24.596695,1785739044,7035,3.50879629629629,3.50879629629629,2.45,2.45,0.27,0.27,1,1
1,2026-08-03 06:37:25.599503,1785739045,7036,3.46342592592592,3.46342592592592,2.45,2.45,0.18,0.18,1,1
1,2026-08-03 06:37:26.631138,1785739046,7037,3.41805555555555,3.41805555555555,2.45,2.45,0.09,0.09,1,1
1,2026-08-03 06:37:27.655490,1785739047,7038,3.38402777777777,3.38402777777777,2.45,2.45,0.9,0.9,1,1
1,2026-08-03 06:37:28.670509,1785739048,7039,3.3386574074074,3.3386574074074,2.45,2.45,0.81,0.81,1,1
1,2026-08-03 06:37:29.682809,1785739049,7040,3.29328703703703,3.29328703703703,2.45,2.45,0.72,0.72,1,1
1,2026-08-03 06:37:30.734049,1785739050,7041,3.24791666666666,3.24791666666666,2.45,2.45,0.63,0.63,1,1
1,2026-08-03 06:37:31.735268,1785739051,7042,3.20254629629629,3.20254629629629,2.45,2.45,0.54,0.54,1,1
1,2026-08-03 06:37:33.261719,1785739053,7043,3.16851851851851,3.16851851851851,2.45,2.45,0.45,0.45,1,1
1,2026-08-03 06:37:34.423680,1785739054,7044,3.12314814814814,3.12314814814814,2.45,2.45,0.36,0.36,1,1
1,2026-08-03 06:37:35.451516,1785739055,7045,3.07777777777777,3.07777777777777,2.45,2.45,0.27,0.27,1,1
1,2026-08-03 06:37:36.453628,1785739056,7046,3.0324074074074,3.0324074074074,2.45,2.45,0.18,0.18,1,1
1,2026-08-03 06:37:37.460582,1785739057,7047,2.98703703703702,2.98703703703702,2.45,2.45,0.09,0.09,1,1
1,2026-08-03 06:37:38.472041,1785739058,7048,2.94166666666665,2.94166666666665,2.45,2.45,0.9,0.9,1,1
1,2026-08-03 06:37:39.488473,1785739059,7049,2.90763888888888,2.90763888888888,2.45,2.45,0.81,0.81,1,1
1,2026-08-03 06:37:40.491137,1785739060,7050,2.8622685185185,2.8622685185185,2.45,2.45,0.72,0.72,1,1
1,2026-08-03 06:37:41.495520,1785739061,7051,2.81689814814813,2.81689814814813,2.45,2.45,0.63,0.63,1,1
1,2026-08-03 06:37:42.501786,1785739062,7052,2.77152777777776,2.77152777777776,2.45,2.45,0.54,0.54,1,1
1,2026-08-03 06:37:43.550110,1785739063,7053,2.73749999999998,2.73749999999998,2.45,2.45,0.45,0.45,1,1
1,2026-08-03 06:37:44.552268,1785739064,7054,2.69212962962961,2.69212962962961,2.45,2.45,0.36,0.36,1,1
1,2026-08-03 06:37:45.618707,1785739065,7055,2.64675925925924,2.64675925925924,2.45,2.45,0.27,0.27,1,1
1,2026-08-03 06:37:46.630876,1785739066,7056,2.60138888888887,2.60138888888887,2.45,2.45,0.18,0.18,1,1
1,2026-08-03 06:37:47.636819,1785739067,7057,2.5560185185185,2.5560185185185,2.45,2.45,0.09,0.09,1,1
1,2026-08-03 06:37:48.644275,1785739068,7058,2.52199074074072,2.52199074074072,2.45,2.45,0.9,0.9,1,1
1,2026-08-03 06:37:49.652916,1785739069,7059,2.47662037037035,2.47662037037035,2.45,2.45,0.81,0.81,1,1
1,2026-08-03 06:37:50.660075,1785739070,7060,2.43124999999998,2.43124999999998,2.45,2.45,0.72,0.72,1,1
1,2026-08-03 06:37:51.664055,1785739071,7061,2.38587962962961,2.38587962962961,2.45,2.45,0.63,0.63,1,1
1,2026-08-03 06:37:52.725561,1785739072,7062,2.35185185185183,2.35185185185183,2.45,2.45,0.54,0.54,1,1
1,2026-08-03 06:37:53.789722,1785739073,7063,2.30648148148146,2.30648148148146,2.45,2.45,0.45,0.45,1,1
1,2026-08-03 06:37:54.791595,1785739074,7064,2.26111111111109,2.26111111111109,2.45,2.45,0.36,0.36,1,1
1,2026-08-03 06:37:55.996734,1785739075,7065,2.21574074074072,2.21574074074072,2.45,2.45,0.27,0.27,1,1
1,2026-08-03 06:37:57.030850,1785739077,7066,2.17037037037035,2.17037037037035,2.45,2.45,0.18,0.18,1,1
1,2026-08-03 06:37:58.037375,1785739078,7067,2.12499999999998,2.12499999999998,2.45,2.45,0.09,0.09,1,1
1,2026-08-03 06:37:59.049607,1785739079,7068,2.0909722222222,2.0909722222222,2.45,2.45,0.9,0.9,1,1
1,2026-08-03 06:38:00.058938,1785739080,7069,2.04560185185183,2.04560185185183,2.45,2.45,0.81,0.81,1,1
1,2026-08-03 06:38:01.110104,1785739081,7070,2.00023148148146,2.00023148148146,2.45,2.45,0.63,0.63,1,1
1,2026-08-03 06:38:02.150261,1785739082,7071,4.157,4.157,2.45,2.45,0.54,0.54,1,1
1,2026-08-03 06:38:03.157097,1785739083,7072,3.606,3.606,2.45,2.45,0.54,0.54,1,1
1,2026-08-03 06:38:04.196807,1785739084,7073,1.87546296296294,1.87546296296294,2.45,2.45,0.36,0.36,1,1
1,2026-08-03 06:38:05.198982,1785739085,7074,2.504,2.504,2.45,2.45,0.27,0.27,1,1
1,2026-08-03 06:38:06.798313,1785739086,7075,1.79606481481479,1.79606481481479,2.45,2.45,0.18,0.18,1,1
1,2026-08-03 06:38:07.800317,1785739087,7076,1.402,1.402,2.45,2.45,0.09,0.09,1,1
1,2026-08-03 06:38:08.856410,1785739088,7077,1.72800925925923,1.72800925925923,2.45,2.45,0.9,0.9,1,1
1,2026-08-03 06:38:09.858330,1785739089,7078,1.68263888888886,1.68263888888886,2.45,2.45,0.81,0.81,1,1
1,2026-08-03 06:38:10.890620,1785739090,7079,1.63726851851849,1.63726851851849,2.45,2.45,0.72,0.72,1,1
1,2026-08-03 06:38:12.157587,1785739092,7080,1.60324074074071,1.60324074074071,2.45,2.45,0.63,0.63,1,1
1,2026-08-03 06:38:13.168712,1785739093,7081,1.54652777777775,1.54652777777775,2.45,2.45,0.54,0.54,1,1
1,2026-08-03 06:38:14.174524,1785739094,7082,3.606,3.606,2.45,2.45,0.45,0.45,1,1
1,2026-08-03 06:38:15.200669,1785739095,7083,1.4671296296296,1.4671296296296,2.45,2.45,0.36,0.36,1,1
1,2026-08-03 06:38:16.204091,1785739096,7084,2.504,2.504,2.45,2.45,0.27,0.27,1,1
1,2026-08-03 06:38:17.227929,1785739097,7085,1.953,1.953,2.45,2.45,0.18,0.18,1,1
1,2026-08-03 06:38:18.242896,1785739098,7086,1.402,1.402,2.45,2.45,0.09,0.09,1,1
1,2026-08-03 06:38:19.249658,1785739099,7087,0.851,0.851,2.45,2.45,0.9,0.9,1,1
1,2026-08-03 06:38:20.252442,1785739100,7088,5.81,5.81,2.45,2.45,0.81,0.81,1,1
1,2026-08-03 06:38:21.297449,1785739101,7089,5.259,5.259,2.45,2.45,0.72,0.72,1,1
1,2026-08-03 06:38:22.312742,1785739102,7090,4.708,4.708,2.45,2.45,0.63,0.63,1,1
1,2026-08-03 06:38:23.315238,1785739103,7091,4.157,4.157,2.45,2.45,0.54,0.54,1,1
1,2026-08-03 06:38:24.317506,1785739104,7092,1.09282407407404,1.09282407407404,2.45,2.45,0.45,0.45,1,1
1,2026-08-03 06:38:25.319612,1785739105,7093,3.055,3.055,2.45,2.45,0.36,0.36,1,1
1,2026-08-03 06:38:26.321507,1785739106,7094,2.504,2.504,2.45,2.45,0.27,0.27,1,1
1,2026-08-03 06:38:27.323413,1785739107,7095,0.968055555555519,0.968055555555519,2.45,2.45,0.18,0.18,1,1
1,2026-08-03 06:38:28.499060,1785739108,7096,0.934027777777741,0.934027777777741,2.45,2.45,0.09,0.09,1,1
1,2026-08-03 06:38:29.506261,1785739109,7097,0.877314814814778,0.877314814814778,2.45,2.45,0.9,0.9,1,1
1,2026-08-03 06:38:30.517761,1785739110,7098,5.81,5.81,2.45,2.45,0.81,0.81,1,1
1,2026-08-03 06:38:31.525083,1785739111,7099,5.259,5.259,2.45,2.45,0.72,0.72,1,1
1,2026-08-03 06:38:32.533613,1785739112,7100,0.75254629629626,0.75254629629626,2.45,2.45,0.63,0.63,1,1
1,2026-08-03 06:38:33.535342,1785739113,7101,0.707175925925889,0.707175925925889,2.45,2.45,0.54,0.54,1,1
1,2026-08-03 06:38:34.570678,1785739114,7102,3.606,3.606,2.45,2.45,0.45,0.45,1,1
1,2026-08-03 06:38:35.649551,1785739115,7103,0.616435185185149,0.616435185185149,2.45,2.45,0.36,0.36,1,1
1,2026-08-03 06:38:36.652100,1785739116,7104,2.504,2.504,2.45,2.45,0.27,0.27,1,1
1,2026-08-03 06:38:37.653584,1785739117,7105,1.953,1.953,2.45,2.45,0.18,0.18,1,1
1,2026-08-03 06:38:39.179931,1785739119,7106,1.402,1.402,2.45,2.45,0.09,0.09,1,1
1,2026-08-03 06:38:40.185267,1785739120,7107,0.851,0.851,2.45,2.45,0.9,0.9,1,1
1,2026-08-03 06:38:41.211812,1785739121,7108,5.81,5.81,2.45,2.45,0.81,0.81,1,1
1,2026-08-03 06:38:42.225237,1785739122,7109,5.259,5.259,2.45,2.45,0.72,0.72,1,1
1,2026-08-03 06:38:43.229764,1785739123,7110,4.708,4.708,2.45,2.45,0.63,0.63,1,1
1,2026-08-03 06:38:44.256331,1785739124,7111,4.157,4.157,2.45,2.45,0.54,0.54,1,1
1,2026-08-03 06:38:45.261816,1785739125,7112,4.157,4.157,2.45,2.45,0.45,0.45,1,1
1,2026-08-03 06:38:46.283049,1785739126,7113,5.8,5.8,2.45,2.45,0.36,0.36,1,1
1,2026-08-03 06:38:47.339919,1785739127,7114,2.504,2.504,2.45,2.45,0.27,0.27,1,1
1,2026-08-03 06:38:48.352403,1785739128,7115,1.953,1.953,2.45,2.45,0.18,0.18,1,1
1,2026-08-03 06:38:49.367437,1785739129,7116,1.402,1.402,2.45,2.45,0.09,0.09,1,1
1,2026-08-03 06:38:50.370921,1785739130,7117,0.851,0.851,2.45,2.45,0.9,0.9,1,1
1,2026-08-03 06:38:51.420759,1785739131,7118,5.81,5.81,2.45,2.45,0.81,0.81,1,1
1,2026-08-03 06:38:52.426573,1785739132,7119,5.259,5.259,2.45,2.45,0.72,0.72,1,1
1,2026-08-03 06:38:53.451974,1785739133,7120,4.708,4.708,2.45,2.45,0.63,0.63,1,1
1,2026-08-03 06:38:54.493538,1785739134,7121,5.45972222222224,5.45972222222224,2.45,2.45,0.54,0.54,1,1
1,2026-08-03 06:38:55.502319,1785739135,7122,3.606,3.606,2.45,2.45,0.45,0.45,1,1
1,2026-08-03 06:38:56.539210,1785739136,7123,5.3689814814815,5.3689814814815,2.45,2.45,0.36,0.36,1,1
1,2026-08-03 06:38:57.543578,1785739137,7124,2.504,2.504,2.45,2.45,0.27,0.27,1,1
1,2026-08-03 06:38:58.580165,1785739138,7125,5.28958333333335,5.28958333333335,2.45,2.45,0.18,0.18,1,1
1,2026-08-03 06:38:59.594178,1785739139,7126,1.402,1.402,2.45,2.45,0.09,0.09,1,1
1,2026-08-03 06:39:00.652146,1785739140,7127,0.851,0.851,2.45,2.45,0.9,0.9,1,1
1,2026-08-03 06:39:01.662864,1785739141,7128,5.81,5.81,2.45,2.45,0.81,0.81,1,1
1,2026-08-03 06:39:02.683081,1785739142,7129,5.259,5.259,2.45,2.45,0.72,0.72,1,1
1,2026-08-03 06:39:03.689303,1785739143,7130,4.708,4.708,2.45,2.45,0.72,0.72,1,1
1,2026-08-03 06:39:04.724322,1785739144,7131,4.157,4.157,2.45,2.45,0.54,0.54,1,1
1,2026-08-03 06:39:05.729120,1785739145,7132,3.606,3.606,2.45,2.45,0.45,0.45,1,1
1,2026-08-03 06:39:06.780813,1785739146,7133,4.94930555555557,4.94930555555557,2.45,2.45,0.36,0.36,1,1
1,2026-08-03 06:39:07.782828,1785739147,7134,4.9039351851852,4.9039351851852,2.45,2.45,0.27,0.27,1,1
1,2026-08-03 06:39:08.794693,1785739148,7135,4.85856481481483,4.85856481481483,2.45,2.45,0.18,0.18,1,1
1,2026-08-03 06:39:09.818271,1785739149,7136,1.402,1.402,2.45,2.45,0.09,0.09,1,1
1,2026-08-03 06:39:10.860494,1785739150,7137,4.77916666666668,4.77916666666668,2.45,2.45,0.9,0.9,1,1
1,2026-08-03 06:39:12.385326,1785739152,7138,5.81,5.81,2.45,2.45,0.81,0.81,1,1
1,2026-08-03 06:39:13.395868,1785739153,7139,5.259,5.259,2.45,2.45,0.72,0.72,1,1
1,2026-08-03 06:39:14.431997,1785739154,7140,4.708,4.708,2.45,2.45,0.63,0.63,1,1
1,2026-08-03 06:39:15.453034,1785739155,7141,4.157,4.157,2.45,2.45,0.54,0.54,1,1
1,2026-08-03 06:39:16.454362,1785739156,7142,3.606,3.606,2.45,2.45,0.45,0.45,1,1
1,2026-08-03 06:39:17.475000,1785739157,7143,4.52962962962964,4.52962962962964,2.45,2.45,0.36,0.36,1,1
1,2026-08-03 06:39:18.476842,1785739158,7144,2.504,2.504,2.45,2.45,0.27,0.27,1,1
1,2026-08-03 06:39:19.520819,1785739159,7145,4.4388888888889,4.4388888888889,2.45,2.45,0.18,0.18,1,1
1,2026-08-03 06:39:20.523856,1785739160,7146,1.402,1.402,2.45,2.45,0.09,0.09,1,1
1,2026-08-03 06:39:21.554672,1785739161,7147,0.851,0.851,2.45,2.45,0.9,0.9,1,1
1,2026-08-03 06:39:22.559869,1785739162,7148,5.81,5.81,2.45,2.45,0.81,0.81,1,1
1,2026-08-03 06:39:23.581696,1785739163,7149,5.259,5.259,2.45,2.45,0.72,0.72,1,1
1,2026-08-03 06:39:24.618825,1785739164,7150,4.22337962962963,4.22337962962963,2.45,2.45,0.63,0.63,1,1
1,2026-08-03 06:39:25.637898,1785739165,7151,4.157,4.157,2.45,2.45,0.54,0.54,1,1
1,2026-08-03 06:39:26.651697,1785739166,7152,3.606,3.606,2.45,2.45,0.54,0.54,1,1
1,2026-08-03 06:39:27.657029,1785739167,7153,3.055,3.055,2.45,2.45,0.45,0.45,1,1
1,2026-08-03 06:39:28.694399,1785739168,7154,2.504,2.504,2.45,2.45,0.27,0.27,1,1
1,2026-08-03 06:39:29.718551,1785739169,7155,1.953,1.953,2.45,2.45,0.18,0.18,1,1
1,2026-08-03 06:39:30.723940,1785739170,7156,1.402,1.402,2.45,2.45,0.18,0.18,1,1
1,2026-08-03 06:39:31.753912,1785739171,7157,0.851,0.851,2.45,2.45,0.9,0.9,1,1
1,2026-08-03 06:39:32.755487,1785739172,7158,5.81,5.81,2.45,2.45,0.81,0.81,1,1
1,2026-08-03 06:39:33.777256,1785739173,7159,5.259,5.259,2.45,2.45,0.72,0.72,1,1
1,2026-08-03 06:39:34.819858,1785739174,7160,3.8037037037037,3.8037037037037,2.45,2.45,0.63,0.63,1,1
1,2026-08-03 06:39:35.837962,1785739175,7161,4.157,4.157,2.45,2.45,0.54,0.54,1,1
1,2026-08-03 06:39:36.839806,1785739176,7162,3.606,3.606,2.45,2.45,0.45,0.45,1,1
1,2026-08-03 06:39:37.863564,1785739177,7163,3.055,3.055,2.45,2.45,0.36,0.36,1,1
1,2026-08-03 06:39:38.865836,1785739178,7164,2.504,2.504,2.45,2.45,0.27,0.27,1,1
1,2026-08-03 06:39:39.870996,1785739179,7165,1.953,1.953,2.45,2.45,0.27,0.27,1,1
1,2026-08-03 06:39:40.894473,1785739180,7166,1.402,1.402,2.45,2.45,0.09,0.09,1,1
1,2026-08-03 06:39:41.920163,1785739181,7167,0.851,0.851,2.45,2.45,0.9,0.9,1,1
1,2026-08-03 06:39:42.949790,1785739182,7168,5.81,5.81,2.45,2.45,0.81,0.81,1,1
1,2026-08-03 06:39:43.952247,1785739183,7169,5.259,5.259,2.45,2.45,0.72,0.72,1,1
1,2026-08-03 06:39:45.482739,1785739185,7170,4.708,4.708,2.45,2.45,0.63,0.63,1,1
1,2026-08-03 06:39:46.502746,1785739186,7171,4.157,4.157,2.45,2.45,0.63,0.63,1,1
1,2026-08-03 06:39:47.517408,1785739187,7172,3.606,3.606,2.45,2.45,0.54,0.54,1,1
1,2026-08-03 06:39:48.557787,1785739188,7173,3.055,3.055,2.45,2.45,0.36,0.36,1,1
1,2026-08-03 06:39:49.565178,1785739189,7174,3.20254629629629,3.20254629629629,2.45,2.45,0.27,0.27,1,1
1,2026-08-03 06:39:50.604272,1785739190,7175,1.953,1.953,2.45,2.45,0.18,0.18,1,1
1,2026-08-03 06:39:51.615122,1785739191,7176,3.12314814814814,3.12314814814814,2.45,2.45,0.09,0.09,1,1
1,2026-08-03 06:39:52.628388,1785739192,7177,3.07777777777777,3.07777777777777,2.45,2.45,0.9,0.9,1,1
1,2026-08-03 06:39:53.650346,1785739193,7178,5.81,5.81,2.45,2.45,0.81,0.81,1,1
1,2026-08-03 06:39:54.677380,1785739194,7179,2.98703703703702,2.98703703703702,2.45,2.45,0.72,0.72,1,1
1,2026-08-03 06:39:55.703272,1785739195,7180,2.95300925925925,2.95300925925925,2.45,2.45,0.72,0.72,1,1
1,2026-08-03 06:39:56.734934,1785739196,7181,2.90763888888888,2.90763888888888,2.45,2.45,0.54,0.54,1,1
1,2026-08-03 06:39:57.759914,1785739197,7182,2.8622685185185,2.8622685185185,2.45,2.45,0.45,0.45,1,1
1,2026-08-03 06:39:58.803589,1785739198,7183,2.82824074074073,2.82824074074073,2.45,2.45,0.36,0.36,1,1
1,2026-08-03 06:39:59.870429,1785739199,7184,2.504,2.504,2.45,2.45,0.27,0.27,1,1
1,2026-08-03 06:40:00.894582,1785739200,7185,1.953,1.953,2.45,2.45,0.18,0.18,1,1
1,2026-08-03 06:40:01.896170,1785739201,7186,1.402,1.402,2.45,2.45,0.09,0.09,1,1
1,2026-08-03 06:40:02.897759,1785739202,7187,0.851,0.851,2.45,2.45,0.9,0.9,1,1
1,2026-08-03 06:40:03.914573,1785739203,7188,5.81,5.81,2.45,2.45,0.81,0.81,1,1
1,2026-08-03 06:40:04.972082,1785739204,7189,5.259,5.259,2.45,2.45,0.72,0.72,1,1
1,2026-08-03 06:40:05.975127,1785739205,7190,4.708,4.708,2.45,2.45,0.63,0.63,1,1
1,2026-08-03 06:40:06.987553,1785739206,7191,4.157,4.157,2.45,2.45,0.54,0.54,1,1
1,2026-08-03 06:40:08.014575,1785739208,7192,2.43124999999998,2.43124999999998,2.45,2.45,0.45,0.45,1,1
1,2026-08-03 06:40:09.061145,1785739209,7193,2.3972222222222,2.3972222222222,2.45,2.45,0.36,0.36,1,1
1,2026-08-03 06:40:10.066829,1785739210,7194,2.504,2.504,2.45,2.45,0.27,0.27,1,1
1,2026-08-03 06:40:11.088989,1785739211,7195,1.953,1.953,2.45,2.45,0.18,0.18,1,1
1,2026-08-03 06:40:12.094835,1785739212,7196,1.402,1.402,2.45,2.45,0.09,0.09,1,1
1,2026-08-03 06:40:13.098074,1785739213,7197,0.851,0.851,2.45,2.45,0.9,0.9,1,1
1,2026-08-03 06:40:14.113757,1785739214,7198,5.81,5.81,2.45,2.45,0.81,0.81,1,1
1,2026-08-03 06:40:15.115592,1785739215,7199,2.13634259259257,2.13634259259257,2.45,2.45,0.72,0.72,1,1
1,2026-08-03 06:40:16.197514,1785739216,7200,4.708,4.708,2.45,2.45,0.63,0.63,1,1
1,2026-08-03 06:40:17.242777,1785739217,7201,4.157,4.157,2.45,2.45,0.54,0.54,1,1
1,2026-08-03 06:40:18.786028,1785739218,7202,3.606,3.606,2.45,2.45,0.45,0.45,1,1
1,2026-08-03 06:40:19.796241,1785739219,7203,3.055,3.055,2.45,2.45,0.36,0.36,1,1
1,2026-08-03 06:40:20.801015,1785739220,7204,2.504,2.504,2.45,2.45,0.27,0.27,1,1
1,2026-08-03 06:40:21.803087,1785739221,7205,1.87546296296294,1.87546296296294,2.45,2.45,0.18,0.18,1,1
1,2026-08-03 06:40:22.819048,1785739222,7206,1.402,1.402,2.45,2.45,0.09,0.09,1,1
1,2026-08-03 06:40:23.825946,1785739223,7207,0.851,0.851,2.45,2.45,0.9,0.9,1,1
1,2026-08-03 06:40:24.843365,1785739224,7208,5.81,5.81,2.45,2.45,0.81,0.81,1,1
1,2026-08-03 06:40:25.844725,1785739225,7209,5.259,5.259,2.45,2.45,0.72,0.72,1,1
1,2026-08-03 06:40:26.877550,1785739226,7210,4.708,4.708,2.45,2.45,0.63,0.63,1,1
1,2026-08-03 06:40:27.901851,1785739227,7211,4.157,4.157,2.45,2.45,0.54,0.54,1,1
1,2026-08-03 06:40:28.902945,1785739228,7212,1.58055555555553,1.58055555555553,2.45,2.45,0.45,0.45,1,1
1,2026-08-03 06:40:29.907709,1785739229,7213,1.53518518518515,1.53518518518515,2.45,2.45,0.36,0.36,1,1
1,2026-08-03 06:40:30.966830,1785739230,7214,1.50115740740738,1.50115740740738,2.45,2.45,0.27,0.27,1,1
1,2026-08-03 06:40:31.978486,1785739231,7215,1.953,1.953,2.45,2.45,0.18,0.18,1,1
1,2026-08-03 06:40:32.983799,1785739232,7216,1.41041666666663,1.41041666666663,2.45,2.45,0.09,0.09,1,1
1,2026-08-03 06:40:33.987320,1785739233,7217,1.36504629629626,1.36504629629626,2.45,2.45,0.09,0.09,1,1
1,2026-08-03 06:40:35.017584,1785739235,7218,1.31967592592589,1.31967592592589,2.45,2.45,0.81,0.81,1,1
1,2026-08-03 06:40:36.073708,1785739236,7219,1.27430555555552,1.27430555555552,2.45,2.45,0.72,0.72,1,1
1,2026-08-03 06:40:37.077036,1785739237,7220,4.708,4.708,2.45,2.45,0.63,0.63,1,1
1,2026-08-03 06:40:38.105107,1785739238,7221,4.157,4.157,2.45,2.45,0.54,0.54,1,1
1,2026-08-03 06:40:39.107185,1785739239,7222,3.606,3.606,2.45,2.45,0.45,0.45,1,1
1,2026-08-03 06:40:40.192206,1785739240,7223,3.055,3.055,2.45,2.45,0.36,0.36,1,1
1,2026-08-03 06:40:41.201760,1785739241,7224,1.05879629629626,1.05879629629626,2.45,2.45,0.27,0.27,1,1
1,2026-08-03 06:40:42.203751,1785739242,7225,1.953,1.953,2.45,2.45,0.18,0.18,1,1
1,2026-08-03 06:40:43.211565,1785739243,7226,1.402,1.402,2.45,2.45,0.09,0.09,1,1
1,2026-08-03 06:40:44.219974,1785739244,7227,0.851,0.851,2.45,2.45,0.9,0.9,1,1
1,2026-08-03 06:40:45.230559,1785739245,7228,5.81,5.81,2.45,2.45,0.81,0.81,1,1
1,2026-08-03 06:40:46.240800,1785739246,7229,5.259,5.259,2.45,2.45,0.72,0.72,1,1
1,2026-08-03 06:40:47.263545,1785739247,7230,4.708,4.708,2.45,2.45,0.63,0.63,1,1
1,2026-08-03 06:40:48.332742,1785739248,7231,0.775231481481445,0.775231481481445,2.45,2.45,0.54,0.54,1,1
1,2026-08-03 06:40:49.333880,1785739249,7232,3.606,3.606,2.45,2.45,0.45,0.45,1,1
1,2026-08-03 06:40:50.341723,1785739250,7233,3.055,3.055,2.45,2.45,0.36,0.36,1,1
1,2026-08-03 06:40:52.002853,1785739252,7234,2.504,2.504,2.45,2.45,0.27,0.27,1,1
1,2026-08-03 06:40:53.005226,1785739253,7235,1.953,1.953,2.45,2.45,0.18,0.18,1,1
1,2026-08-03 06:40:54.021998,1785739254,7236,1.402,1.402,2.45,2.45,0.09,0.09,1,1
1,2026-08-03 06:40:55.102128,1785739255,7237,0.514351851851815,0.514351851851815,2.45,2.45,0.9,0.9,1,1
1,2026-08-03 06:40:56.246187,1785739256,7238,5.81,5.81,2.45,2.45,0.81,0.81,1,1
1,2026-08-03 06:40:57.314855,1785739257,7239,0.423611111111074,0.423611111111074,2.45,2.45,0.72,0.72,1,1
1,2026-08-03 06:40:58.362019,1785739258,7240,0.378240740740704,0.378240740740704,2.45,2.45,0.63,0.63,1,1
1,2026-08-03 06:40:59.371072,1785739259,7241,0.332870370370334,0.332870370370334,2.45,2.45,0.54,0.54,1,1
1,2026-08-03 06:41:00.378269,1785739260,7242,3.606,3.606,2.45,2.45,0.45,0.45,1,1
1,2026-08-03 06:41:01.382840,1785739261,7243,3.055,3.055,2.45,2.45,0.36,0.36,1,1
1,2026-08-03 06:41:02.386112,1785739262,7244,2.504,2.504,2.45,2.45,0.27,0.27,1,1
1,2026-08-03 06:41:03.399039,1785739263,7245,5.77731481481482,5.77731481481482,2.45,2.45,0.18,0.18,1,1
1,2026-08-03 06:41:04.411647,1785739264,7246,5.73194444444445,5.73194444444445,2.45,2.45,0.09,0.09,1,1
1,2026-08-03 06:41:05.505223,1785739265,7247,5.68657407407408,5.68657407407408,2.45,2.45,0.9,0.9,1,1
1,2026-08-03 06:41:06.528832,1785739266,7248,5.64120370370371,5.64120370370371,2.45,2.45,0.81,0.81,1,1
1,2026-08-03 06:41:07.538287,1785739267,7249,5.60717592592593,5.60717592592593,2.45,2.45,0.72,0.72,1,1
1,2026-08-03 06:41:08.548090,1785739268,7250,5.56180555555556,5.56180555555556,2.45,2.45,0.63,0.63,1,1
1,2026-08-03 06:41:09.556074,1785739269,7251,5.5164351851852,5.5164351851852,2.45,2.45,0.54,0.54,1,1
1,2026-08-03 06:41:10.557204,1785739270,7252,5.47106481481483,5.47106481481483,2.45,2.45,0.45,0.45,1,1
1,2026-08-03 06:41:11.574620,1785739271,7253,5.43703703703705,5.43703703703705,2.45,2.45,0.36,0.36,1,1
1,2026-08-03 06:41:12.579617,1785739272,7254,5.39166666666668,5.39166666666668,2.45,2.45,0.27,0.27,1,1
1,2026-08-03 06:41:13.594761,1785739273,7255,5.34629629629631,5.34629629629631,2.45,2.45,0.18,0.18,1,1
1,2026-08-03 06:41:14.600117,1785739274,7256,1.402,1.402,2.45,2.45,0.09,0.09,1,1
1,2026-08-03 06:41:15.601233,1785739275,7257,5.26689814814817,5.26689814814817,2.45,2.45,0.9,0.9,1,1
1,2026-08-03 06:41:16.677225,1785739276,7258,5.22152777777779,5.22152777777779,2.45,2.45,0.81,0.81,1,1
1,2026-08-03 06:41:17.686903,1785739277,7259,5.259,5.259,2.45,2.45,0.72,0.72,1,1
1,2026-08-03 06:41:18.772758,1785739278,7260,4.708,4.708,2.45,2.45,0.63,0.63,1,1
1,2026-08-03 06:41:19.892788,1785739279,7261,5.10810185185187,5.10810185185187,2.45,2.45,0.54,0.54,1,1
1,2026-08-03 06:41:20.904240,1785739280,7262,5.0627314814815,5.0627314814815,2.45,2.45,0.45,0.45,1,1
1,2026-08-03 06:41:21.905213,1785739281,7263,5.01736111111112,5.01736111111112,2.45,2.45,0.36,0.36,1,1
1,2026-08-03 06:41:22.906301,1785739282,7264,2.504,2.504,2.45,2.45,0.27,0.27,1,1
1,2026-08-03 06:41:24.427515,1785739284,7265,4.93796296296298,4.93796296296298,2.45,2.45,0.18,0.18,1,1
1,2026-08-03 06:41:25.430928,1785739285,7266,1.402,1.402,2.45,2.45,0.09,0.09,1,1
1,2026-08-03 06:41:26.434465,1785739286,7267,4.85856481481483,4.85856481481483,2.45,2.45,0.9,0.9,1,1
1,2026-08-03 06:41:27.446538,1785739287,7268,5.81,5.81,2.45,2.45,0.81,0.81,1,1
1,2026-08-03 06:41:28.452433,1785739288,7269,5.259,5.259,2.45,2.45,0.72,0.72,1,1
1,2026-08-03 06:41:29.462285,1785739289,7270,4.708,4.708,2.45,2.45,0.63,0.63,1,1
1,2026-08-03 06:41:30.549927,1785739290,7271,4.157,4.157,2.45,2.45,0.54,0.54,1,1
1,2026-08-03 06:41:31.733608,1785739291,7272,3.606,3.606,2.45,2.45,0.45,0.45,1,1
1,2026-08-03 06:41:32.806447,1785739292,7273,4.59768518518519,4.59768518518519,2.45,2.45,0.36,0.36,1,1
1,2026-08-03 06:41:33.810780,1785739293,7274,4.55231481481482,4.55231481481482,2.45,2.45,0.27,0.27,1,1
1,2026-08-03 06:41:34.825890,1785739294,7275,4.51828703703704,4.51828703703704,2.45,2.45,0.18,0.18,1,1
1,2026-08-03 06:41:35.827526,1785739295,7276,4.47291666666667,4.47291666666667,2.45,2.45,0.09,0.09,1,1
1,2026-08-03 06:41:36.835248,1785739296,7277,4.4275462962963,4.4275462962963,2.45,2.45,0.9,0.9,1,1
1,2026-08-03 06:41:37.840587,1785739297,7278,5.81,5.81,2.45,2.45,0.81,0.81,1,1
1,2026-08-03 06:41:38.844196,1785739298,7279,4.34814814814815,4.34814814814815,2.45,2.45,0.72,0.72,1,1
1,2026-08-03 06:41:39.854888,1785739299,7280,4.30277777777778,4.30277777777778,2.45,2.45,0.63,0.63,1,1
1,2026-08-03 06:41:40.867922,1785739300,7281,4.157,4.157,2.45,2.45,0.54,0.54,1,1
1,2026-08-03 06:41:41.871826,1785739301,7282,3.606,3.606,2.45,2.45,0.45,0.45,1,1
1,2026-08-03 06:41:42.882752,1785739302,7283,4.17800925925926,4.17800925925926,2.45,2.45,0.36,0.36,1,1
1,2026-08-03 06:41:43.886150,1785739303,7284,4.13263888888889,4.13263888888889,2.45,2.45,0.27,0.27,1,1
1,2026-08-03 06:41:44.890482,1785739304,7285,1.953,1.953,2.45,2.45,0.18,0.18,1,1
1,2026-08-03 06:41:45.895131,1785739305,7286,1.402,1.402,2.45,2.45,0.09,0.09,1,1
1,2026-08-03 06:41:46.896323,1785739306,7287,4.00787037037037,4.00787037037037,2.45,2.45,0.9,0.9,1,1
1,2026-08-03 06:41:47.937703,1785739307,7288,5.81,5.81,2.45,2.45,0.81,0.81,1,1
1,2026-08-03 06:41:48.945728,1785739308,7289,5.259,5.259,2.45,2.45,0.72,0.72,1,1
1,2026-08-03 06:41:50.021553,1785739310,7290,4.708,4.708,2.45,2.45,0.63,0.63,1,1
1,2026-08-03 06:41:51.035632,1785739311,7291,3.83773148148148,3.83773148148148,2.45,2.45,0.54,0.54,1,1
1,2026-08-03 06:41:52.054903,1785739312,7292,3.606,3.606,2.45,2.45,0.45,0.45,1,1
1,2026-08-03 06:41:53.056405,1785739313,7293,3.055,3.055,2.45,2.45,0.36,0.36,1,1
1,2026-08-03 06:41:54.063961,1785739314,7294,2.504,2.504,2.45,2.45,0.27,0.27,1,1
1,2026-08-03 06:41:55.087379,1785739315,7295,1.953,1.953,2.45,2.45,0.18,0.18,1,1
1,2026-08-03 06:41:56.103725,1785739316,7296,1.402,1.402,2.45,2.45,0.09,0.09,1,1
1,2026-08-03 06:41:57.623618,1785739317,7297,0.851,0.851,2.45,2.45,0.9,0.9,1,1
1,2026-08-03 06:41:58.628803,1785739318,7298,5.81,5.81,2.45,2.45,0.81,0.81,1,1
1,2026-08-03 06:41:59.666527,1785739319,7299,5.259,5.259,2.45,2.45,0.72,0.72,1,1
1,2026-08-03 06:42:00.668406,1785739320,7300,4.708,4.708,2.45,2.45,0.63,0.63,1,1
1,2026-08-03 06:42:01.670159,1785739321,7301,4.157,4.157,2.45,2.45,0.54,0.54,1,1
1,2026-08-03 06:42:02.671145,1785739322,7302,3.37268518518518,3.37268518518518,2.45,2.45,0.45,0.45,1,1
1,2026-08-03 06:42:03.672877,1785739323,7303,3.32731481481481,3.32731481481481,2.45,2.45,0.45,0.45,1,1
1,2026-08-03 06:42:04.688100,1785739324,7304,3.28194444444444,3.28194444444444,2.45,2.45,0.36,0.36,1,1
1,2026-08-03 06:42:05.707842,1785739325,7305,3.23657407407407,3.23657407407407,2.45,2.45,0.27,0.27,1,1
1,2026-08-03 06:42:06.710963,1785739326,7306,3.20254629629629,3.20254629629629,2.45,2.45,0.18,0.18,1,1
1,2026-08-03 06:42:07.713028,1785739327,7307,3.15717592592592,3.15717592592592,2.45,2.45,0.09,0.09,1,1
1,2026-08-03 06:42:08.719924,1785739328,7308,3.12314814814814,3.12314814814814,2.45,2.45,0.9,0.9,1,1
1,2026-08-03 06:42:09.753085,1785739329,7309,3.07777777777777,3.07777777777777,2.45,2.45,0.81,0.81,1,1
1,2026-08-03 06:42:10.769108,1785739330,7310,3.04374999999999,3.04374999999999,2.45,2.45,0.72,0.72,1,1
1,2026-08-03 06:42:11.782307,1785739331,7311,2.99837962962962,2.99837962962962,2.45,2.45,0.63,0.63,1,1
1,2026-08-03 06:42:12.785255,1785739332,7312,2.95300925925925,2.95300925925925,2.45,2.45,0.54,0.54,1,1
1,2026-08-03 06:42:13.787161,1785739333,7313,2.90763888888888,2.90763888888888,2.45,2.45,0.45,0.45,1,1
1,2026-08-03 06:42:14.789038,1785739334,7314,2.8736111111111,2.8736111111111,2.45,2.45,0.36,0.36,1,1
1,2026-08-03 06:42:15.829751,1785739335,7315,2.82824074074073,2.82824074074073,2.45,2.45,0.27,0.27,1,1
1,2026-08-03 06:42:16.849903,1785739336,7316,2.78287037037036,2.78287037037036,2.45,2.45,0.18,0.18,1,1
1,2026-08-03 06:42:17.887250,1785739337,7317,2.74884259259258,2.74884259259258,2.45,2.45,0.09,0.09,1,1
1,2026-08-03 06:42:18.893000,1785739338,7318,2.70347222222221,2.70347222222221,2.45,2.45,0.9,0.9,1,1
1,2026-08-03 06:42:19.984084,1785739339,7319,2.65810185185184,2.65810185185184,2.45,2.45,0.81,0.81,1,1
1,2026-08-03 06:42:21.004994,1785739341,7320,2.61273148148146,2.61273148148146,2.45,2.45,0.72,0.72,1,1
1,2026-08-03 06:42:22.011360,1785739342,7321,2.57870370370369,2.57870370370369,2.45,2.45,0.63,0.63,1,1
1,2026-08-03 06:42:23.029511,1785739343,7322,2.53333333333332,2.53333333333332,2.45,2.45,0.54,0.54,1,1
1,2026-08-03 06:42:24.049504,1785739344,7323,2.48796296296294,2.48796296296294,2.45,2.45,0.45,0.45,1,1
1,2026-08-03 06:42:25.093464,1785739345,7324,2.44259259259257,2.44259259259257,2.45,2.45,0.36,0.36,1,1
1,2026-08-03 06:42:26.106496,1785739346,7325,2.3972222222222,2.3972222222222,2.45,2.45,0.27,0.27,1,1
1,2026-08-03 06:42:27.132632,1785739347,7326,2.36319444444442,2.36319444444442,2.45,2.45,0.18,0.18,1,1
1,2026-08-03 06:42:28.149742,1785739348,7327,2.31782407407405,2.31782407407405,2.45,2.45,0.09,0.09,1,1
1,2026-08-03 06:42:29.151475,1785739349,7328,2.27245370370368,2.27245370370368,2.45,2.45,0.9,0.9,1,1
1,2026-08-03 06:42:30.679108,1785739350,7329,2.22708333333331,2.22708333333331,2.45,2.45,0.81,0.81,1,1
1,2026-08-03 06:42:31.696012,1785739351,7330,2.18171296296294,2.18171296296294,2.45,2.45,0.72,0.72,1,1
1,2026-08-03 06:42:32.697058,1785739352,7331,2.14768518518516,2.14768518518516,2.45,2.45,0.63,0.63,1,1
1,2026-08-03 06:42:33.716478,1785739353,7332,2.10231481481479,2.10231481481479,2.45,2.45,0.54,0.54,1,1
1,2026-08-03 06:42:34.729266,1785739354,7333,2.05694444444442,2.05694444444442,2.45,2.45,0.45,0.45,1,1
1,2026-08-03 06:42:35.731190,1785739355,7334,2.01157407407405,2.01157407407405,2.45,2.45,0.36,0.36,1,1
1,2026-08-03 06:42:36.846454,1785739356,7335,1.97754629629627,1.97754629629627,2.45,2.45,0.27,0.27,1,1
1,2026-08-03 06:42:37.855523,1785739357,7336,1.9321759259259,1.9321759259259,2.45,2.45,0.18,0.18,1,1
1,2026-08-03 06:42:38.865448,1785739358,7337,1.88680555555553,1.88680555555553,2.45,2.45,0.09,0.09,1,1
1,2026-08-03 06:42:39.876060,1785739359,7338,1.84143518518516,1.84143518518516,2.45,2.45,0.9,0.9,1,1
1,2026-08-03 06:42:40.877478,1785739360,7339,1.80740740740738,1.80740740740738,2.45,2.45,0.81,0.81,1,1
1,2026-08-03 06:42:41.879060,1785739361,7340,1.76203703703701,1.76203703703701,2.45,2.45,0.72,0.72,1,1
1,2026-08-03 06:42:42.887743,1785739362,7341,1.71666666666664,1.71666666666664,2.45,2.45,0.63,0.63,1,1
1,2026-08-03 06:42:43.889168,1785739363,7342,1.67129629629627,1.67129629629627,2.45,2.45,0.54,0.54,1,1
1,2026-08-03 06:42:44.899016,1785739364,7343,1.63726851851849,1.63726851851849,2.45,2.45,0.45,0.45,1,1
1,2026-08-03 06:42:45.900432,1785739365,7344,1.59189814814812,1.59189814814812,2.45,2.45,0.36,0.36,1,1
1,2026-08-03 06:42:46.902908,1785739366,7345,1.54652777777775,1.54652777777775,2.45,2.45,0.27,0.27,1,1
1,2026-08-03 06:42:47.904779,1785739367,7346,1.51249999999997,1.51249999999997,2.45,2.45,0.18,0.18,1,1
1,2026-08-03 06:42:48.938891,1785739368,7347,1.4671296296296,1.4671296296296,2.45,2.45,0.09,0.09,1,1
1,2026-08-03 06:42:49.949919,1785739369,7348,1.42175925925923,1.42175925925923,2.45,2.45,0.9,0.9,1,1
1,2026-08-03 06:42:50.956530,1785739370,7349,1.37638888888886,1.37638888888886,2.45,2.45,0.81,0.81,1,1
1,2026-08-03 06:42:51.958062,1785739371,7350,1.33101851851849,1.33101851851849,2.45,2.45,0.72,0.72,1,1
1,2026-08-03 06:42:52.964402,1785739372,7351,1.29699074074071,1.29699074074071,2.45,2.45,0.63,0.63,1,1
1,2026-08-03 06:42:53.978497,1785739373,7352,1.25162037037034,1.25162037037034,2.45,2.45,0.54,0.54,1,1
1,2026-08-03 06:42:55.011677,1785739375,7353,1.20624999999997,1.20624999999997,2.45,2.45,0.45,0.45,1,1
1,2026-08-03 06:42:56.027978,1785739376,7354,1.16087962962959,1.16087962962959,2.45,2.45,0.36,0.36,1,1
1,2026-08-03 06:42:57.033573,1785739377,7355,1.11550925925922,1.11550925925922,2.45,2.45,0.27,0.27,1,1
1,2026-08-03 06:42:58.036418,1785739378,7356,1.08148148148145,1.08148148148145,2.45,2.45,0.18,0.18,1,1
1,2026-08-03 06:42:59.038371,1785739379,7357,1.03611111111107,1.03611111111107,2.45,2.45,0.09,0.09,1,1
1,2026-08-03 06:43:00.043868,1785739380,7358,0.990740740740704,0.990740740740704,2.45,2.45,0.9,0.9,1,1
1,2026-08-03 06:43:01.050352,1785739381,7359,0.945370370370334,0.945370370370334,2.45,2.45,0.81,0.81,1,1
1,2026-08-03 06:43:02.052135,1785739382,7360,0.911342592592556,0.911342592592556,2.45,2.45,0.72,0.72,1,1
1,2026-08-03 06:43:03.569780,1785739383,7361,0.865972222222185,0.865972222222185,2.45,2.45,0.63,0.63,1,1
1,2026-08-03 06:43:04.571005,1785739384,7362,0.820601851851815,0.820601851851815,2.45,2.45,0.54,0.54,1,1
1,2026-08-03 06:43:05.587249,1785739385,7363,0.775231481481445,0.775231481481445,2.45,2.45,0.45,0.45,1,1
1,2026-08-03 06:43:06.589291,1785739386,7364,0.729861111111074,0.729861111111074,2.45,2.45,0.36,0.36,1,1
1,2026-08-03 06:43:07.597131,1785739387,7365,0.684490740740704,0.684490740740704,2.45,2.45,0.27,0.27,1,1
1,2026-08-03 06:43:08.630756,1785739388,7366,1.953,1.953,2.45,2.45,0.18,0.18,1,1
1,2026-08-03 06:43:09.632879,1785739389,7367,0.605092592592556,0.605092592592556,2.45,2.45,0.09,0.09,1,1
1,2026-08-03 06:43:10.651193,1785739390,7368,0.559722222222185,0.559722222222185,2.45,2.45,0.9,0.9,1,1
1,2026-08-03 06:43:11.656709,1785739391,7369,0.514351851851815,0.514351851851815,2.45,2.45,0.81,0.81,1,1
1,2026-08-03 06:43:12.658834,1785739392,7370,5.259,5.259,2.45,2.45,0.72,0.72,1,1
1,2026-08-03 06:43:13.661923,1785739393,7371,4.708,4.708,2.45,2.45,0.63,0.63,1,1
1,2026-08-03 06:43:14.666675,1785739394,7372,4.157,4.157,2.45,2.45,0.54,0.54,1,1
1,2026-08-03 06:43:15.677676,1785739395,7373,3.606,3.606,2.45,2.45,0.45,0.45,1,1
1,2026-08-03 06:43:16.691871,1785739396,7374,3.055,3.055,2.45,2.45,0.36,0.36,1,1
1,2026-08-03 06:43:17.697186,1785739397,7375,2.504,2.504,2.45,2.45,0.27,0.27,1,1
1,2026-08-03 06:43:18.707924,1785739398,7376,1.953,1.953,2.45,2.45,0.18,0.18,1,1
1,2026-08-03 06:43:19.743406,1785739399,7377,1.402,1.402,2.45,2.45,0.09,0.09,1,1
1,2026-08-03 06:43:20.749556,1785739400,7378,5.74328703703704,5.74328703703704,2.45,2.45,0.9,0.9,1,1
1,2026-08-03 06:43:21.770768,1785739401,7379,5.81,5.81,2.45,2.45,0.81,0.81,1,1
1,2026-08-03 06:43:22.771812,1785739402,7380,5.259,5.259,2.45,2.45,0.81,0.81,1,1
1,2026-08-03 06:43:23.810036,1785739403,7381,4.708,4.708,2.45,2.45,0.72,0.72,1,1
1,2026-08-03 06:43:24.837813,1785739404,7382,4.157,4.157,2.45,2.45,0.63,0.63,1,1
1,2026-08-03 06:43:25.841598,1785739405,7383,3.606,3.606,2.45,2.45,0.54,0.54,1,1
1,2026-08-03 06:43:26.854148,1785739406,7384,3.055,3.055,2.45,2.45,0.45,0.45,1,1
1,2026-08-03 06:43:27.859339,1785739407,7385,5.43703703703705,5.43703703703705,2.45,2.45,0.36,0.36,1,1
1,2026-08-03 06:43:28.861311,1785739408,7386,5.40300925925927,5.40300925925927,2.45,2.45,0.27,0.27,1,1
1,2026-08-03 06:43:29.870443,1785739409,7387,5.35763888888891,5.35763888888891,2.45,2.45,0.18,0.18,1,1
1,2026-08-03 06:43:30.873362,1785739410,7388,5.31226851851854,5.31226851851854,2.45,2.45,0.09,0.09,1,1
1,2026-08-03 06:43:31.876941,1785739411,7389,5.27824074074076,5.27824074074076,2.45,2.45,0.9,0.9,1,1
1,2026-08-03 06:43:32.878782,1785739412,7390,5.23287037037039,5.23287037037039,2.45,2.45,0.81,0.81,1,1
1,2026-08-03 06:43:33.885786,1785739413,7391,5.18750000000002,5.18750000000002,2.45,2.45,0.72,0.72,1,1
1,2026-08-03 06:43:34.896497,1785739414,7392,5.14212962962965,5.14212962962965,2.45,2.45,0.63,0.63,1,1
1,2026-08-03 06:43:36.424239,1785739416,7393,5.10810185185187,5.10810185185187,2.45,2.45,0.54,0.54,1,1
1,2026-08-03 06:43:37.430990,1785739417,7394,5.0627314814815,5.0627314814815,2.45,2.45,0.45,0.45,1,1
1,2026-08-03 06:43:38.432870,1785739418,7395,5.01736111111112,5.01736111111112,2.45,2.45,0.36,0.36,1,1
1,2026-08-03 06:43:39.435176,1785739419,7396,4.98333333333335,4.98333333333335,2.45,2.45,0.27,0.27,1,1
1,2026-08-03 06:43:40.436339,1785739420,7397,4.93796296296298,4.93796296296298,2.45,2.45,0.18,0.18,1,1
1,2026-08-03 06:43:41.442213,1785739421,7398,4.9039351851852,4.9039351851852,2.45,2.45,0.09,0.09,1,1
1,2026-08-03 06:43:42.443240,1785739422,7399,4.85856481481483,4.85856481481483,2.45,2.45,0.9,0.9,1,1
1,2026-08-03 06:43:43.450221,1785739423,7400,4.82453703703705,4.82453703703705,2.45,2.45,0.81,0.81,1,1
1,2026-08-03 06:43:44.454641,1785739424,7401,4.79050925925927,4.79050925925927,2.45,2.45,0.72,0.72,1,1
1,2026-08-03 06:43:45.457050,1785739425,7402,4.75648148148149,4.75648148148149,2.45,2.45,0.63,0.63,1,1
1,2026-08-03 06:43:46.460922,1785739426,7403,4.71111111111112,4.71111111111112,2.45,2.45,0.54,0.54,1,1
1,2026-08-03 06:43:47.462292,1785739427,7404,4.67708333333334,4.67708333333334,2.45,2.45,0.45,0.45,1,1
1,2026-08-03 06:43:48.464448,1785739428,7405,4.63171296296297,4.63171296296297,2.45,2.45,0.36,0.36,1,1
1,2026-08-03 06:43:49.470581,1785739429,7406,4.59768518518519,4.59768518518519,2.45,2.45,0.27,0.27,1,1
1,2026-08-03 06:43:50.472728,1785739430,7407,4.55231481481482,4.55231481481482,2.45,2.45,0.18,0.18,1,1
1,2026-08-03 06:43:51.474446,1785739431,7408,1.402,1.402,2.45,2.45,0.09,0.09,1,1
1,2026-08-03 06:43:52.477553,1785739432,7409,0.851,0.851,2.45,2.45,0.9,0.9,1,1
1,2026-08-03 06:43:53.489681,1785739433,7410,4.4275462962963,4.4275462962963,2.45,2.45,0.81,0.81,1,1
1,2026-08-03 06:43:54.499621,1785739434,7411,4.38217592592593,4.38217592592593,2.45,2.45,0.72,0.72,1,1
1,2026-08-03 06:43:55.504981,1785739435,7412,4.708,4.708,2.45,2.45,0.63,0.63,1,1
1,2026-08-03 06:43:56.510022,1785739436,7413,4.157,4.157,2.45,2.45,0.54,0.54,1,1
1,2026-08-03 06:43:57.530082,1785739437,7414,4.25740740740741,4.25740740740741,2.45,2.45,0.45,0.45,1,1
1,2026-08-03 06:43:58.554114,1785739438,7415,3.055,3.055,2.45,2.45,0.36,0.36,1,1
1,2026-08-03 06:43:59.557845,1785739439,7416,4.17800925925926,4.17800925925926,2.45,2.45,0.27,0.27,1,1
1,2026-08-03 06:44:00.577676,1785739440,7417,4.13263888888889,4.13263888888889,2.45,2.45,0.18,0.18,1,1
1,2026-08-03 06:44:01.584024,1785739441,7418,4.08726851851852,4.08726851851852,2.45,2.45,0.09,0.09,1,1
1,2026-08-03 06:44:02.635693,1785739442,7419,4.05324074074074,4.05324074074074,2.45,2.45,0.9,0.9,1,1
1,2026-08-03 06:44:03.841161,1785739443,7420,4.00787037037037,4.00787037037037,2.45,2.45,0.81,0.81,1,1
1,2026-08-03 06:44:04.956260,1785739444,7421,5.259,5.259,2.45,2.45,0.72,0.72,1,1
1,2026-08-03 06:44:05.968865,1785739445,7422,4.708,4.708,2.45,2.45,0.63,0.63,1,1
1,2026-08-03 06:44:06.971021,1785739446,7423,4.157,4.157,2.45,2.45,0.54,0.54,1,1
1,2026-08-03 06:44:08.049214,1785739448,7424,3.606,3.606,2.45,2.45,0.45,0.45,1,1
1,2026-08-03 06:44:09.569924,1785739449,7425,3.055,3.055,2.45,2.45,0.36,0.36,1,1
1,2026-08-03 06:44:10.579630,1785739450,7426,2.504,2.504,2.45,2.45,0.27,0.27,1,1
1,2026-08-03 06:44:11.581841,1785739451,7427,3.69027777777777,3.69027777777777,2.45,2.45,0.27,0.27,1,1
1,2026-08-03 06:44:12.632478,1785739452,7428,3.65625,3.65625,2.45,2.45,0.09,0.09,1,1
1,2026-08-03 06:44:13.645957,1785739453,7429,0.851,0.851,2.45,2.45,0.9,0.9,1,1
1,2026-08-03 06:44:14.657123,1785739454,7430,3.56550925925925,3.56550925925925,2.45,2.45,0.81,0.81,1,1
1,2026-08-03 06:44:15.688557,1785739455,7431,3.52013888888888,3.52013888888888,2.45,2.45,0.72,0.72,1,1
1,2026-08-03 06:44:16.692972,1785739456,7432,3.47476851851851,3.47476851851851,2.45,2.45,0.63,0.63,1,1
1,2026-08-03 06:44:17.765772,1785739457,7433,3.42939814814814,3.42939814814814,2.45,2.45,0.54,0.54,1,1
1,2026-08-03 06:44:18.767804,1785739458,7434,3.606,3.606,2.45,2.45,0.45,0.45,1,1
1,2026-08-03 06:44:19.779058,1785739459,7435,3.055,3.055,2.45,2.45,0.36,0.36,1,1
1,2026-08-03 06:44:20.782269,1785739460,7436,2.504,2.504,2.45,2.45,0.27,0.27,1,1
1,2026-08-03 06:44:21.817833,1785739461,7437,1.953,1.953,2.45,2.45,0.18,0.18,1,1
1,2026-08-03 06:44:22.822193,1785739462,7438,1.402,1.402,2.45,2.45,0.09,0.09,1,1
1,2026-08-03 06:44:23.842418,1785739463,7439,3.1798611111111,3.1798611111111,2.45,2.45,0.9,0.9,1,1
1,2026-08-03 06:44:24.862644,1785739464,7440,3.13449074074073,3.13449074074073,2.45,2.45,0.81,0.81,1,1
1,2026-08-03 06:44:25.865644,1785739465,7441,3.08912037037036,3.08912037037036,2.45,2.45,0.72,0.72,1,1
1,2026-08-03 06:44:26.908125,1785739466,7442,3.04374999999999,3.04374999999999,2.45,2.45,0.63,0.63,1,1
1,2026-08-03 06:44:27.917796,1785739467,7443,3.00972222222221,3.00972222222221,2.45,2.45,0.54,0.54,1,1
1,2026-08-03 06:44:28.939519,1785739468,7444,2.96435185185184,2.96435185185184,2.45,2.45,0.45,0.45,1,1
1,2026-08-03 06:44:29.984909,1785739469,7445,3.055,3.055,2.45,2.45,0.36,0.36,1,1
1,2026-08-03 06:44:30.998563,1785739470,7446,2.88495370370369,2.88495370370369,2.45,2.45,0.27,0.27,1,1
1,2026-08-03 06:44:32.033409,1785739472,7447,1.953,1.953,2.45,2.45,0.18,0.18,1,1
1,2026-08-03 06:44:33.041425,1785739473,7448,1.402,1.402,2.45,2.45,0.18,0.18,1,1
1,2026-08-03 06:44:34.062380,1785739474,7449,2.74884259259258,2.74884259259258,2.45,2.45,0.9,0.9,1,1
1,2026-08-03 06:44:35.100552,1785739475,7450,2.7148148148148,2.7148148148148,2.45,2.45,0.81,0.81,1,1
1,2026-08-03 06:44:36.133576,1785739476,7451,5.259,5.259,2.45,2.45,0.72,0.72,1,1
1,2026-08-03 06:44:37.160667,1785739477,7452,4.708,4.708,2.45,2.45,0.63,0.63,1,1
1,2026-08-03 06:44:38.162695,1785739478,7453,2.57870370370369,2.57870370370369,2.45,2.45,0.54,0.54,1,1
1,2026-08-03 06:44:39.191581,1785739479,7454,2.53333333333332,2.53333333333332,2.45,2.45,0.45,0.45,1,1
1,2026-08-03 06:44:40.227706,1785739480,7455,2.49930555555554,2.49930555555554,2.45,2.45,0.36,0.36,1,1
1,2026-08-03 06:44:41.232771,1785739481,7456,2.504,2.504,2.45,2.45,0.27,0.27,1,1
1,2026-08-03 06:44:42.770718,1785739482,7457,2.4085648148148,2.4085648148148,2.45,2.45,0.18,0.18,1,1
1,2026-08-03 06:44:43.783496,1785739483,7458,2.36319444444442,2.36319444444442,2.45,2.45,0.09,0.09,1,1
1,2026-08-03 06:44:44.807618,1785739484,7459,2.32916666666665,2.32916666666665,2.45,2.45,0.9,0.9,1,1
1,2026-08-03 06:44:45.830471,1785739485,7460,2.28379629629628,2.28379629629628,2.45,2.45,0.81,0.81,1,1
1,2026-08-03 06:44:46.837588,1785739486,7461,2.2384259259259,2.2384259259259,2.45,2.45,0.72,0.72,1,1
1,2026-08-03 06:44:47.863493,1785739487,7462,4.708,4.708,2.45,2.45,0.63,0.63,1,1
1,2026-08-03 06:44:48.906592,1785739488,7463,2.15902777777776,2.15902777777776,2.45,2.45,0.54,0.54,1,1
1,2026-08-03 06:44:49.907937,1785739489,7464,3.606,3.606,2.45,2.45,0.45,0.45,1,1
1,2026-08-03 06:44:50.993111,1785739490,7465,3.055,3.055,2.45,2.45,0.36,0.36,1,1
1,2026-08-03 06:44:51.996062,1785739491,7466,2.504,2.504,2.45,2.45,0.27,0.27,1,1
1,2026-08-03 06:44:53.022693,1785739493,7467,1.953,1.953,2.45,2.45,0.18,0.18,1,1
1,2026-08-03 06:44:54.030027,1785739494,7468,1.402,1.402,2.45,2.45,0.09,0.09,1,1
1,2026-08-03 06:44:55.037940,1785739495,7469,1.88680555555553,1.88680555555553,2.45,2.45,0.9,0.9,1,1
1,2026-08-03 06:44:56.070721,1785739496,7470,5.81,5.81,2.45,2.45,0.81,0.81,1,1
1,2026-08-03 06:44:57.073230,1785739497,7471,5.259,5.259,2.45,2.45,0.72,0.72,1,1
1,2026-08-03 06:44:58.080944,1785739498,7472,4.708,4.708,2.45,2.45,0.63,0.63,1,1
1,2026-08-03 06:44:59.081866,1785739499,7473,1.71666666666664,1.71666666666664,2.45,2.45,0.54,0.54,1,1
1,2026-08-03 06:45:00.094745,1785739500,7474,1.68263888888886,1.68263888888886,2.45,2.45,0.45,0.45,1,1
1,2026-08-03 06:45:01.104863,1785739501,7475,3.055,3.055,2.45,2.45,0.36,0.36,1,1
1,2026-08-03 06:45:02.146789,1785739502,7476,1.60324074074071,1.60324074074071,2.45,2.45,0.27,0.27,1,1
1,2026-08-03 06:45:03.163455,1785739503,7477,1.55787037037034,1.55787037037034,2.45,2.45,0.18,0.18,1,1
1,2026-08-03 06:45:04.203935,1785739504,7478,1.51249999999997,1.51249999999997,2.45,2.45,0.09,0.09,1,1
1,2026-08-03 06:45:05.216030,1785739505,7479,0.851,0.851,2.45,2.45,0.9,0.9,1,1
1,2026-08-03 06:45:06.239305,1785739506,7480,5.81,5.81,2.45,2.45,0.81,0.81,1,1
1,2026-08-03 06:45:07.251210,1785739507,7481,5.259,5.259,2.45,2.45,0.72,0.72,1,1
1,2026-08-03 06:45:08.261985,1785739508,7482,4.708,4.708,2.45,2.45,0.72,0.72,1,1
1,2026-08-03 06:45:09.277213,1785739509,7483,4.157,4.157,2.45,2.45,0.63,0.63,1,1
1,2026-08-03 06:45:10.290775,1785739510,7484,1.25162037037034,1.25162037037034,2.45,2.45,0.54,0.54,1,1
1,2026-08-03 06:45:11.296725,1785739511,7485,1.21759259259256,1.21759259259256,2.45,2.45,0.45,0.45,1,1
1,2026-08-03 06:45:12.303405,1785739512,7486,1.17222222222219,1.17222222222219,2.45,2.45,0.36,0.36,1,1
1,2026-08-03 06:45:13.312219,1785739513,7487,1.12685185185182,1.12685185185182,2.45,2.45,0.27,0.27,1,1
1,2026-08-03 06:45:14.313635,1785739514,7488,1.08148148148145,1.08148148148145,2.45,2.45,0.18,0.18,1,1
1,2026-08-03 06:45:15.849676,1785739515,7489,1.04745370370367,1.04745370370367,2.45,2.45,0.09,0.09,1,1
1,2026-08-03 06:45:16.855667,1785739516,7490,1.0020833333333,1.0020833333333,2.45,2.45,0.9,0.9,1,1
1,2026-08-03 06:45:17.858899,1785739517,7491,0.968055555555519,0.968055555555519,2.45,2.45,0.81,0.81,1,1
1,2026-08-03 06:45:18.864323,1785739518,7492,0.922685185185148,0.922685185185148,2.45,2.45,0.72,0.72,1,1
1,2026-08-03 06:45:19.865402,1785739519,7493,0.877314814814778,0.877314814814778,2.45,2.45,0.63,0.63,1,1
1,2026-08-03 06:45:20.876820,1785739520,7494,0.831944444444408,0.831944444444408,2.45,2.45,0.54,0.54,1,1
1,2026-08-03 06:45:21.890896,1785739521,7495,0.786574074074037,0.786574074074037,2.45,2.45,0.45,0.45,1,1
1,2026-08-03 06:45:22.893285,1785739522,7496,0.75254629629626,0.75254629629626,2.45,2.45,0.36,0.36,1,1
1,2026-08-03 06:45:23.895794,1785739523,7497,0.707175925925889,0.707175925925889,2.45,2.45,0.27,0.27,1,1
1,2026-08-03 06:45:24.898762,1785739524,7498,0.661805555555519,0.661805555555519,2.45,2.45,0.18,0.18,1,1
1,2026-08-03 06:45:25.903691,1785739525,7499,0.627777777777741,0.627777777777741,2.45,2.45,0.09,0.09,1,1
1,2026-08-03 06:45:26.912257,1785739526,7500,0.582407407407371,0.582407407407371,2.45,2.45,0.9,0.9,1,1
1,2026-08-03 06:45:27.915105,1785739527,7501,0.537037037037,0.537037037037,2.45,2.45,0.81,0.81,1,1
1,2026-08-03 06:45:28.925742,1785739528,7502,0.49166666666663,0.49166666666663,2.45,2.45,0.72,0.72,1,1
1,2026-08-03 06:45:29.927697,1785739529,7503,0.457638888888852,0.457638888888852,2.45,2.45,0.63,0.63,1,1
1,2026-08-03 06:45:30.935460,1785739530,7504,0.412268518518482,0.412268518518482,2.45,2.45,0.54,0.54,1,1
1,2026-08-03 06:45:31.946767,1785739531,7505,0.366898148148112,0.366898148148112,2.45,2.45,0.45,0.45,1,1
1,2026-08-03 06:45:32.953306,1785739532,7506,0.321527777777741,0.321527777777741,2.45,2.45,0.36,0.36,1,1
1,2026-08-03 06:45:33.959121,1785739533,7507,0.298842592592556,0.298842592592556,2.45,2.45,0.27,0.27,1,1
1,2026-08-03 06:45:34.973427,1785739534,7508,1.953,1.953,2.45,2.45,0.18,0.18,1,1
1,2026-08-03 06:45:35.993819,1785739535,7509,1.402,1.402,2.45,2.45,0.09,0.09,1,1
1,2026-08-03 06:45:36.997002,1785739536,7510,5.77731481481482,5.77731481481482,2.45,2.45,0.9,0.9,1,1
1,2026-08-03 06:45:38.015294,1785739538,7511,5.73194444444445,5.73194444444445,2.45,2.45,0.81,0.81,1,1
1,2026-08-03 06:45:39.021443,1785739539,7512,5.69791666666667,5.69791666666667,2.45,2.45,0.72,0.72,1,1
1,2026-08-03 06:45:40.028384,1785739540,7513,5.66388888888889,5.66388888888889,2.45,2.45,0.63,0.63,1,1
1,2026-08-03 06:45:41.049367,1785739541,7514,5.62986111111112,5.62986111111112,2.45,2.45,0.54,0.54,1,1
1,2026-08-03 06:45:42.057197,1785739542,7515,3.606,3.606,2.45,2.45,0.45,0.45,1,1
1,2026-08-03 06:45:43.059052,1785739543,7516,5.55046296296297,5.55046296296297,2.45,2.45,0.36,0.36,1,1
1,2026-08-03 06:45:44.070567,1785739544,7517,2.504,2.504,2.45,2.45,0.27,0.27,1,1
1,2026-08-03 06:45:45.072191,1785739545,7518,1.953,1.953,2.45,2.45,0.18,0.18,1,1
1,2026-08-03 06:45:46.076261,1785739546,7519,1.402,1.402,2.45,2.45,0.09,0.09,1,1
1,2026-08-03 06:45:47.080431,1785739547,7520,0.851,0.851,2.45,2.45,0.9,0.9,1,1
1,2026-08-03 06:45:48.610188,1785739548,7521,5.81,5.81,2.45,2.45,0.81,0.81,1,1
1,2026-08-03 06:45:49.623974,1785739549,7522,5.259,5.259,2.45,2.45,0.72,0.72,1,1
1,2026-08-03 06:45:50.636122,1785739550,7523,4.708,4.708,2.45,2.45,0.63,0.63,1,1
1,2026-08-03 06:45:51.640988,1785739551,7524,4.157,4.157,2.45,2.45,0.54,0.54,1,1
1,2026-08-03 06:45:52.659716,1785739552,7525,5.18750000000002,5.18750000000002,2.45,2.45,0.45,0.45,1,1
1,2026-08-03 06:45:53.671302,1785739553,7526,3.055,3.055,2.45,2.45,0.36,0.36,1,1
1,2026-08-03 06:45:54.681201,1785739554,7527,5.10810185185187,5.10810185185187,2.45,2.45,0.27,0.27,1,1
1,2026-08-03 06:45:55.691078,1785739555,7528,1.953,1.953,2.45,2.45,0.18,0.18,1,1
1,2026-08-03 06:45:56.714463,1785739556,7529,5.01736111111112,5.01736111111112,2.45,2.45,0.09,0.09,1,1
1,2026-08-03 06:45:57.716279,1785739557,7530,0.851,0.851,2.45,2.45,0.9,0.9,1,1
1,2026-08-03 06:45:58.727899,1785739558,7531,5.81,5.81,2.45,2.45,0.81,0.81,1,1
1,2026-08-03 06:45:59.738841,1785739559,7532,5.259,5.259,2.45,2.45,0.72,0.72,1,1
1,2026-08-03 06:46:00.759056,1785739560,7533,4.708,4.708,2.45,2.45,0.63,0.63,1,1
1,2026-08-03 06:46:01.769505,1785739561,7534,4.157,4.157,2.45,2.45,0.54,0.54,1,1
1,2026-08-03 06:46:02.771389,1785739562,7535,3.606,3.606,2.45,2.45,0.45,0.45,1,1
1,2026-08-03 06:46:03.781579,1785739563,7536,3.055,3.055,2.45,2.45,0.36,0.36,1,1
1,2026-08-03 06:46:04.807183,1785739564,7537,2.504,2.504,2.45,2.45,0.27,0.27,1,1
1,2026-08-03 06:46:05.817177,1785739565,7538,1.953,1.953,2.45,2.45,0.18,0.18,1,1
1,2026-08-03 06:46:06.829083,1785739566,7539,1.402,1.402,2.45,2.45,0.09,0.09,1,1
1,2026-08-03 06:46:07.851631,1785739567,7540,0.851,0.851,2.45,2.45,0.9,0.9,1,1
1,2026-08-03 06:46:08.853879,1785739568,7541,5.81,5.81,2.45,2.45,0.81,0.81,1,1
1,2026-08-03 06:46:09.864086,1785739569,7542,5.259,5.259,2.45,2.45,0.72,0.72,1,1
1,2026-08-03 06:46:10.865406,1785739570,7543,4.4275462962963,4.4275462962963,2.45,2.45,0.63,0.63,1,1
1,2026-08-03 06:46:11.869091,1785739571,7544,4.39351851851852,4.39351851851852,2.45,2.45,0.54,0.54,1,1
1,2026-08-03 06:46:12.873087,1785739572,7545,4.34814814814815,4.34814814814815,2.45,2.45,0.45,0.45,1,1
1,2026-08-03 06:46:13.879386,1785739573,7546,4.30277777777778,4.30277777777778,2.45,2.45,0.36,0.36,1,1
1,2026-08-03 06:46:14.890624,1785739574,7547,4.26875,4.26875,2.45,2.45,0.27,0.27,1,1
1,2026-08-03 06:46:15.899878,1785739575,7548,4.22337962962963,4.22337962962963,2.45,2.45,0.18,0.18,1,1
1,2026-08-03 06:46:16.902764,1785739576,7549,4.17800925925926,4.17800925925926,2.45,2.45,0.09,0.09,1,1
1,2026-08-03 06:46:17.907536,1785739577,7550,4.13263888888889,4.13263888888889,2.45,2.45,0.9,0.9,1,1
1,2026-08-03 06:46:18.916080,1785739578,7551,4.09861111111111,4.09861111111111,2.45,2.45,0.81,0.81,1,1
1,2026-08-03 06:46:19.923394,1785739579,7552,4.05324074074074,4.05324074074074,2.45,2.45,0.72,0.72,1,1
1,2026-08-03 06:46:21.451455,1785739581,7553,4.00787037037037,4.00787037037037,2.45,2.45,0.63,0.63,1,1
1,2026-08-03 06:46:22.477400,1785739582,7554,3.97384259259259,3.97384259259259,2.45,2.45,0.54,0.54,1,1
1,2026-08-03 06:46:23.483552,1785739583,7555,3.92847222222222,3.92847222222222,2.45,2.45,0.45,0.45,1,1
1,2026-08-03 06:46:24.486933,1785739584,7556,3.88310185185185,3.88310185185185,2.45,2.45,0.36,0.36,1,1
1,2026-08-03 06:46:25.488857,1785739585,7557,3.83773148148148,3.83773148148148,2.45,2.45,0.27,0.27,1,1
1,2026-08-03 06:46:26.531372,1785739586,7558,3.79236111111111,3.79236111111111,2.45,2.45,0.18,0.18,1,1
1,2026-08-03 06:46:27.532746,1785739587,7559,3.75833333333333,3.75833333333333,2.45,2.45,0.09,0.09,1,1
1,2026-08-03 06:46:28.547300,1785739588,7560,3.71296296296296,3.71296296296296,2.45,2.45,0.9,0.9,1,1
1,2026-08-03 06:46:29.551883,1785739589,7561,3.66759259259259,3.66759259259259,2.45,2.45,0.81,0.81,1,1
1,2026-08-03 06:46:30.561465,1785739590,7562,3.62222222222222,3.62222222222222,2.45,2.45,0.72,0.72,1,1
1,2026-08-03 06:46:31.585009,1785739591,7563,3.58819444444444,3.58819444444444,2.45,2.45,0.63,0.63,1,1
1,2026-08-03 06:46:32.586783,1785739592,7564,3.54282407407407,3.54282407407407,2.45,2.45,0.54,0.54,1,1
1,2026-08-03 06:46:33.591727,1785739593,7565,3.4974537037037,3.4974537037037,2.45,2.45,0.45,0.45,1,1
1,2026-08-03 06:46:34.620479,1785739594,7566,3.46342592592592,3.46342592592592,2.45,2.45,0.36,0.36,1,1
1,2026-08-03 06:46:35.643773,1785739595,7567,3.41805555555555,3.41805555555555,2.45,2.45,0.27,0.27,1,1
1,2026-08-03 06:46:36.672478,1785739596,7568,3.37268518518518,3.37268518518518,2.45,2.45,0.18,0.18,1,1
1,2026-08-03 06:46:37.678692,1785739597,7569,3.3386574074074,3.3386574074074,2.45,2.45,0.09,0.09,1,1
1,2026-08-03 06:46:38.708954,1785739598,7570,3.29328703703703,3.29328703703703,2.45,2.45,0.9,0.9,1,1
1,2026-08-03 06:46:39.740909,1785739599,7571,3.24791666666666,3.24791666666666,2.45,2.45,0.81,0.81,1,1
1,2026-08-03 06:46:40.743345,1785739600,7572,3.20254629629629,3.20254629629629,2.45,2.45,0.72,0.72,1,1
1,2026-08-03 06:46:41.790941,1785739601,7573,3.15717592592592,3.15717592592592,2.45,2.45,0.63,0.63,1,1
1,2026-08-03 06:46:42.803452,1785739602,7574,3.12314814814814,3.12314814814814,2.45,2.45,0.54,0.54,1,1
1,2026-08-03 06:46:43.830285,1785739603,7575,3.08912037037036,3.08912037037036,2.45,2.45,0.45,0.45,1,1
1,2026-08-03 06:46:44.857292,1785739604,7576,3.04374999999999,3.04374999999999,2.45,2.45,0.36,0.36,1,1
1,2026-08-03 06:46:45.862739,1785739605,7577,2.99837962962962,2.99837962962962,2.45,2.45,0.27,0.27,1,1
1,2026-08-03 06:46:46.874936,1785739606,7578,2.95300925925925,2.95300925925925,2.45,2.45,0.18,0.18,1,1
1,2026-08-03 06:46:47.905243,1785739607,7579,1.402,1.402,2.45,2.45,0.09,0.09,1,1
1,2026-08-03 06:46:48.916601,1785739608,7580,2.8736111111111,2.8736111111111,2.45,2.45,0.9,0.9,1,1
1,2026-08-03 06:46:49.926400,1785739609,7581,2.82824074074073,2.82824074074073,2.45,2.45,0.81,0.81,1,1
1,2026-08-03 06:46:50.947023,1785739610,7582,5.259,5.259,2.45,2.45,0.72,0.72,1,1
1,2026-08-03 06:46:51.951473,1785739611,7583,2.74884259259258,2.74884259259258,2.45,2.45,0.63,0.63,1,1
1,2026-08-03 06:46:52.992906,1785739612,7584,4.157,4.157,2.45,2.45,0.54,0.54,1,1
1,2026-08-03 06:46:54.516383,1785739614,7585,2.66944444444443,2.66944444444443,2.45,2.45,0.45,0.45,1,1
1,2026-08-03 06:46:55.553627,1785739615,7586,2.62407407407406,2.62407407407406,2.45,2.45,0.36,0.36,1,1
1,2026-08-03 06:46:56.565786,1785739616,7587,2.504,2.504,2.45,2.45,0.36,0.36,1,1
1,2026-08-03 06:46:57.589790,1785739617,7588,1.953,1.953,2.45,2.45,0.27,0.27,1,1
1,2026-08-03 06:46:58.627908,1785739618,7589,1.402,1.402,2.45,2.45,0.09,0.09,1,1
1,2026-08-03 06:46:59.629835,1785739619,7590,0.851,0.851,2.45,2.45,0.9,0.9,1,1
1,2026-08-03 06:47:00.634359,1785739620,7591,5.81,5.81,2.45,2.45,0.9,0.9,1,1
1,2026-08-03 06:47:01.653392,1785739621,7592,5.259,5.259,2.45,2.45,0.81,0.81,1,1
1,2026-08-03 06:47:02.675734,1785739622,7593,4.708,4.708,2.45,2.45,0.72,0.72,1,1
1,2026-08-03 06:47:03.689557,1785739623,7594,4.157,4.157,2.45,2.45,0.63,0.63,1,1
1,2026-08-03 06:47:04.699526,1785739624,7595,3.606,3.606,2.45,2.45,0.54,0.54,1,1
1,2026-08-03 06:47:05.713045,1785739625,7596,3.055,3.055,2.45,2.45,0.45,0.45,1,1
1,2026-08-03 06:47:06.732827,1785739626,7597,2.504,2.504,2.45,2.45,0.36,0.36,1,1
1,2026-08-03 06:47:07.737924,1785739627,7598,1.953,1.953,2.45,2.45,0.27,0.27,1,1
1,2026-08-03 06:47:08.738789,1785739628,7599,2.10231481481479,2.10231481481479,2.45,2.45,0.18,0.18,1,1
1,2026-08-03 06:47:09.748789,1785739629,7600,2.05694444444442,2.05694444444442,2.45,2.45,0.09,0.09,1,1
1,2026-08-03 06:47:10.749944,1785739630,7601,2.01157407407405,2.01157407407405,2.45,2.45,0.9,0.9,1,1
1,2026-08-03 06:47:11.750871,1785739631,7602,1.97754629629627,1.97754629629627,2.45,2.45,0.81,0.81,1,1
1,2026-08-03 06:47:12.752399,1785739632,7603,1.9321759259259,1.9321759259259,2.45,2.45,0.72,0.72,1,1
1,2026-08-03 06:47:13.758350,1785739633,7604,1.88680555555553,1.88680555555553,2.45,2.45,0.63,0.63,1,1
1,2026-08-03 06:47:14.761033,1785739634,7605,1.85277777777775,1.85277777777775,2.45,2.45,0.54,0.54,1,1
1,2026-08-03 06:47:15.767965,1785739635,7606,1.80740740740738,1.80740740740738,2.45,2.45,0.45,0.45,1,1
1,2026-08-03 06:47:16.779948,1785739636,7607,1.76203703703701,1.76203703703701,2.45,2.45,0.36,0.36,1,1
1,2026-08-03 06:47:17.782082,1785739637,7608,1.72800925925923,1.72800925925923,2.45,2.45,0.27,0.27,1,1
1,2026-08-03 06:47:18.788343,1785739638,7609,1.68263888888886,1.68263888888886,2.45,2.45,0.18,0.18,1,1
1,2026-08-03 06:47:19.808024,1785739639,7610,1.63726851851849,1.63726851851849,2.45,2.45,0.09,0.09,1,1
1,2026-08-03 06:47:20.809960,1785739640,7611,1.59189814814812,1.59189814814812,2.45,2.45,0.9,0.9,1,1
1,2026-08-03 06:47:21.818509,1785739641,7612,1.55787037037034,1.55787037037034,2.45,2.45,0.81,0.81,1,1
1,2026-08-03 06:47:22.830054,1785739642,7613,1.51249999999997,1.51249999999997,2.45,2.45,0.72,0.72,1,1
1,2026-08-03 06:47:23.854548,1785739643,7614,1.47847222222219,1.47847222222219,2.45,2.45,0.63,0.63,1,1
1,2026-08-03 06:47:24.863499,1785739644,7615,1.43310185185182,1.43310185185182,2.45,2.45,0.54,0.54,1,1
1,2026-08-03 06:47:25.873813,1785739645,7616,1.38773148148145,1.38773148148145,2.45,2.45,0.45,0.45,1,1
1,2026-08-03 06:47:27.393805,1785739647,7617,1.34236111111108,1.34236111111108,2.45,2.45,0.36,0.36,1,1
1,2026-08-03 06:47:28.411786,1785739648,7618,1.3083333333333,1.3083333333333,2.45,2.45,0.27,0.27,1,1
1,2026-08-03 06:47:29.414277,1785739649,7619,1.26296296296293,1.26296296296293,2.45,2.45,0.18,0.18,1,1
1,2026-08-03 06:47:30.428239,1785739650,7620,1.21759259259256,1.21759259259256,2.45,2.45,0.09,0.09,1,1
1,2026-08-03 06:47:31.430272,1785739651,7621,1.17222222222219,1.17222222222219,2.45,2.45,0.9,0.9,1,1
1,2026-08-03 06:47:32.432249,1785739652,7622,1.13819444444441,1.13819444444441,2.45,2.45,0.81,0.81,1,1
1,2026-08-03 06:47:33.447170,1785739653,7623,1.09282407407404,1.09282407407404,2.45,2.45,0.72,0.72,1,1
1,2026-08-03 06:47:34.460920,1785739654,7624,1.04745370370367,1.04745370370367,2.45,2.45,0.63,0.63,1,1
1,2026-08-03 06:47:35.469253,1785739655,7625,1.0020833333333,1.0020833333333,2.45,2.45,0.54,0.54,1,1
1,2026-08-03 06:47:36.474504,1785739656,7626,0.956712962962926,0.956712962962926,2.45,2.45,0.45,0.45,1,1
1,2026-08-03 06:47:37.486528,1785739657,7627,0.922685185185148,0.922685185185148,2.45,2.45,0.36,0.36,1,1
1,2026-08-03 06:47:38.494300,1785739658,7628,0.877314814814778,0.877314814814778,2.45,2.45,0.27,0.27,1,1
1,2026-08-03 06:47:39.507320,1785739659,7629,0.831944444444408,0.831944444444408,2.45,2.45,0.18,0.18,1,1
1,2026-08-03 06:47:40.518263,1785739660,7630,0.79791666666663,0.79791666666663,2.45,2.45,0.09,0.09,1,1
1,2026-08-03 06:47:41.548292,1785739661,7631,0.75254629629626,0.75254629629626,2.45,2.45,0.9,0.9,1,1
1,2026-08-03 06:47:42.583948,1785739662,7632,0.707175925925889,0.707175925925889,2.45,2.45,0.81,0.81,1,1
1,2026-08-03 06:47:43.589163,1785739663,7633,0.673148148148111,0.673148148148111,2.45,2.45,0.72,0.72,1,1
1,2026-08-03 06:47:44.593215,1785739664,7634,0.627777777777741,0.627777777777741,2.45,2.45,0.63,0.63,1,1
1,2026-08-03 06:47:45.598604,1785739665,7635,0.582407407407371,0.582407407407371,2.45,2.45,0.54,0.54,1,1
1,2026-08-03 06:47:46.600319,1785739666,7636,0.537037037037,0.537037037037,2.45,2.45,0.45,0.45,1,1
1,2026-08-03 06:47:47.604248,1785739667,7637,0.503009259259223,0.503009259259223,2.45,2.45,0.36,0.36,1,1
1,2026-08-03 06:47:48.609587,1785739668,7638,0.457638888888852,0.457638888888852,2.45,2.45,0.27,0.27,1,1
1,2026-08-03 06:47:49.613465,1785739669,7639,0.412268518518482,0.412268518518482,2.45,2.45,0.18,0.18,1,1
1,2026-08-03 06:47:50.620784,1785739670,7640,0.366898148148112,0.366898148148112,2.45,2.45,0.09,0.09,1,1
1,2026-08-03 06:47:51.623697,1785739671,7641,0.332870370370334,0.332870370370334,2.45,2.45,0.9,0.9,1,1
1,2026-08-03 06:47:52.629184,1785739672,7642,5.81,5.81,2.45,2.45,0.81,0.81,1,1
1,2026-08-03 06:47:53.631144,1785739673,7643,5.259,5.259,2.45,2.45,0.72,0.72,1,1
1,2026-08-03 06:47:54.636820,1785739674,7644,4.708,4.708,2.45,2.45,0.63,0.63,1,1
1,2026-08-03 06:47:55.655058,1785739675,7645,5.76597222222222,5.76597222222222,2.45,2.45,0.54,0.54,1,1
1,2026-08-03 06:47:57.070080,1785739677,7646,3.606,3.606,2.45,2.45,0.45,0.45,1,1
1,2026-08-03 06:47:58.092119,1785739678,7647,5.68657407407408,5.68657407407408,2.45,2.45,0.36,0.36,1,1
1,2026-08-03 06:47:59.095370,1785739679,7648,5.6525462962963,5.6525462962963,2.45,2.45,0.27,0.27,1,1
1,2026-08-03 06:48:00.615575,1785739680,7649,5.60717592592593,5.60717592592593,2.45,2.45,0.18,0.18,1,1
1,2026-08-03 06:48:01.630190,1785739681,7650,5.57314814814816,5.57314814814816,2.45,2.45,0.09,0.09,1,1
1,2026-08-03 06:48:02.634292,1785739682,7651,5.53912037037038,5.53912037037038,2.45,2.45,0.9,0.9,1,1
1,2026-08-03 06:48:03.649739,1785739683,7652,5.49375000000001,5.49375000000001,2.45,2.45,0.81,0.81,1,1
1,2026-08-03 06:48:04.651675,1785739684,7653,5.44837962962964,5.44837962962964,2.45,2.45,0.72,0.72,1,1
1,2026-08-03 06:48:05.662606,1785739685,7654,5.40300925925927,5.40300925925927,2.45,2.45,0.63,0.63,1,1
1,2026-08-03 06:48:06.670812,1785739686,7655,4.157,4.157,2.45,2.45,0.54,0.54,1,1
1,2026-08-03 06:48:07.678303,1785739687,7656,3.606,3.606,2.45,2.45,0.45,0.45,1,1
1,2026-08-03 06:48:08.682235,1785739688,7657,5.27824074074076,5.27824074074076,2.45,2.45,0.36,0.36,1,1
1,2026-08-03 06:48:09.686233,1785739689,7658,2.504,2.504,2.45,2.45,0.27,0.27,1,1
1,2026-08-03 06:48:10.692275,1785739690,7659,1.953,1.953,2.45,2.45,0.18,0.18,1,1
1,2026-08-03 06:48:11.694219,1785739691,7660,1.402,1.402,2.45,2.45,0.09,0.09,1,1
1,2026-08-03 06:48:12.699174,1785739692,7661,0.851,0.851,2.45,2.45,0.9,0.9,1,1
1,2026-08-03 06:48:13.711867,1785739693,7662,5.81,5.81,2.45,2.45,0.81,0.81,1,1
1,2026-08-03 06:48:14.742903,1785739694,7663,5.02870370370372,5.02870370370372,2.45,2.45,0.72,0.72,1,1
1,2026-08-03 06:48:15.748001,1785739695,7664,4.708,4.708,2.45,2.45,0.63,0.63,1,1
1,2026-08-03 06:48:16.815627,1785739696,7665,4.96064814814816,4.96064814814816,2.45,2.45,0.54,0.54,1,1
1,2026-08-03 06:48:17.829186,1785739697,7666,3.606,3.606,2.45,2.45,0.45,0.45,1,1
1,2026-08-03 06:48:18.840352,1785739698,7667,3.055,3.055,2.45,2.45,0.36,0.36,1,1
1,2026-08-03 06:48:19.868288,1785739699,7668,4.82453703703705,4.82453703703705,2.45,2.45,0.27,0.27,1,1
1,2026-08-03 06:48:20.893682,1785739700,7669,1.953,1.953,2.45,2.45,0.18,0.18,1,1
1,2026-08-03 06:48:21.904129,1785739701,7670,1.402,1.402,2.45,2.45,0.09,0.09,1,1
1,2026-08-03 06:48:22.946524,1785739702,7671,0.851,0.851,2.45,2.45,0.9,0.9,1,1
1,2026-08-03 06:48:23.952164,1785739703,7672,5.81,5.81,2.45,2.45,0.9,0.9,1,1
1,2026-08-03 06:48:24.967313,1785739704,7673,5.259,5.259,2.45,2.45,0.81,0.81,1,1
1,2026-08-03 06:48:26.003729,1785739706,7674,4.56365740740742,4.56365740740742,2.45,2.45,0.63,0.63,1,1
1,2026-08-03 06:48:27.009027,1785739707,7675,4.157,4.157,2.45,2.45,0.54,0.54,1,1
1,2026-08-03 06:48:28.031311,1785739708,7676,3.606,3.606,2.45,2.45,0.45,0.45,1,1
1,2026-08-03 06:48:29.085247,1785739709,7677,3.055,3.055,2.45,2.45,0.36,0.36,1,1
1,2026-08-03 06:48:30.094887,1785739710,7678,2.504,2.504,2.45,2.45,0.27,0.27,1,1
1,2026-08-03 06:48:31.099675,1785739711,7679,4.34814814814815,4.34814814814815,2.45,2.45,0.18,0.18,1,1
1,2026-08-03 06:48:32.112735,1785739712,7680,1.402,1.402,2.45,2.45,0.09,0.09,1,1
1,2026-08-03 06:48:33.690199,1785739713,7681,0.851,0.851,2.45,2.45,0.9,0.9,1,1
1,2026-08-03 06:48:34.695222,1785739714,7682,5.81,5.81,2.45,2.45,0.81,0.81,1,1
1,2026-08-03 06:48:35.696834,1785739715,7683,4.17800925925926,4.17800925925926,2.45,2.45,0.72,0.72,1,1
1,2026-08-03 06:48:36.707300,1785739716,7684,4.708,4.708,2.45,2.45,0.63,0.63,1,1
1,2026-08-03 06:48:37.750952,1785739717,7685,4.157,4.157,2.45,2.45,0.54,0.54,1,1
1,2026-08-03 06:48:38.766920,1785739718,7686,3.606,3.606,2.45,2.45,0.45,0.45,1,1
1,2026-08-03 06:48:39.800723,1785739719,7687,4.00787037037037,4.00787037037037,2.45,2.45,0.36,0.36,1,1
1,2026-08-03 06:48:40.844229,1785739720,7688,3.98518518518519,3.98518518518519,2.45,2.45,0.27,0.27,1,1
1,2026-08-03 06:48:41.934534,1785739721,7689,3.93981481481481,3.93981481481481,2.45,2.45,0.18,0.18,1,1
1,2026-08-03 06:48:42.954581,1785739722,7690,3.89444444444444,3.89444444444444,2.45,2.45,0.09,0.09,1,1
1,2026-08-03 06:48:44.005876,1785739724,7691,0.851,0.851,2.45,2.45,0.9,0.9,1,1
1,2026-08-03 06:48:45.008759,1785739725,7692,3.81504629629629,3.81504629629629,2.45,2.45,0.81,0.81,1,1
1,2026-08-03 06:48:46.015589,1785739726,7693,3.76967592592592,3.76967592592592,2.45,2.45,0.72,0.72,1,1
1,2026-08-03 06:48:47.025586,1785739727,7694,3.72430555555555,3.72430555555555,2.45,2.45,0.63,0.63,1,1
1,2026-08-03 06:48:48.034601,1785739728,7695,3.67893518518518,3.67893518518518,2.45,2.45,0.54,0.54,1,1
1,2026-08-03 06:48:49.050541,1785739729,7696,3.606,3.606,2.45,2.45,0.45,0.45,1,1
1,2026-08-03 06:48:50.066127,1785739730,7697,3.055,3.055,2.45,2.45,0.36,0.36,1,1
1,2026-08-03 06:48:51.067851,1785739731,7698,3.55416666666666,3.55416666666666,2.45,2.45,0.27,0.27,1,1
1,2026-08-03 06:48:52.087128,1785739732,7699,3.50879629629629,3.50879629629629,2.45,2.45,0.18,0.18,1,1
1,2026-08-03 06:48:53.090702,1785739733,7700,3.46342592592592,3.46342592592592,2.45,2.45,0.09,0.09,1,1
1,2026-08-03 06:48:54.100629,1785739734,7701,0.851,0.851,2.45,2.45,0.9,0.9,1,1
1,2026-08-03 06:48:55.123448,1785739735,7702,5.81,5.81,2.45,2.45,0.81,0.81,1,1
1,2026-08-03 06:48:56.127364,1785739736,7703,5.259,5.259,2.45,2.45,0.72,0.72,1,1
1,2026-08-03 06:48:57.228614,1785739737,7704,4.708,4.708,2.45,2.45,0.63,0.63,1,1
1,2026-08-03 06:48:58.293340,1785739738,7705,4.157,4.157,2.45,2.45,0.54,0.54,1,1
1,2026-08-03 06:48:59.294770,1785739739,7706,3.606,3.606,2.45,2.45,0.45,0.45,1,1
1,2026-08-03 06:49:00.407024,1785739740,7707,3.055,3.055,2.45,2.45,0.36,0.36,1,1
1,2026-08-03 06:49:01.410242,1785739741,7708,2.504,2.504,2.45,2.45,0.27,0.27,1,1
1,2026-08-03 06:49:02.447954,1785739742,7709,1.953,1.953,2.45,2.45,0.18,0.18,1,1
1,2026-08-03 06:49:03.462301,1785739743,7710,3.07777777777777,3.07777777777777,2.45,2.45,0.09,0.09,1,1
1,2026-08-03 06:49:04.555373,1785739744,7711,0.851,0.851,2.45,2.45,0.9,0.9,1,1
1,2026-08-03 06:49:05.559262,1785739745,7712,2.98703703703702,2.98703703703702,2.45,2.45,0.81,0.81,1,1
1,2026-08-03 06:49:07.089449,1785739747,7713,5.259,5.259,2.45,2.45,0.72,0.72,1,1
1,2026-08-03 06:49:08.100642,1785739748,7714,4.708,4.708,2.45,2.45,0.63,0.63,1,1
1,2026-08-03 06:49:09.117862,1785739749,7715,4.157,4.157,2.45,2.45,0.54,0.54,1,1
1,2026-08-03 06:49:10.129365,1785739750,7716,3.606,3.606,2.45,2.45,0.45,0.45,1,1
1,2026-08-03 06:49:11.207087,1785739751,7717,3.055,3.055,2.45,2.45,0.36,0.36,1,1
1,2026-08-03 06:49:12.214264,1785739752,7718,2.504,2.504,2.45,2.45,0.27,0.27,1,1
1,2026-08-03 06:49:13.228529,1785739753,7719,1.953,1.953,2.45,2.45,0.18,0.18,1,1
1,2026-08-03 06:49:14.294681,1785739754,7720,1.402,1.402,2.45,2.45,0.09,0.09,1,1
1,2026-08-03 06:49:15.332947,1785739755,7721,2.60138888888887,2.60138888888887,2.45,2.45,0.9,0.9,1,1
1,2026-08-03 06:49:16.344041,1785739756,7722,5.81,5.81,2.45,2.45,0.81,0.81,1,1
1,2026-08-03 06:49:17.368635,1785739757,7723,5.259,5.259,2.45,2.45,0.72,0.72,1,1
1,2026-08-03 06:49:18.370038,1785739758,7724,2.47662037037035,2.47662037037035,2.45,2.45,0.63,0.63,1,1
1,2026-08-03 06:49:19.376841,1785739759,7725,2.43124999999998,2.43124999999998,2.45,2.45,0.54,0.54,1,1
1,2026-08-03 06:49:20.388971,1785739760,7726,3.606,3.606,2.45,2.45,0.45,0.45,1,1
1,2026-08-03 06:49:21.392167,1785739761,7727,3.055,3.055,2.45,2.45,0.36,0.36,1,1
1,2026-08-03 06:49:22.397868,1785739762,7728,2.30648148148146,2.30648148148146,2.45,2.45,0.27,0.27,1,1
1,2026-08-03 06:49:23.411711,1785739763,7729,2.26111111111109,2.26111111111109,2.45,2.45,0.18,0.18,1,1
1,2026-08-03 06:49:24.425440,1785739764,7730,1.402,1.402,2.45,2.45,0.09,0.09,1,1
1,2026-08-03 06:49:25.434233,1785739765,7731,0.851,0.851,2.45,2.45,0.9,0.9,1,1
1,2026-08-03 06:49:26.439950,1785739766,7732,5.81,5.81,2.45,2.45,0.81,0.81,1,1
1,2026-08-03 06:49:27.445227,1785739767,7733,2.0909722222222,2.0909722222222,2.45,2.45,0.72,0.72,1,1
1,2026-08-03 06:49:28.485064,1785739768,7734,4.708,4.708,2.45,2.45,0.63,0.63,1,1
1,2026-08-03 06:49:29.489711,1785739769,7735,4.157,4.157,2.45,2.45,0.54,0.54,1,1
1,2026-08-03 06:49:30.491256,1785739770,7736,3.606,3.606,2.45,2.45,0.45,0.45,1,1
1,2026-08-03 06:49:31.494352,1785739771,7737,1.92083333333331,1.92083333333331,2.45,2.45,0.36,0.36,1,1
1,2026-08-03 06:49:32.508021,1785739772,7738,2.504,2.504,2.45,2.45,0.27,0.27,1,1
1,2026-08-03 06:49:33.513058,1785739773,7739,1.953,1.953,2.45,2.45,0.18,0.18,1,1
1,2026-08-03 06:49:34.578533,1785739774,7740,1.79606481481479,1.79606481481479,2.45,2.45,0.09,0.09,1,1
1,2026-08-03 06:49:35.601064,1785739775,7741,0.851,0.851,2.45,2.45,0.9,0.9,1,1
1,2026-08-03 06:49:36.609169,1785739776,7742,5.81,5.81,2.45,2.45,0.81,0.81,1,1
1,2026-08-03 06:49:37.622035,1785739777,7743,5.259,5.259,2.45,2.45,0.72,0.72,1,1
1,2026-08-03 06:49:38.626105,1785739778,7744,1.6259259259259,1.6259259259259,2.45,2.45,0.63,0.63,1,1
1,2026-08-03 06:49:40.143725,1785739780,7745,4.157,4.157,2.45,2.45,0.54,0.54,1,1
1,2026-08-03 06:49:41.154847,1785739781,7746,3.606,3.606,2.45,2.45,0.45,0.45,1,1
1,2026-08-03 06:49:42.164651,1785739782,7747,3.055,3.055,2.45,2.45,0.36,0.36,1,1
1,2026-08-03 06:49:43.174673,1785739783,7748,2.504,2.504,2.45,2.45,0.36,0.36,1,1
1,2026-08-03 06:49:44.215372,1785739784,7749,1.953,1.953,2.45,2.45,0.18,0.18,1,1
1,2026-08-03 06:49:45.216699,1785739785,7750,1.37638888888886,1.37638888888886,2.45,2.45,0.09,0.09,1,1
1,2026-08-03 06:49:46.250206,1785739786,7751,0.851,0.851,2.45,2.45,0.9,0.9,1,1
1,2026-08-03 06:49:47.271457,1785739787,7752,1.28564814814812,1.28564814814812,2.45,2.45,0.81,0.81,1,1
1,2026-08-03 06:49:48.285526,1785739788,7753,1.25162037037034,1.25162037037034,2.45,2.45,0.72,0.72,1,1
1,2026-08-03 06:49:49.308734,1785739789,7754,4.708,4.708,2.45,2.45,0.63,0.63,1,1
1,2026-08-03 06:49:50.343849,1785739790,7755,1.16087962962959,1.16087962962959,2.45,2.45,0.54,0.54,1,1
1,2026-08-03 06:49:51.346411,1785739791,7756,3.606,3.606,2.45,2.45,0.45,0.45,1,1
1,2026-08-03 06:49:52.356622,1785739792,7757,3.055,3.055,2.45,2.45,0.36,0.36,1,1
1,2026-08-03 06:49:53.401661,1785739793,7758,2.504,2.504,2.45,2.45,0.27,0.27,1,1
1,2026-08-03 06:49:54.405404,1785739794,7759,1.953,1.953,2.45,2.45,0.18,0.18,1,1
1,2026-08-03 06:49:55.416483,1785739795,7760,1.402,1.402,2.45,2.45,0.09,0.09,1,1
1,2026-08-03 06:49:56.417647,1785739796,7761,0.851,0.851,2.45,2.45,0.9,0.9,1,1
1,2026-08-03 06:49:57.430694,1785739797,7762,5.81,5.81,2.45,2.45,0.9,0.9,1,1
1,2026-08-03 06:49:58.455412,1785739798,7763,5.259,5.259,2.45,2.45,0.72,0.72,1,1
1,2026-08-03 06:49:59.485981,1785739799,7764,4.708,4.708,2.45,2.45,0.63,0.63,1,1
1,2026-08-03 06:50:00.498448,1785739800,7765,4.157,4.157,2.45,2.45,0.54,0.54,1,1
1,2026-08-03 06:50:01.528644,1785739801,7766,3.606,3.606,2.45,2.45,0.45,0.45,1,1
1,2026-08-03 06:50:02.559118,1785739802,7767,0.650462962962926,0.650462962962926,2.45,2.45,0.36,0.36,1,1
1,2026-08-03 06:50:03.569678,1785739803,7768,2.504,2.504,2.45,2.45,0.27,0.27,1,1
1,2026-08-03 06:50:04.571708,1785739804,7769,1.953,1.953,2.45,2.45,0.18,0.18,1,1
1,2026-08-03 06:50:05.585494,1785739805,7770,0.525694444444408,0.525694444444408,2.45,2.45,0.09,0.09,1,1
1,2026-08-03 06:50:06.626471,1785739806,7771,0.851,0.851,2.45,2.45,0.9,0.9,1,1
1,2026-08-03 06:50:07.653560,1785739807,7772,5.81,5.81,2.45,2.45,0.81,0.81,1,1
1,2026-08-03 06:50:08.676590,1785739808,7773,5.259,5.259,2.45,2.45,0.72,0.72,1,1
1,2026-08-03 06:50:09.680991,1785739809,7774,0.344212962962926,0.344212962962926,2.45,2.45,0.63,0.63,1,1
1,2026-08-03 06:50:10.731367,1785739810,7775,0.310185185185149,0.310185185185149,2.45,2.45,0.54,0.54,1,1
1,2026-08-03 06:50:11.766258,1785739811,7776,3.606,3.606,2.45,2.45,0.45,0.45,1,1
1,2026-08-03 06:50:13.317878,1785739813,7777,3.606,3.606,2.45,2.45,0.36,0.36,1,1
1,2026-08-03 06:50:14.341196,1785739814,7778,2.504,2.504,2.45,2.45,0.27,0.27,1,1
1,2026-08-03 06:50:15.377224,1785739815,7779,5.74328703703704,5.74328703703704,2.45,2.45,0.18,0.18,1,1
1,2026-08-03 06:50:16.387895,1785739816,7780,1.402,1.402,2.45,2.45,0.09,0.09,1,1
1,2026-08-03 06:50:17.417856,1785739817,7781,5.6525462962963,5.6525462962963,2.45,2.45,0.9,0.9,1,1
1,2026-08-03 06:50:18.438080,1785739818,7782,5.81,5.81,2.45,2.45,0.81,0.81,1,1
1,2026-08-03 06:50:19.471731,1785739819,7783,5.259,5.259,2.45,2.45,0.72,0.72,1,1
1,2026-08-03 06:50:20.473322,1785739820,7784,4.708,4.708,2.45,2.45,0.63,0.63,1,1
1,2026-08-03 06:50:21.484236,1785739821,7785,4.157,4.157,2.45,2.45,0.54,0.54,1,1
1,2026-08-03 06:50:22.502716,1785739822,7786,5.44837962962964,5.44837962962964,2.45,2.45,0.45,0.45,1,1
1,2026-08-03 06:50:23.539289,1785739823,7787,5.41435185185187,5.41435185185187,2.45,2.45,0.36,0.36,1,1
1,2026-08-03 06:50:24.567433,1785739824,7788,5.3689814814815,5.3689814814815,2.45,2.45,0.27,0.27,1,1
1,2026-08-03 06:50:25.617817,1785739825,7789,5.32361111111113,5.32361111111113,2.45,2.45,0.18,0.18,1,1
1,2026-08-03 06:50:26.632252,1785739826,7790,5.27824074074076,5.27824074074076,2.45,2.45,0.09,0.09,1,1
1,2026-08-03 06:50:27.653298,1785739827,7791,5.23287037037039,5.23287037037039,2.45,2.45,0.9,0.9,1,1
1,2026-08-03 06:50:28.723062,1785739828,7792,5.18750000000002,5.18750000000002,2.45,2.45,0.81,0.81,1,1
1,2026-08-03 06:50:29.741127,1785739829,7793,5.15347222222224,5.15347222222224,2.45,2.45,0.72,0.72,1,1
1,2026-08-03 06:50:30.798711,1785739830,7794,5.10810185185187,5.10810185185187,2.45,2.45,0.63,0.63,1,1
1,2026-08-03 06:50:31.800610,1785739831,7795,4.157,4.157,2.45,2.45,0.54,0.54,1,1
1,2026-08-03 06:50:32.818792,1785739832,7796,5.01736111111112,5.01736111111112,2.45,2.45,0.45,0.45,1,1
1,2026-08-03 06:50:33.820272,1785739833,7797,4.97199074074075,4.97199074074075,2.45,2.45,0.36,0.36,1,1
1,2026-08-03 06:50:34.863373,1785739834,7798,4.93796296296298,4.93796296296298,2.45,2.45,0.27,0.27,1,1
1,2026-08-03 06:50:35.869403,1785739835,7799,1.953,1.953,2.45,2.45,0.18,0.18,1,1
1,2026-08-03 06:50:36.880041,1785739836,7800,1.402,1.402,2.45,2.45,0.09,0.09,1,1
1,2026-08-03 06:50:37.890812,1785739837,7801,4.80185185185186,4.80185185185186,2.45,2.45,0.9,0.9,1,1
1,2026-08-03 06:50:38.931228,1785739838,7802,4.76782407407408,4.76782407407408,2.45,2.45,0.81,0.81,1,1
1,2026-08-03 06:50:39.955254,1785739839,7803,5.259,5.259,2.45,2.45,0.72,0.72,1,1
1,2026-08-03 06:50:40.957190,1785739840,7804,4.708,4.708,2.45,2.45,0.63,0.63,1,1
1,2026-08-03 06:50:41.962319,1785739841,7805,4.63171296296297,4.63171296296297,2.45,2.45,0.54,0.54,1,1
1,2026-08-03 06:50:42.996543,1785739842,7806,3.606,3.606,2.45,2.45,0.45,0.45,1,1
1,2026-08-03 06:50:44.031108,1785739844,7807,3.055,3.055,2.45,2.45,0.36,0.36,1,1
1,2026-08-03 06:50:45.572109,1785739845,7808,2.504,2.504,2.45,2.45,0.27,0.27,1,1
1,2026-08-03 06:50:46.601389,1785739846,7809,1.953,1.953,2.45,2.45,0.18,0.18,1,1
1,2026-08-03 06:50:47.607064,1785739847,7810,1.402,1.402,2.45,2.45,0.09,0.09,1,1
1,2026-08-03 06:50:48.619013,1785739848,7811,0.851,0.851,2.45,2.45,0.9,0.9,1,1
1,2026-08-03 06:50:49.656006,1785739849,7812,5.81,5.81,2.45,2.45,0.81,0.81,1,1
1,2026-08-03 06:50:50.672771,1785739850,7813,4.29143518518519,4.29143518518519,2.45,2.45,0.72,0.72,1,1
1,2026-08-03 06:50:51.712375,1785739851,7814,4.708,4.708,2.45,2.45,0.63,0.63,1,1
1,2026-08-03 06:50:52.736247,1785739852,7815,4.20069444444445,4.20069444444445,2.45,2.45,0.54,0.54,1,1
1,2026-08-03 06:50:53.738105,1785739853,7816,3.606,3.606,2.45,2.45,0.45,0.45,1,1
1,2026-08-03 06:50:54.816990,1785739854,7817,3.055,3.055,2.45,2.45,0.36,0.36,1,1
1,2026-08-03 06:50:55.858065,1785739855,7818,2.504,2.504,2.45,2.45,0.27,0.27,1,1
1,2026-08-03 06:50:56.922031,1785739856,7819,4.03055555555556,4.03055555555556,2.45,2.45,0.18,0.18,1,1
1,2026-08-03 06:50:57.926597,1785739857,7820,3.98518518518519,3.98518518518519,2.45,2.45,0.09,0.09,1,1
1,2026-08-03 06:50:58.937045,1785739858,7821,3.93981481481481,3.93981481481481,2.45,2.45,0.9,0.9,1,1
1,2026-08-03 06:50:59.992737,1785739859,7822,5.81,5.81,2.45,2.45,0.81,0.81,1,1
1,2026-08-03 06:51:01.008276,1785739861,7823,3.86041666666667,3.86041666666667,2.45,2.45,0.72,0.72,1,1
1,2026-08-03 06:51:02.022589,1785739862,7824,3.81504629629629,3.81504629629629,2.45,2.45,0.63,0.63,1,1
1,2026-08-03 06:51:03.040419,1785739863,7825,3.76967592592592,3.76967592592592,2.45,2.45,0.54,0.54,1,1
1,2026-08-03 06:51:04.049362,1785739864,7826,3.606,3.606,2.45,2.45,0.45,0.45,1,1
1,2026-08-03 06:51:05.104065,1785739865,7827,3.055,3.055,2.45,2.45,0.36,0.36,1,1
1,2026-08-03 06:51:06.105058,1785739866,7828,3.6449074074074,3.6449074074074,2.45,2.45,0.27,0.27,1,1
1,2026-08-03 06:51:07.196749,1785739867,7829,3.59953703703703,3.59953703703703,2.45,2.45,0.18,0.18,1,1
1,2026-08-03 06:51:08.197752,1785739868,7830,3.55416666666666,3.55416666666666,2.45,2.45,0.09,0.09,1,1
1,2026-08-03 06:51:09.202931,1785739869,7831,3.50879629629629,3.50879629629629,2.45,2.45,0.9,0.9,1,1
1,2026-08-03 06:51:10.251883,1785739870,7832,3.47476851851851,3.47476851851851,2.45,2.45,0.81,0.81,1,1
1,2026-08-03 06:51:11.260097,1785739871,7833,3.42939814814814,3.42939814814814,2.45,2.45,0.72,0.72,1,1
1,2026-08-03 06:51:12.294972,1785739872,7834,3.38402777777777,3.38402777777777,2.45,2.45,0.63,0.63,1,1
1,2026-08-03 06:51:13.296194,1785739873,7835,3.3386574074074,3.3386574074074,2.45,2.45,0.54,0.54,1,1
1,2026-08-03 06:51:14.308117,1785739874,7836,3.29328703703703,3.29328703703703,2.45,2.45,0.45,0.45,1,1
1,2026-08-03 06:51:15.316122,1785739875,7837,3.25925925925925,3.25925925925925,2.45,2.45,0.36,0.36,1,1
1,2026-08-03 06:51:16.326208,1785739876,7838,3.21388888888888,3.21388888888888,2.45,2.45,0.27,0.27,1,1
1,2026-08-03 06:51:17.327551,1785739877,7839,3.16851851851851,3.16851851851851,2.45,2.45,0.18,0.18,1,1
1,2026-08-03 06:51:18.874002,1785739878,7840,3.12314814814814,3.12314814814814,2.45,2.45,0.09,0.09,1,1
1,2026-08-03 06:51:19.897334,1785739879,7841,3.08912037037036,3.08912037037036,2.45,2.45,0.9,0.9,1,1
1,2026-08-03 06:51:20.903325,1785739880,7842,3.04374999999999,3.04374999999999,2.45,2.45,0.81,0.81,1,1
1,2026-08-03 06:51:21.928590,1785739881,7843,2.99837962962962,2.99837962962962,2.45,2.45,0.72,0.72,1,1
1,2026-08-03 06:51:22.976463,1785739882,7844,4.708,4.708,2.45,2.45,0.63,0.63,1,1
1,2026-08-03 06:51:23.978376,1785739883,7845,2.91898148148147,2.91898148148147,2.45,2.45,0.54,0.54,1,1
1,2026-08-03 06:51:24.998953,1785739884,7846,2.8736111111111,2.8736111111111,2.45,2.45,0.45,0.45,1,1
1,2026-08-03 06:51:26.006230,1785739886,7847,2.82824074074073,2.82824074074073,2.45,2.45,0.36,0.36,1,1
1,2026-08-03 06:51:27.096974,1785739887,7848,2.78287037037036,2.78287037037036,2.45,2.45,0.27,0.27,1,1
1,2026-08-03 06:51:28.217555,1785739888,7849,2.73749999999998,2.73749999999998,2.45,2.45,0.18,0.18,1,1
1,2026-08-03 06:51:29.233162,1785739889,7850,2.69212962962961,2.69212962962961,2.45,2.45,0.09,0.09,1,1
1,2026-08-03 06:51:30.283813,1785739890,7851,2.65810185185184,2.65810185185184,2.45,2.45,0.9,0.9,1,1
1,2026-08-03 06:51:31.341325,1785739891,7852,2.61273148148146,2.61273148148146,2.45,2.45,0.81,0.81,1,1
1,2026-08-03 06:51:32.343031,1785739892,7853,2.56736111111109,2.56736111111109,2.45,2.45,0.72,0.72,1,1
1,2026-08-03 06:51:33.355181,1785739893,7854,2.52199074074072,2.52199074074072,2.45,2.45,0.63,0.63,1,1
1,2026-08-03 06:51:34.365352,1785739894,7855,2.48796296296294,2.48796296296294,2.45,2.45,0.54,0.54,1,1
1,2026-08-03 06:51:35.368019,1785739895,7856,2.44259259259257,2.44259259259257,2.45,2.45,0.45,0.45,1,1
1,2026-08-03 06:51:36.438773,1785739896,7857,2.3972222222222,2.3972222222222,2.45,2.45,0.36,0.36,1,1
1,2026-08-03 06:51:37.447070,1785739897,7858,2.35185185185183,2.35185185185183,2.45,2.45,0.27,0.27,1,1
1,2026-08-03 06:51:38.523635,1785739898,7859,2.31782407407405,2.31782407407405,2.45,2.45,0.18,0.18,1,1
1,2026-08-03 06:51:39.541341,1785739899,7860,2.27245370370368,2.27245370370368,2.45,2.45,0.09,0.09,1,1
1,2026-08-03 06:51:40.553324,1785739900,7861,2.22708333333331,2.22708333333331,2.45,2.45,0.9,0.9,1,1
1,2026-08-03 06:51:41.563811,1785739901,7862,2.18171296296294,2.18171296296294,2.45,2.45,0.81,0.81,1,1
1,2026-08-03 06:51:42.597815,1785739902,7863,2.13634259259257,2.13634259259257,2.45,2.45,0.72,0.72,1,1
1,2026-08-03 06:51:43.605619,1785739903,7864,2.0909722222222,2.0909722222222,2.45,2.45,0.63,0.63,1,1
1,2026-08-03 06:51:44.614797,1785739904,7865,2.05694444444442,2.05694444444442,2.45,2.45,0.54,0.54,1,1
1,2026-08-03 06:51:45.617296,1785739905,7866,2.01157407407405,2.01157407407405,2.45,2.45,0.45,0.45,1,1
1,2026-08-03 06:51:46.621802,1785739906,7867,1.96620370370368,1.96620370370368,2.45,2.45,0.36,0.36,1,1
1,2026-08-03 06:51:47.624276,1785739907,7868,2.504,2.504,2.45,2.45,0.27,0.27,1,1
1,2026-08-03 06:51:48.628649,1785739908,7869,1.953,1.953,2.45,2.45,0.18,0.18,1,1
1,2026-08-03 06:51:49.649370,1785739909,7870,1.84143518518516,1.84143518518516,2.45,2.45,0.09,0.09,1,1
1,2026-08-03 06:51:50.664197,1785739910,7871,1.79606481481479,1.79606481481479,2.45,2.45,0.9,0.9,1,1
1,2026-08-03 06:51:52.200589,1785739912,7872,1.75069444444442,1.75069444444442,2.45,2.45,0.81,0.81,1,1
1,2026-08-03 06:51:53.202118,1785739913,7873,5.259,5.259,2.45,2.45,0.72,0.72,1,1
1,2026-08-03 06:51:54.207240,1785739914,7874,1.67129629629627,1.67129629629627,2.45,2.45,0.63,0.63,1,1
1,2026-08-03 06:51:55.227827,1785739915,7875,1.6259259259259,1.6259259259259,2.45,2.45,0.54,0.54,1,1
1,2026-08-03 06:51:56.230248,1785739916,7876,3.606,3.606,2.45,2.45,0.45,0.45,1,1
1,2026-08-03 06:51:57.232468,1785739917,7877,3.055,3.055,2.45,2.45,0.36,0.36,1,1
1,2026-08-03 06:51:58.237392,1785739918,7878,1.50115740740738,1.50115740740738,2.45,2.45,0.27,0.27,1,1
1,2026-08-03 06:51:59.257195,1785739919,7879,1.45578703703701,1.45578703703701,2.45,2.45,0.18,0.18,1,1
1,2026-08-03 06:52:00.300489,1785739920,7880,1.402,1.402,2.45,2.45,0.09,0.09,1,1
1,2026-08-03 06:52:01.302106,1785739921,7881,0.851,0.851,2.45,2.45,0.9,0.9,1,1
1,2026-08-03 06:52:02.315108,1785739922,7882,5.81,5.81,2.45,2.45,0.81,0.81,1,1
1,2026-08-03 06:52:03.317778,1785739923,7883,1.28564814814812,1.28564814814812,2.45,2.45,0.72,0.72,1,1
1,2026-08-03 06:52:04.319083,1785739924,7884,1.24027777777774,1.24027777777774,2.45,2.45,0.63,0.63,1,1
1,2026-08-03 06:52:05.322036,1785739925,7885,4.157,4.157,2.45,2.45,0.54,0.54,1,1
1,2026-08-03 06:52:06.326246,1785739926,7886,3.606,3.606,2.45,2.45,0.45,0.45,1,1
1,2026-08-03 06:52:07.349289,1785739927,7887,3.055,3.055,2.45,2.45,0.36,0.36,1,1
1,2026-08-03 06:52:08.364519,1785739928,7888,2.504,2.504,2.45,2.45,0.27,0.27,1,1
1,2026-08-03 06:52:09.386028,1785739929,7889,1.953,1.953,2.45,2.45,0.18,0.18,1,1
1,2026-08-03 06:52:10.393634,1785739930,7890,1.402,1.402,2.45,2.45,0.09,0.09,1,1
1,2026-08-03 06:52:11.396049,1785739931,7891,0.851,0.851,2.45,2.45,0.9,0.9,1,1
1,2026-08-03 06:52:12.413741,1785739932,7892,5.81,5.81,2.45,2.45,0.81,0.81,1,1
1,2026-08-03 06:52:13.427494,1785739933,7893,5.259,5.259,2.45,2.45,0.72,0.72,1,1
1,2026-08-03 06:52:14.435118,1785739934,7894,4.708,4.708,2.45,2.45,0.63,0.63,1,1
1,2026-08-03 06:52:15.450967,1785739935,7895,4.157,4.157,2.45,2.45,0.54,0.54,1,1
1,2026-08-03 06:52:16.463659,1785739936,7896,3.606,3.606,2.45,2.45,0.45,0.45,1,1
1,2026-08-03 06:52:17.475781,1785739937,7897,3.055,3.055,2.45,2.45,0.36,0.36,1,1
1,2026-08-03 06:52:18.486378,1785739938,7898,2.504,2.504,2.45,2.45,0.27,0.27,1,1
1,2026-08-03 06:52:19.498802,1785739939,7899,0.605092592592556,0.605092592592556,2.45,2.45,0.18,0.18,1,1
1,2026-08-03 06:52:20.531056,1785739940,7900,1.402,1.402,2.45,2.45,0.09,0.09,1,1
1,2026-08-03 06:52:21.533833,1785739941,7901,0.851,0.851,2.45,2.45,0.9,0.9,1,1
1,2026-08-03 06:52:22.536014,1785739942,7902,5.81,5.81,2.45,2.45,0.81,0.81,1,1
1,2026-08-03 06:52:23.553292,1785739943,7903,5.259,5.259,2.45,2.45,0.72,0.72,1,1
1,2026-08-03 06:52:25.085581,1785739945,7904,4.708,4.708,2.45,2.45,0.63,0.63,1,1
1,2026-08-03 06:52:26.101375,1785739946,7905,0.355555555555519,0.355555555555519,2.45,2.45,0.54,0.54,1,1
1,2026-08-03 06:52:27.106393,1785739947,7906,3.606,3.606,2.45,2.45,0.45,0.45,1,1
1,2026-08-03 06:52:28.120091,1785739948,7907,3.055,3.055,2.45,2.45,0.36,0.36,1,1
1,2026-08-03 06:52:29.141235,1785739949,7908,2.504,2.504,2.45,2.45,0.27,0.27,1,1
1,2026-08-03 06:52:30.159535,1785739950,7909,5.78865740740741,5.78865740740741,2.45,2.45,0.18,0.18,1,1
1,2026-08-03 06:52:31.170211,1785739951,7910,1.402,1.402,2.45,2.45,0.09,0.09,1,1
1,2026-08-03 06:52:32.190639,1785739952,7911,0.851,0.851,2.45,2.45,0.9,0.9,1,1
1,2026-08-03 06:52:33.203960,1785739953,7912,5.81,5.81,2.45,2.45,0.81,0.81,1,1
1,2026-08-03 06:52:34.211627,1785739954,7913,5.259,5.259,2.45,2.45,0.72,0.72,1,1
1,2026-08-03 06:52:35.216960,1785739955,7914,4.708,4.708,2.45,2.45,0.63,0.63,1,1
1,2026-08-03 06:52:36.253797,1785739956,7915,5.53912037037038,5.53912037037038,2.45,2.45,0.54,0.54,1,1
1,2026-08-03 06:52:37.258215,1785739957,7916,3.606,3.606,2.45,2.45,0.45,0.45,1,1
1,2026-08-03 06:52:38.280130,1785739958,7917,3.055,3.055,2.45,2.45,0.36,0.36,1,1
1,2026-08-03 06:52:39.293197,1785739959,7918,2.504,2.504,2.45,2.45,0.27,0.27,1,1
1,2026-08-03 06:52:40.294783,1785739960,7919,1.953,1.953,2.45,2.45,0.18,0.18,1,1
1,2026-08-03 06:52:41.301433,1785739961,7920,5.32361111111113,5.32361111111113,2.45,2.45,0.09,0.09,1,1
1,2026-08-03 06:52:42.306229,1785739962,7921,5.27824074074076,5.27824074074076,2.45,2.45,0.9,0.9,1,1
1,2026-08-03 06:52:43.313288,1785739963,7922,5.23287037037039,5.23287037037039,2.45,2.45,0.81,0.81,1,1
1,2026-08-03 06:52:44.322422,1785739964,7923,5.18750000000002,5.18750000000002,2.45,2.45,0.72,0.72,1,1
1,2026-08-03 06:52:45.328689,1785739965,7924,5.15347222222224,5.15347222222224,2.45,2.45,0.63,0.63,1,1
1,2026-08-03 06:52:46.334958,1785739966,7925,5.10810185185187,5.10810185185187,2.45,2.45,0.54,0.54,1,1
1,2026-08-03 06:52:47.339499,1785739967,7926,5.0627314814815,5.0627314814815,2.45,2.45,0.45,0.45,1,1
1,2026-08-03 06:52:48.341344,1785739968,7927,5.01736111111112,5.01736111111112,2.45,2.45,0.36,0.36,1,1
1,2026-08-03 06:52:49.344859,1785739969,7928,4.98333333333335,4.98333333333335,2.45,2.45,0.27,0.27,1,1
1,2026-08-03 06:52:50.359145,1785739970,7929,4.93796296296298,4.93796296296298,2.45,2.45,0.18,0.18,1,1
1,2026-08-03 06:52:51.370849,1785739971,7930,4.8925925925926,4.8925925925926,2.45,2.45,0.09,0.09,1,1
1,2026-08-03 06:52:52.371906,1785739972,7931,4.84722222222223,4.84722222222223,2.45,2.45,0.9,0.9,1,1
1,2026-08-03 06:52:53.376579,1785739973,7932,4.81319444444446,4.81319444444446,2.45,2.45,0.81,0.81,1,1
1,2026-08-03 06:52:54.383345,1785739974,7933,4.76782407407408,4.76782407407408,2.45,2.45,0.72,0.72,1,1
1,2026-08-03 06:52:55.396125,1785739975,7934,4.72245370370371,4.72245370370371,2.45,2.45,0.63,0.63,1,1
1,2026-08-03 06:52:56.398206,1785739976,7935,4.67708333333334,4.67708333333334,2.45,2.45,0.54,0.54,1,1
1,2026-08-03 06:52:57.956984,1785739977,7936,4.64305555555556,4.64305555555556,2.45,2.45,0.45,0.45,1,1
1,2026-08-03 06:52:58.971913,1785739978,7937,4.59768518518519,4.59768518518519,2.45,2.45,0.36,0.36,1,1
1,2026-08-03 06:52:59.983045,1785739979,7938,4.55231481481482,4.55231481481482,2.45,2.45,0.27,0.27,1,1
1,2026-08-03 06:53:00.984518,1785739980,7939,4.50694444444445,4.50694444444445,2.45,2.45,0.18,0.18,1,1
1,2026-08-03 06:53:02.008619,1785739982,7940,4.46157407407408,4.46157407407408,2.45,2.45,0.09,0.09,1,1
1,2026-08-03 06:53:03.027157,1785739983,7941,4.4275462962963,4.4275462962963,2.45,2.45,0.9,0.9,1,1
1,2026-08-03 06:53:04.031487,1785739984,7942,4.38217592592593,4.38217592592593,2.45,2.45,0.81,0.81,1,1
1,2026-08-03 06:53:05.036498,1785739985,7943,4.33680555555556,4.33680555555556,2.45,2.45,0.72,0.72,1,1
1,2026-08-03 06:53:06.061645,1785739986,7944,4.29143518518519,4.29143518518519,2.45,2.45,0.63,0.63,1,1
1,2026-08-03 06:53:07.067054,1785739987,7945,4.25740740740741,4.25740740740741,2.45,2.45,0.54,0.54,1,1
1,2026-08-03 06:53:08.071983,1785739988,7946,4.21203703703704,4.21203703703704,2.45,2.45,0.45,0.45,1,1
1,2026-08-03 06:53:09.088916,1785739989,7947,4.16666666666667,4.16666666666667,2.45,2.45,0.36,0.36,1,1
1,2026-08-03 06:53:10.099380,1785739990,7948,4.1212962962963,4.1212962962963,2.45,2.45,0.27,0.27,1,1
1,2026-08-03 06:53:11.129030,1785739991,7949,4.08726851851852,4.08726851851852,2.45,2.45,0.18,0.18,1,1
1,2026-08-03 06:53:12.150057,1785739992,7950,4.04189814814815,4.04189814814815,2.45,2.45,0.09,0.09,1,1
1,2026-08-03 06:53:13.155054,1785739993,7951,3.99652777777778,3.99652777777778,2.45,2.45,0.9,0.9,1,1
1,2026-08-03 06:53:14.160494,1785739994,7952,3.95115740740741,3.95115740740741,2.45,2.45,0.81,0.81,1,1
1,2026-08-03 06:53:15.190097,1785739995,7953,3.91712962962963,3.91712962962963,2.45,2.45,0.72,0.72,1,1
1,2026-08-03 06:53:16.212046,1785739996,7954,3.87175925925926,3.87175925925926,2.45,2.45,0.63,0.63,1,1
1,2026-08-03 06:53:17.241927,1785739997,7955,3.82638888888889,3.82638888888889,2.45,2.45,0.54,0.54,1,1
1,2026-08-03 06:53:18.252031,1785739998,7956,3.78101851851852,3.78101851851852,2.45,2.45,0.45,0.45,1,1
1,2026-08-03 06:53:19.275833,1785739999,7957,3.73564814814815,3.73564814814815,2.45,2.45,0.36,0.36,1,1
1,2026-08-03 06:53:20.360263,1785740000,7958,3.70162037037037,3.70162037037037,2.45,2.45,0.27,0.27,1,1
1,2026-08-03 06:53:21.372689,1785740001,7959,3.65625,3.65625,2.45,2.45,0.18,0.18,1,1
1,2026-08-03 06:53:22.375369,1785740002,7960,3.61087962962963,3.61087962962963,2.45,2.45,0.09,0.09,1,1
1,2026-08-03 06:53:23.379511,1785740003,7961,3.56550925925925,3.56550925925925,2.45,2.45,0.9,0.9,1,1
1,2026-08-03 06:53:24.381488,1785740004,7962,3.52013888888888,3.52013888888888,2.45,2.45,0.81,0.81,1,1
1,2026-08-03 06:53:25.383182,1785740005,7963,3.48611111111111,3.48611111111111,2.45,2.45,0.72,0.72,1,1
1,2026-08-03 06:53:26.415232,1785740006,7964,3.44074074074073,3.44074074074073,2.45,2.45,0.63,0.63,1,1
1,2026-08-03 06:53:27.425529,1785740007,7965,3.39537037037036,3.39537037037036,2.45,2.45,0.54,0.54,1,1
1,2026-08-03 06:53:28.438261,1785740008,7966,3.34999999999999,3.34999999999999,2.45,2.45,0.45,0.45,1,1
1,2026-08-03 06:53:29.460992,1785740009,7967,3.31597222222221,3.31597222222221,2.45,2.45,0.36,0.36,1,1
1,2026-08-03 06:53:31.000487,1785740011,7968,3.27060185185184,3.27060185185184,2.45,2.45,0.27,0.27,1,1
1,2026-08-03 06:53:32.061074,1785740012,7969,3.22523148148147,3.22523148148147,2.45,2.45,0.18,0.18,1,1
1,2026-08-03 06:53:33.081707,1785740013,7970,1.402,1.402,2.45,2.45,0.09,0.09,1,1
1,2026-08-03 06:53:34.095834,1785740014,7971,0.851,0.851,2.45,2.45,0.9,0.9,1,1
1,2026-08-03 06:53:35.106376,1785740015,7972,5.81,5.81,2.45,2.45,0.81,0.81,1,1
1,2026-08-03 06:53:36.186595,1785740016,7973,5.259,5.259,2.45,2.45,0.72,0.72,1,1
1,2026-08-03 06:53:37.201831,1785740017,7974,4.708,4.708,2.45,2.45,0.63,0.63,1,1
1,2026-08-03 06:53:38.263311,1785740018,7975,4.157,4.157,2.45,2.45,0.54,0.54,1,1
1,2026-08-03 06:53:39.271204,1785740019,7976,3.606,3.606,2.45,2.45,0.45,0.45,1,1
1,2026-08-03 06:53:40.296094,1785740020,7977,3.055,3.055,2.45,2.45,0.36,0.36,1,1
1,2026-08-03 06:53:41.345326,1785740021,7978,2.504,2.504,2.45,2.45,0.27,0.27,1,1
1,2026-08-03 06:53:42.350759,1785740022,7979,1.953,1.953,2.45,2.45,0.18,0.18,1,1
1,2026-08-03 06:53:43.388040,1785740023,7980,1.402,1.402,2.45,2.45,0.09,0.09,1,1
1,2026-08-03 06:53:44.422687,1785740024,7981,2.7148148148148,2.7148148148148,2.45,2.45,0.9,0.9,1,1
1,2026-08-03 06:53:45.445998,1785740025,7982,5.81,5.81,2.45,2.45,0.81,0.81,1,1
1,2026-08-03 06:53:46.470821,1785740026,7983,5.259,5.259,2.45,2.45,0.72,0.72,1,1
1,2026-08-03 06:53:47.520470,1785740027,7984,4.708,4.708,2.45,2.45,0.63,0.63,1,1
1,2026-08-03 06:53:48.535214,1785740028,7985,4.157,4.157,2.45,2.45,0.54,0.54,1,1
1,2026-08-03 06:53:49.553695,1785740029,7986,2.49930555555554,2.49930555555554,2.45,2.45,0.45,0.45,1,1
1,2026-08-03 06:53:50.564807,1785740030,7987,3.055,3.055,2.45,2.45,0.36,0.36,1,1
1,2026-08-03 06:53:51.567513,1785740031,7988,2.504,2.504,2.45,2.45,0.27,0.27,1,1
1,2026-08-03 06:53:52.603787,1785740032,7989,1.953,1.953,2.45,2.45,0.18,0.18,1,1
1,2026-08-03 06:53:53.669028,1785740033,7990,2.32916666666665,2.32916666666665,2.45,2.45,0.09,0.09,1,1
1,2026-08-03 06:53:54.670499,1785740034,7991,2.28379629629628,2.28379629629628,2.45,2.45,0.9,0.9,1,1
1,2026-08-03 06:53:55.680966,1785740035,7992,2.2384259259259,2.2384259259259,2.45,2.45,0.81,0.81,1,1
1,2026-08-03 06:53:56.687319,1785740036,7993,5.259,5.259,2.45,2.45,0.72,0.72,1,1
1,2026-08-03 06:53:57.688452,1785740037,7994,4.708,4.708,2.45,2.45,0.63,0.63,1,1
1,2026-08-03 06:53:58.690029,1785740038,7995,2.11365740740738,2.11365740740738,2.45,2.45,0.54,0.54,1,1
1,2026-08-03 06:53:59.696611,1785740039,7996,2.06828703703701,2.06828703703701,2.45,2.45,0.45,0.45,1,1
1,2026-08-03 06:54:00.698413,1785740040,7997,3.055,3.055,2.45,2.45,0.36,0.36,1,1
1,2026-08-03 06:54:01.716001,1785740041,7998,2.504,2.504,2.45,2.45,0.27,0.27,1,1
1,2026-08-03 06:54:02.741969,1785740042,7999,1.953,1.953,2.45,2.45,0.18,0.18,1,1
1,2026-08-03 06:54:04.290233,1785740044,8000,1.89814814814812,1.89814814814812,2.45,2.45,0.09,0.09,1,1
1,2026-08-03 06:54:05.323831,1785740045,8001,0.851,0.851,2.45,2.45,0.9,0.9,1,1
1,2026-08-03 06:54:06.332953,1785740046,8002,5.81,5.81,2.45,2.45,0.81,0.81,1,1
1,2026-08-03 06:54:07.346047,1785740047,8003,5.259,5.259,2.45,2.45,0.72,0.72,1,1
1,2026-08-03 06:54:08.361380,1785740048,8004,4.708,4.708,2.45,2.45,0.63,0.63,1,1
1,2026-08-03 06:54:09.397387,1785740049,8005,4.157,4.157,2.45,2.45,0.54,0.54,1,1
1,2026-08-03 06:54:10.409942,1785740050,8006,3.606,3.606,2.45,2.45,0.45,0.45,1,1
1,2026-08-03 06:54:11.412016,1785740051,8007,3.055,3.055,2.45,2.45,0.36,0.36,1,1
1,2026-08-03 06:54:12.413506,1785740052,8008,2.504,2.504,2.45,2.45,0.27,0.27,1,1
1,2026-08-03 06:54:13.448349,1785740053,8009,1.51249999999997,1.51249999999997,2.45,2.45,0.18,0.18,1,1
1,2026-08-03 06:54:14.476026,1785740054,8010,1.402,1.402,2.45,2.45,0.09,0.09,1,1
1,2026-08-03 06:54:15.674713,1785740055,8011,1.43310185185182,1.43310185185182,2.45,2.45,0.9,0.9,1,1
1,2026-08-03 06:54:16.681367,1785740056,8012,1.38773148148145,1.38773148148145,2.45,2.45,0.81,0.81,1,1
1,2026-08-03 06:54:17.692652,1785740057,8013,1.34236111111108,1.34236111111108,2.45,2.45,0.72,0.72,1,1
1,2026-08-03 06:54:18.714330,1785740058,8014,4.708,4.708,2.45,2.45,0.63,0.63,1,1
1,2026-08-03 06:54:19.720154,1785740059,8015,4.157,4.157,2.45,2.45,0.54,0.54,1,1
1,2026-08-03 06:54:20.722069,1785740060,8016,1.21759259259256,1.21759259259256,2.45,2.45,0.45,0.45,1,1
1,2026-08-03 06:54:21.723954,1785740061,8017,1.17222222222219,1.17222222222219,2.45,2.45,0.36,0.36,1,1
1,2026-08-03 06:54:22.730393,1785740062,8018,2.504,2.504,2.45,2.45,0.27,0.27,1,1
1,2026-08-03 06:54:23.779461,1785740063,8019,1.953,1.953,2.45,2.45,0.18,0.18,1,1
1,2026-08-03 06:54:24.804463,1785740064,8020,1.402,1.402,2.45,2.45,0.09,0.09,1,1
1,2026-08-03 06:54:25.823462,1785740065,8021,1.0020833333333,1.0020833333333,2.45,2.45,0.9,0.9,1,1
1,2026-08-03 06:54:26.828382,1785740066,8022,0.956712962962926,0.956712962962926,2.45,2.45,0.81,0.81,1,1
1,2026-08-03 06:54:27.833366,1785740067,8023,5.259,5.259,2.45,2.45,0.72,0.72,1,1
1,2026-08-03 06:54:28.847467,1785740068,8024,4.708,4.708,2.45,2.45,0.63,0.63,1,1
1,2026-08-03 06:54:29.849309,1785740069,8025,4.157,4.157,2.45,2.45,0.54,0.54,1,1
1,2026-08-03 06:54:30.862075,1785740070,8026,0.786574074074037,0.786574074074037,2.45,2.45,0.45,0.45,1,1
1,2026-08-03 06:54:31.865275,1785740071,8027,3.055,3.055,2.45,2.45,0.36,0.36,1,1
1,2026-08-03 06:54:32.868358,1785740072,8028,0.707175925925889,0.707175925925889,2.45,2.45,0.27,0.27,1,1
1,2026-08-03 06:54:33.891343,1785740073,8029,0.661805555555519,0.661805555555519,2.45,2.45,0.18,0.18,1,1
1,2026-08-03 06:54:34.896393,1785740074,8030,0.616435185185149,0.616435185185149,2.45,2.45,0.09,0.09,1,1
1,2026-08-03 06:54:35.921295,1785740075,8031,0.582407407407371,0.582407407407371,2.45,2.45,0.9,0.9,1,1
1,2026-08-03 06:54:37.471613,1785740077,8032,0.537037037037,0.537037037037,2.45,2.45,0.81,0.81,1,1
1,2026-08-03 06:54:38.475295,1785740078,8033,0.49166666666663,0.49166666666663,2.45,2.45,0.72,0.72,1,1
1,2026-08-03 06:54:39.480992,1785740079,8034,0.44629629629626,0.44629629629626,2.45,2.45,0.63,0.63,1,1
1,2026-08-03 06:54:40.514848,1785740080,8035,0.412268518518482,0.412268518518482,2.45,2.45,0.54,0.54,1,1
1,2026-08-03 06:54:41.525922,1785740081,8036,0.366898148148112,0.366898148148112,2.45,2.45,0.45,0.45,1,1
1,2026-08-03 06:54:42.548116,1785740082,8037,0.321527777777741,0.321527777777741,2.45,2.45,0.36,0.36,1,1
1,2026-08-03 06:54:43.576787,1785740083,8038,0.298842592592556,0.298842592592556,2.45,2.45,0.27,0.27,1,1
1,2026-08-03 06:54:44.588907,1785740084,8039,2.504,2.504,2.45,2.45,0.18,0.18,1,1
1,2026-08-03 06:54:45.612720,1785740085,8040,5.8,5.8,2.45,2.45,0.09,0.09,1,1
1,2026-08-03 06:54:46.627300,1785740086,8041,5.75462962962963,5.75462962962963,2.45,2.45,0.09,0.09,1,1
1,2026-08-03 06:54:47.630425,1785740087,8042,5.72060185185185,5.72060185185185,2.45,2.45,0.9,0.9,1,1
1,2026-08-03 06:54:48.632305,1785740088,8043,5.67523148148149,5.67523148148149,2.45,2.45,0.81,0.81,1,1
1,2026-08-03 06:54:49.634012,1785740089,8044,5.62986111111112,5.62986111111112,2.45,2.45,0.72,0.72,1,1
1,2026-08-03 06:54:50.637351,1785740090,8045,5.59583333333334,5.59583333333334,2.45,2.45,0.63,0.63,1,1
1,2026-08-03 06:54:51.647997,1785740091,8046,5.55046296296297,5.55046296296297,2.45,2.45,0.54,0.54,1,1
1,2026-08-03 06:54:52.660856,1785740092,8047,5.5164351851852,5.5164351851852,2.45,2.45,0.45,0.45,1,1
1,2026-08-03 06:54:53.703706,1785740093,8048,5.5050925925926,5.5050925925926,2.45,2.45,0.36,0.36,1,1
1,2026-08-03 06:54:54.705687,1785740094,8049,5.47106481481483,5.47106481481483,2.45,2.45,0.27,0.27,1,1
1,2026-08-03 06:54:55.726612,1785740095,8050,5.42569444444446,5.42569444444446,2.45,2.45,0.18,0.18,1,1
1,2026-08-03 06:54:56.736984,1785740096,8051,5.38032407407409,5.38032407407409,2.45,2.45,0.09,0.09,1,1
1,2026-08-03 06:54:57.743552,1785740097,8052,5.34629629629631,5.34629629629631,2.45,2.45,0.9,0.9,1,1
1,2026-08-03 06:54:58.755037,1785740098,8053,5.30092592592594,5.30092592592594,2.45,2.45,0.81,0.81,1,1
1,2026-08-03 06:54:59.764764,1785740099,8054,5.25555555555557,5.25555555555557,2.45,2.45,0.72,0.72,1,1
1,2026-08-03 06:55:00.766042,1785740100,8055,5.2101851851852,5.2101851851852,2.45,2.45,0.63,0.63,1,1
1,2026-08-03 06:55:01.780472,1785740101,8056,5.17615740740742,5.17615740740742,2.45,2.45,0.54,0.54,1,1
1,2026-08-03 06:55:02.807357,1785740102,8057,5.13078703703705,5.13078703703705,2.45,2.45,0.45,0.45,1,1
1,2026-08-03 06:55:03.808642,1785740103,8058,5.08541666666668,5.08541666666668,2.45,2.45,0.36,0.36,1,1
1,2026-08-03 06:55:04.812654,1785740104,8059,5.04004629629631,5.04004629629631,2.45,2.45,0.27,0.27,1,1
1,2026-08-03 06:55:05.818654,1785740105,8060,1.953,1.953,2.45,2.45,0.18,0.18,1,1
1,2026-08-03 06:55:06.825937,1785740106,8061,1.402,1.402,2.45,2.45,0.09,0.09,1,1
1,2026-08-03 06:55:07.834689,1785740107,8062,0.851,0.851,2.45,2.45,0.9,0.9,1,1
1,2026-08-03 06:55:08.837378,1785740108,8063,5.81,5.81,2.45,2.45,0.81,0.81,1,1
1,2026-08-03 06:55:10.355606,1785740110,8064,5.259,5.259,2.45,2.45,0.72,0.72,1,1
1,2026-08-03 06:55:11.365025,1785740111,8065,4.708,4.708,2.45,2.45,0.72,0.72,1,1
1,2026-08-03 06:55:12.410156,1785740112,8066,4.157,4.157,2.45,2.45,0.54,0.54,1,1
1,2026-08-03 06:55:13.415342,1785740113,8067,3.606,3.606,2.45,2.45,0.45,0.45,1,1
1,2026-08-03 06:55:14.416559,1785740114,8068,3.055,3.055,2.45,2.45,0.36,0.36,1,1
1,2026-08-03 06:55:15.439389,1785740115,8069,2.504,2.504,2.45,2.45,0.36,0.36,1,1
1,2026-08-03 06:55:16.456483,1785740116,8070,1.953,1.953,2.45,2.45,0.18,0.18,1,1
1,2026-08-03 06:55:17.502226,1785740117,8071,1.402,1.402,2.45,2.45,0.09,0.09,1,1
1,2026-08-03 06:55:18.511786,1785740118,8072,0.851,0.851,2.45,2.45,0.9,0.9,1,1
1,2026-08-03 06:55:19.521042,1785740119,8073,5.81,5.81,2.45,2.45,0.81,0.81,1,1
1,2026-08-03 06:55:20.531514,1785740120,8074,5.259,5.259,2.45,2.45,0.81,0.81,1,1
1,2026-08-03 06:55:21.561524,1785740121,8075,4.708,4.708,2.45,2.45,0.72,0.72,1,1
1,2026-08-03 06:55:22.587151,1785740122,8076,4.157,4.157,2.45,2.45,0.54,0.54,1,1
1,2026-08-03 06:55:23.608242,1785740123,8077,3.606,3.606,2.45,2.45,0.45,0.45,1,1
1,2026-08-03 06:55:24.622006,1785740124,8078,3.055,3.055,2.45,2.45,0.45,0.45,1,1
1,2026-08-03 06:55:25.656300,1785740125,8079,2.504,2.504,2.45,2.45,0.27,0.27,1,1
1,2026-08-03 06:55:26.659324,1785740126,8080,1.953,1.953,2.45,2.45,0.27,0.27,1,1
1,2026-08-03 06:55:27.666292,1785740127,8081,1.402,1.402,2.45,2.45,0.18,0.18,1,1
1,2026-08-03 06:55:28.687184,1785740128,8082,4.08726851851852,4.08726851851852,2.45,2.45,0.09,0.09,1,1
1,2026-08-03 06:55:29.726638,1785740129,8083,5.81,5.81,2.45,2.45,0.81,0.81,1,1
1,2026-08-03 06:55:30.767462,1785740130,8084,5.259,5.259,2.45,2.45,0.72,0.72,1,1
1,2026-08-03 06:55:31.776968,1785740131,8085,4.708,4.708,2.45,2.45,0.63,0.63,1,1
1,2026-08-03 06:55:32.787491,1785740132,8086,4.157,4.157,2.45,2.45,0.54,0.54,1,1
1,2026-08-03 06:55:33.799374,1785740133,8087,3.606,3.606,2.45,2.45,0.45,0.45,1,1
1,2026-08-03 06:55:34.843480,1785740134,8088,3.055,3.055,2.45,2.45,0.36,0.36,1,1
1,2026-08-03 06:55:35.853229,1785740135,8089,2.504,2.504,2.45,2.45,0.27,0.27,1,1
1,2026-08-03 06:55:36.858967,1785740136,8090,1.953,1.953,2.45,2.45,0.18,0.18,1,1
1,2026-08-03 06:55:37.873911,1785740137,8091,1.402,1.402,2.45,2.45,0.09,0.09,1,1
1,2026-08-03 06:55:38.886496,1785740138,8092,3.66759259259259,3.66759259259259,2.45,2.45,0.9,0.9,1,1
1,2026-08-03 06:55:39.888426,1785740139,8093,3.62222222222222,3.62222222222222,2.45,2.45,0.81,0.81,1,1
1,2026-08-03 06:55:40.902260,1785740140,8094,3.57685185185185,3.57685185185185,2.45,2.45,0.72,0.72,1,1
1,2026-08-03 06:55:41.914238,1785740141,8095,3.53148148148148,3.53148148148148,2.45,2.45,0.63,0.63,1,1
1,2026-08-03 06:55:43.456511,1785740143,8096,3.4974537037037,3.4974537037037,2.45,2.45,0.54,0.54,1,1
1,2026-08-03 06:55:44.478388,1785740144,8097,3.45208333333333,3.45208333333333,2.45,2.45,0.45,0.45,1,1
1,2026-08-03 06:55:45.480501,1785740145,8098,3.40671296296296,3.40671296296296,2.45,2.45,0.45,0.45,1,1
1,2026-08-03 06:55:46.483049,1785740146,8099,3.37268518518518,3.37268518518518,2.45,2.45,0.36,0.36,1,1
1,2026-08-03 06:55:47.487583,1785740147,8100,3.3386574074074,3.3386574074074,2.45,2.45,0.27,0.27,1,1
1,2026-08-03 06:55:48.491413,1785740148,8101,3.29328703703703,3.29328703703703,2.45,2.45,0.18,0.18,1,1
1,2026-08-03 06:55:49.492611,1785740149,8102,3.25925925925925,3.25925925925925,2.45,2.45,0.09,0.09,1,1
1,2026-08-03 06:55:50.494582,1785740150,8103,3.21388888888888,3.21388888888888,2.45,2.45,0.9,0.9,1,1
1,2026-08-03 06:55:51.498493,1785740151,8104,3.16851851851851,3.16851851851851,2.45,2.45,0.81,0.81,1,1
1,2026-08-03 06:55:52.508588,1785740152,8105,3.13449074074073,3.13449074074073,2.45,2.45,0.72,0.72,1,1
1,2026-08-03 06:55:53.509576,1785740153,8106,3.08912037037036,3.08912037037036,2.45,2.45,0.63,0.63,1,1
1,2026-08-03 06:55:54.524446,1785740154,8107,3.04374999999999,3.04374999999999,2.45,2.45,0.54,0.54,1,1
1,2026-08-03 06:55:55.547719,1785740155,8108,3.00972222222221,3.00972222222221,2.45,2.45,0.45,0.45,1,1
1,2026-08-03 06:55:56.578415,1785740156,8109,2.96435185185184,2.96435185185184,2.45,2.45,0.36,0.36,1,1
1,2026-08-03 06:55:57.595774,1785740157,8110,2.93032407407406,2.93032407407406,2.45,2.45,0.27,0.27,1,1
1,2026-08-03 06:55:58.598160,1785740158,8111,2.88495370370369,2.88495370370369,2.45,2.45,0.18,0.18,1,1
1,2026-08-03 06:55:59.607986,1785740159,8112,2.83958333333332,2.83958333333332,2.45,2.45,0.09,0.09,1,1
1,2026-08-03 06:56:00.658933,1785740160,8113,2.80555555555554,2.80555555555554,2.45,2.45,0.9,0.9,1,1
1,2026-08-03 06:56:01.664038,1785740161,8114,2.76018518518517,2.76018518518517,2.45,2.45,0.81,0.81,1,1
1,2026-08-03 06:56:03.105139,1785740163,8115,2.7148148148148,2.7148148148148,2.45,2.45,0.63,0.63,1,1
1,2026-08-03 06:56:04.110521,1785740164,8116,4.157,4.157,2.45,2.45,0.54,0.54,1,1
1,2026-08-03 06:56:05.122702,1785740165,8117,3.606,3.606,2.45,2.45,0.45,0.45,1,1
1,2026-08-03 06:56:06.123484,1785740166,8118,3.055,3.055,2.45,2.45,0.36,0.36,1,1
1,2026-08-03 06:56:07.130840,1785740167,8119,2.54467592592591,2.54467592592591,2.45,2.45,0.27,0.27,1,1
1,2026-08-03 06:56:08.169784,1785740168,8120,1.953,1.953,2.45,2.45,0.18,0.18,1,1
1,2026-08-03 06:56:09.180885,1785740169,8121,1.402,1.402,2.45,2.45,0.09,0.09,1,1
1,2026-08-03 06:56:10.187569,1785740170,8122,0.851,0.851,2.45,2.45,0.9,0.9,1,1
1,2026-08-03 06:56:11.198279,1785740171,8123,5.81,5.81,2.45,2.45,0.81,0.81,1,1
1,2026-08-03 06:56:12.239490,1785740172,8124,5.259,5.259,2.45,2.45,0.72,0.72,1,1
1,2026-08-03 06:56:13.244545,1785740173,8125,4.708,4.708,2.45,2.45,0.63,0.63,1,1
1,2026-08-03 06:56:14.255681,1785740174,8126,4.157,4.157,2.45,2.45,0.54,0.54,1,1
1,2026-08-03 06:56:15.837972,1785740175,8127,3.606,3.606,2.45,2.45,0.45,0.45,1,1
1,2026-08-03 06:56:16.839880,1785740176,8128,3.055,3.055,2.45,2.45,0.36,0.36,1,1
1,2026-08-03 06:56:17.841702,1785740177,8129,2.504,2.504,2.45,2.45,0.27,0.27,1,1
1,2026-08-03 06:56:18.865220,1785740178,8130,1.953,1.953,2.45,2.45,0.18,0.18,1,1
1,2026-08-03 06:56:19.888555,1785740179,8131,2.02291666666664,2.02291666666664,2.45,2.45,0.09,0.09,1,1
1,2026-08-03 06:56:20.924565,1785740180,8132,1.98888888888886,1.98888888888886,2.45,2.45,0.9,0.9,1,1
1,2026-08-03 06:56:21.960786,1785740181,8133,1.94351851851849,1.94351851851849,2.45,2.45,0.81,0.81,1,1
1,2026-08-03 06:56:22.973320,1785740182,8134,1.89814814814812,1.89814814814812,2.45,2.45,0.72,0.72,1,1
1,2026-08-03 06:56:23.994576,1785740183,8135,1.85277777777775,1.85277777777775,2.45,2.45,0.63,0.63,1,1
1,2026-08-03 06:56:25.124600,1785740185,8136,1.80740740740738,1.80740740740738,2.45,2.45,0.54,0.54,1,1
1,2026-08-03 06:56:26.156043,1785740186,8137,3.606,3.606,2.45,2.45,0.45,0.45,1,1
1,2026-08-03 06:56:27.162561,1785740187,8138,3.055,3.055,2.45,2.45,0.36,0.36,1,1
1,2026-08-03 06:56:28.200463,1785740188,8139,2.504,2.504,2.45,2.45,0.27,0.27,1,1
1,2026-08-03 06:56:29.224623,1785740189,8140,1.953,1.953,2.45,2.45,0.18,0.18,1,1
1,2026-08-03 06:56:30.275708,1785740190,8141,1.402,1.402,2.45,2.45,0.09,0.09,1,1
1,2026-08-03 06:56:31.276924,1785740191,8142,0.851,0.851,2.45,2.45,0.9,0.9,1,1
1,2026-08-03 06:56:32.277926,1785740192,8143,1.50115740740738,1.50115740740738,2.45,2.45,0.81,0.81,1,1
1,2026-08-03 06:56:33.287077,1785740193,8144,5.259,5.259,2.45,2.45,0.72,0.72,1,1
1,2026-08-03 06:56:34.293081,1785740194,8145,4.708,4.708,2.45,2.45,0.63,0.63,1,1
1,2026-08-03 06:56:35.304706,1785740195,8146,4.157,4.157,2.45,2.45,0.54,0.54,1,1
1,2026-08-03 06:56:36.352083,1785740196,8147,3.606,3.606,2.45,2.45,0.45,0.45,1,1
1,2026-08-03 06:56:37.368487,1785740197,8148,3.055,3.055,2.45,2.45,0.36,0.36,1,1
1,2026-08-03 06:56:38.378909,1785740198,8149,2.504,2.504,2.45,2.45,0.27,0.27,1,1
1,2026-08-03 06:56:39.401454,1785740199,8150,1.953,1.953,2.45,2.45,0.18,0.18,1,1
1,2026-08-03 06:56:40.429382,1785740200,8151,1.402,1.402,2.45,2.45,0.09,0.09,1,1
1,2026-08-03 06:56:41.442817,1785740201,8152,1.11550925925922,1.11550925925922,2.45,2.45,0.9,0.9,1,1
1,2026-08-03 06:56:42.473395,1785740202,8153,5.81,5.81,2.45,2.45,0.81,0.81,1,1
1,2026-08-03 06:56:43.577892,1785740203,8154,1.02476851851848,1.02476851851848,2.45,2.45,0.72,0.72,1,1
1,2026-08-03 06:56:44.634434,1785740204,8155,4.708,4.708,2.45,2.45,0.63,0.63,1,1
1,2026-08-03 06:56:45.636368,1785740205,8156,4.157,4.157,2.45,2.45,0.54,0.54,1,1
1,2026-08-03 06:56:46.653662,1785740206,8157,3.606,3.606,2.45,2.45,0.45,0.45,1,1
1,2026-08-03 06:56:47.655651,1785740207,8158,3.055,3.055,2.45,2.45,0.36,0.36,1,1
1,2026-08-03 06:56:49.189005,1785740209,8159,2.504,2.504,2.45,2.45,0.27,0.27,1,1
1,2026-08-03 06:56:50.278749,1785740210,8160,1.953,1.953,2.45,2.45,0.18,0.18,1,1
1,2026-08-03 06:56:51.282983,1785740211,8161,1.402,1.402,2.45,2.45,0.09,0.09,1,1
1,2026-08-03 06:56:52.290078,1785740212,8162,0.851,0.851,2.45,2.45,0.9,0.9,1,1
1,2026-08-03 06:56:53.305475,1785740213,8163,0.639120370370334,0.639120370370334,2.45,2.45,0.81,0.81,1,1
1,2026-08-03 06:56:54.307379,1785740214,8164,5.259,5.259,2.45,2.45,0.72,0.72,1,1
1,2026-08-03 06:56:55.309370,1785740215,8165,4.708,4.708,2.45,2.45,0.63,0.63,1,1
1,2026-08-03 06:56:56.311719,1785740216,8166,0.514351851851815,0.514351851851815,2.45,2.45,0.54,0.54,1,1
1,2026-08-03 06:56:57.316179,1785740217,8167,0.480324074074037,0.480324074074037,2.45,2.45,0.45,0.45,1,1
1,2026-08-03 06:56:58.357899,1785740218,8168,3.055,3.055,2.45,2.45,0.36,0.36,1,1
1,2026-08-03 06:56:59.359567,1785740219,8169,2.504,2.504,2.45,2.45,0.27,0.27,1,1
1,2026-08-03 06:57:00.363772,1785740220,8170,1.953,1.953,2.45,2.45,0.18,0.18,1,1
1,2026-08-03 06:57:01.391895,1785740221,8171,0.298842592592556,0.298842592592556,2.45,2.45,0.18,0.18,1,1
1,2026-08-03 06:57:02.437509,1785740222,8172,0.851,0.851,2.45,2.45,0.9,0.9,1,1
1,2026-08-03 06:57:03.481288,1785740223,8173,5.81,5.81,2.45,2.45,0.81,0.81,1,1
1,2026-08-03 06:57:04.486718,1785740224,8174,5.259,5.259,2.45,2.45,0.72,0.72,1,1
1,2026-08-03 06:57:05.492379,1785740225,8175,4.708,4.708,2.45,2.45,0.63,0.63,1,1
1,2026-08-03 06:57:06.500119,1785740226,8176,4.157,4.157,2.45,2.45,0.54,0.54,1,1
1,2026-08-03 06:57:07.502244,1785740227,8177,5.6525462962963,5.6525462962963,2.45,2.45,0.45,0.45,1,1
1,2026-08-03 06:57:08.542386,1785740228,8178,5.61851851851852,5.61851851851852,2.45,2.45,0.36,0.36,1,1
1,2026-08-03 06:57:09.553313,1785740229,8179,2.504,2.504,2.45,2.45,0.27,0.27,1,1
1,2026-08-03 06:57:10.558010,1785740230,8180,1.953,1.953,2.45,2.45,0.18,0.18,1,1
1,2026-08-03 06:57:11.571405,1785740231,8181,1.402,1.402,2.45,2.45,0.09,0.09,1,1
1,2026-08-03 06:57:12.591773,1785740232,8182,5.43703703703705,5.43703703703705,2.45,2.45,0.9,0.9,1,1
1,2026-08-03 06:57:13.629092,1785740233,8183,5.40300925925927,5.40300925925927,2.45,2.45,0.81,0.81,1,1
1,2026-08-03 06:57:14.664477,1785740234,8184,5.35763888888891,5.35763888888891,2.45,2.45,0.72,0.72,1,1
1,2026-08-03 06:57:15.681891,1785740235,8185,4.708,4.708,2.45,2.45,0.63,0.63,1,1
1,2026-08-03 06:57:16.683890,1785740236,8186,4.157,4.157,2.45,2.45,0.54,0.54,1,1
1,2026-08-03 06:57:17.705486,1785740237,8187,3.606,3.606,2.45,2.45,0.45,0.45,1,1
1,2026-08-03 06:57:18.769583,1785740238,8188,5.18750000000002,5.18750000000002,2.45,2.45,0.36,0.36,1,1
1,2026-08-03 06:57:19.778108,1785740239,8189,2.504,2.504,2.45,2.45,0.27,0.27,1,1
1,2026-08-03 06:57:20.788519,1785740240,8190,1.953,1.953,2.45,2.45,0.18,0.18,1,1
1,2026-08-03 06:57:22.326398,1785740242,8191,1.402,1.402,2.45,2.45,0.09,0.09,1,1
1,2026-08-03 06:57:23.347961,1785740243,8192,0.851,0.851,2.45,2.45,0.9,0.9,1,1
1,2026-08-03 06:57:24.351208,1785740244,8193,4.99467592592594,4.99467592592594,2.45,2.45,0.81,0.81,1,1
1,2026-08-03 06:57:25.384296,1785740245,8194,4.94930555555557,4.94930555555557,2.45,2.45,0.72,0.72,1,1
1,2026-08-03 06:57:26.413892,1785740246,8195,4.91527777777779,4.91527777777779,2.45,2.45,0.63,0.63,1,1
1,2026-08-03 06:57:27.438731,1785740247,8196,4.86990740740742,4.86990740740742,2.45,2.45,0.54,0.54,1,1
1,2026-08-03 06:57:28.462719,1785740248,8197,3.606,3.606,2.45,2.45,0.45,0.45,1,1
1,2026-08-03 06:57:29.482787,1785740249,8198,3.055,3.055,2.45,2.45,0.36,0.36,1,1
1,2026-08-03 06:57:30.487862,1785740250,8199,2.504,2.504,2.45,2.45,0.27,0.27,1,1
1,2026-08-03 06:57:31.523329,1785740251,8200,1.953,1.953,2.45,2.45,0.18,0.18,1,1
1,2026-08-03 06:57:32.527741,1785740252,8201,4.66574074074075,4.66574074074075,2.45,2.45,0.09,0.09,1,1
1,2026-08-03 06:57:33.565853,1785740253,8202,4.63171296296297,4.63171296296297,2.45,2.45,0.9,0.9,1,1
1,2026-08-03 06:57:34.568028,1785740254,8203,4.5863425925926,4.5863425925926,2.45,2.45,0.81,0.81,1,1
1,2026-08-03 06:57:35.585444,1785740255,8204,4.54097222222223,4.54097222222223,2.45,2.45,0.72,0.72,1,1
1,2026-08-03 06:57:36.647021,1785740256,8205,4.49560185185186,4.49560185185186,2.45,2.45,0.63,0.63,1,1
1,2026-08-03 06:57:37.652512,1785740257,8206,4.157,4.157,2.45,2.45,0.54,0.54,1,1
1,2026-08-03 06:57:38.653507,1785740258,8207,3.606,3.606,2.45,2.45,0.45,0.45,1,1
1,2026-08-03 06:57:39.666227,1785740259,8208,3.055,3.055,2.45,2.45,0.36,0.36,1,1
1,2026-08-03 06:57:40.700454,1785740260,8209,4.34814814814815,4.34814814814815,2.45,2.45,0.27,0.27,1,1
1,2026-08-03 06:57:41.721457,1785740261,8210,1.953,1.953,2.45,2.45,0.18,0.18,1,1
1,2026-08-03 06:57:42.731919,1785740262,8211,1.402,1.402,2.45,2.45,0.09,0.09,1,1
1,2026-08-03 06:57:43.782258,1785740263,8212,4.21203703703704,4.21203703703704,2.45,2.45,0.9,0.9,1,1
1,2026-08-03 06:57:44.793463,1785740264,8213,5.81,5.81,2.45,2.45,0.81,0.81,1,1
1,2026-08-03 06:57:45.797844,1785740265,8214,5.259,5.259,2.45,2.45,0.72,0.72,1,1
1,2026-08-03 06:57:46.824500,1785740266,8215,4.09861111111111,4.09861111111111,2.45,2.45,0.63,0.63,1,1
1,2026-08-03 06:57:47.848196,1785740267,8216,4.05324074074074,4.05324074074074,2.45,2.45,0.54,0.54,1,1
1,2026-08-03 06:57:48.888140,1785740268,8217,4.00787037037037,4.00787037037037,2.45,2.45,0.45,0.45,1,1
1,2026-08-03 06:57:49.889463,1785740269,8218,3.9625,3.9625,2.45,2.45,0.45,0.45,1,1
1,2026-08-03 06:57:50.896513,1785740270,8219,3.91712962962963,3.91712962962963,2.45,2.45,0.36,0.36,1,1
1,2026-08-03 06:57:51.910989,1785740271,8220,3.87175925925926,3.87175925925926,2.45,2.45,0.27,0.27,1,1
1,2026-08-03 06:57:52.918171,1785740272,8221,3.83773148148148,3.83773148148148,2.45,2.45,0.18,0.18,1,1
1,2026-08-03 06:57:53.926762,1785740273,8222,3.79236111111111,3.79236111111111,2.45,2.45,0.09,0.09,1,1
1,2026-08-03 06:57:55.445656,1785740275,8223,3.74699074074074,3.74699074074074,2.45,2.45,0.9,0.9,1,1
1,2026-08-03 06:57:56.447503,1785740276,8224,3.71296296296296,3.71296296296296,2.45,2.45,0.81,0.81,1,1
1,2026-08-03 06:57:57.499802,1785740277,8225,3.66759259259259,3.66759259259259,2.45,2.45,0.72,0.72,1,1
1,2026-08-03 06:57:58.507178,1785740278,8226,3.62222222222222,3.62222222222222,2.45,2.45,0.63,0.63,1,1
1,2026-08-03 06:57:59.517645,1785740279,8227,3.57685185185185,3.57685185185185,2.45,2.45,0.54,0.54,1,1
1,2026-08-03 06:58:00.519449,1785740280,8228,3.54282407407407,3.54282407407407,2.45,2.45,0.45,0.45,1,1
1,2026-08-03 06:58:01.532864,1785740281,8229,3.4974537037037,3.4974537037037,2.45,2.45,0.36,0.36,1,1
1,2026-08-03 06:58:02.558867,1785740282,8230,3.45208333333333,3.45208333333333,2.45,2.45,0.27,0.27,1,1
1,2026-08-03 06:58:03.657692,1785740283,8231,3.40671296296296,3.40671296296296,2.45,2.45,0.18,0.18,1,1
1,2026-08-03 06:58:04.663313,1785740284,8232,3.36134259259259,3.36134259259259,2.45,2.45,0.09,0.09,1,1
1,2026-08-03 06:58:05.679127,1785740285,8233,3.31597222222221,3.31597222222221,2.45,2.45,0.9,0.9,1,1
1,2026-08-03 06:58:06.700236,1785740286,8234,3.27060185185184,3.27060185185184,2.45,2.45,0.81,0.81,1,1
1,2026-08-03 06:58:07.713983,1785740287,8235,3.23657407407407,3.23657407407407,2.45,2.45,0.72,0.72,1,1
1,2026-08-03 06:58:08.724372,1785740288,8236,3.19120370370369,3.19120370370369,2.45,2.45,0.63,0.63,1,1
1,2026-08-03 06:58:09.732261,1785740289,8237,3.15717592592592,3.15717592592592,2.45,2.45,0.54,0.54,1,1
1,2026-08-03 06:58:10.742284,1785740290,8238,3.11180555555555,3.11180555555555,2.45,2.45,0.45,0.45,1,1
1,2026-08-03 06:58:11.761218,1785740291,8239,3.06643518518517,3.06643518518517,2.45,2.45,0.36,0.36,1,1
1,2026-08-03 06:58:12.764664,1785740292,8240,3.0324074074074,3.0324074074074,2.45,2.45,0.27,0.27,1,1
1,2026-08-03 06:58:13.773574,1785740293,8241,2.98703703703702,2.98703703703702,2.45,2.45,0.18,0.18,1,1
1,2026-08-03 06:58:14.776368,1785740294,8242,2.94166666666665,2.94166666666665,2.45,2.45,0.09,0.09,1,1
1,2026-08-03 06:58:15.778286,1785740295,8243,2.89629629629628,2.89629629629628,2.45,2.45,0.9,0.9,1,1
1,2026-08-03 06:58:16.780790,1785740296,8244,2.8622685185185,2.8622685185185,2.45,2.45,0.81,0.81,1,1
1,2026-08-03 06:58:17.832299,1785740297,8245,2.81689814814813,2.81689814814813,2.45,2.45,0.72,0.72,1,1
1,2026-08-03 06:58:18.888159,1785740298,8246,2.77152777777776,2.77152777777776,2.45,2.45,0.63,0.63,1,1
1,2026-08-03 06:58:19.944339,1785740299,8247,2.72615740740739,2.72615740740739,2.45,2.45,0.54,0.54,1,1
1,2026-08-03 06:58:20.948640,1785740300,8248,2.69212962962961,2.69212962962961,2.45,2.45,0.45,0.45,1,1
1,2026-08-03 06:58:21.952979,1785740301,8249,2.64675925925924,2.64675925925924,2.45,2.45,0.36,0.36,1,1
1,2026-08-03 06:58:22.954383,1785740302,8250,2.60138888888887,2.60138888888887,2.45,2.45,0.27,0.27,1,1
1,2026-08-03 06:58:23.955300,1785740303,8251,2.56736111111109,2.56736111111109,2.45,2.45,0.18,0.18,1,1
1,2026-08-03 06:58:24.964193,1785740304,8252,2.52199074074072,2.52199074074072,2.45,2.45,0.09,0.09,1,1
1,2026-08-03 06:58:25.970116,1785740305,8253,2.47662037037035,2.47662037037035,2.45,2.45,0.9,0.9,1,1
1,2026-08-03 06:58:26.979088,1785740306,8254,2.43124999999998,2.43124999999998,2.45,2.45,0.81,0.81,1,1
1,2026-08-03 06:58:28.505820,1785740308,8255,2.3972222222222,2.3972222222222,2.45,2.45,0.72,0.72,1,1
1,2026-08-03 06:58:29.507163,1785740309,8256,2.35185185185183,2.35185185185183,2.45,2.45,0.63,0.63,1,1
1,2026-08-03 06:58:30.510023,1785740310,8257,2.30648148148146,2.30648148148146,2.45,2.45,0.54,0.54,1,1
1,2026-08-03 06:58:31.511880,1785740311,8258,2.26111111111109,2.26111111111109,2.45,2.45,0.45,0.45,1,1
1,2026-08-03 06:58:32.519936,1785740312,8259,2.22708333333331,2.22708333333331,2.45,2.45,0.36,0.36,1,1
1,2026-08-03 06:58:33.526013,1785740313,8260,2.18171296296294,2.18171296296294,2.45,2.45,0.27,0.27,1,1
1,2026-08-03 06:58:34.535030,1785740314,8261,2.13634259259257,2.13634259259257,2.45,2.45,0.18,0.18,1,1
1,2026-08-03 06:58:35.551366,1785740315,8262,2.0909722222222,2.0909722222222,2.45,2.45,0.09,0.09,1,1
1,2026-08-03 06:58:36.558541,1785740316,8263,2.05694444444442,2.05694444444442,2.45,2.45,0.9,0.9,1,1
1,2026-08-03 06:58:37.573031,1785740317,8264,2.01157407407405,2.01157407407405,2.45,2.45,0.81,0.81,1,1
1,2026-08-03 06:58:38.579142,1785740318,8265,1.96620370370368,1.96620370370368,2.45,2.45,0.72,0.72,1,1
1,2026-08-03 06:58:39.581877,1785740319,8266,1.92083333333331,1.92083333333331,2.45,2.45,0.63,0.63,1,1
1,2026-08-03 06:58:40.591296,1785740320,8267,4.157,4.157,2.45,2.45,0.54,0.54,1,1
1,2026-08-03 06:58:41.593150,1785740321,8268,1.84143518518516,1.84143518518516,2.45,2.45,0.45,0.45,1,1
1,2026-08-03 06:58:42.601871,1785740322,8269,1.79606481481479,1.79606481481479,2.45,2.45,0.36,0.36,1,1
1,2026-08-03 06:58:43.608251,1785740323,8270,1.75069444444442,1.75069444444442,2.45,2.45,0.27,0.27,1,1
1,2026-08-03 06:58:44.612982,1785740324,8271,1.953,1.953,2.45,2.45,0.18,0.18,1,1
1,2026-08-03 06:58:45.617747,1785740325,8272,1.402,1.402,2.45,2.45,0.09,0.09,1,1
1,2026-08-03 06:58:46.619309,1785740326,8273,1.6259259259259,1.6259259259259,2.45,2.45,0.9,0.9,1,1
1,2026-08-03 06:58:47.623117,1785740327,8274,1.58055555555553,1.58055555555553,2.45,2.45,0.81,0.81,1,1
1,2026-08-03 06:58:48.625236,1785740328,8275,5.259,5.259,2.45,2.45,0.72,0.72,1,1
1,2026-08-03 06:58:49.627342,1785740329,8276,4.708,4.708,2.45,2.45,0.63,0.63,1,1
1,2026-08-03 06:58:50.632607,1785740330,8277,1.45578703703701,1.45578703703701,2.45,2.45,0.63,0.63,1,1
1,2026-08-03 06:58:51.634968,1785740331,8278,3.606,3.606,2.45,2.45,0.54,0.54,1,1
1,2026-08-03 06:58:52.655358,1785740332,8279,3.055,3.055,2.45,2.45,0.45,0.45,1,1
1,2026-08-03 06:58:53.657124,1785740333,8280,2.504,2.504,2.45,2.45,0.36,0.36,1,1
1,2026-08-03 06:58:54.658980,1785740334,8281,1.28564814814812,1.28564814814812,2.45,2.45,0.27,0.27,1,1
1,2026-08-03 06:58:55.671220,1785740335,8282,1.25162037037034,1.25162037037034,2.45,2.45,0.18,0.18,1,1
1,2026-08-03 06:58:56.685039,1785740336,8283,1.20624999999997,1.20624999999997,2.45,2.45,0.09,0.09,1,1
1,2026-08-03 06:58:57.690042,1785740337,8284,1.16087962962959,1.16087962962959,2.45,2.45,0.9,0.9,1,1
1,2026-08-03 06:58:58.706577,1785740338,8285,1.12685185185182,1.12685185185182,2.45,2.45,0.81,0.81,1,1
1,2026-08-03 06:58:59.710652,1785740339,8286,1.08148148148145,1.08148148148145,2.45,2.45,0.72,0.72,1,1
1,2026-08-03 06:59:01.241710,1785740341,8287,1.03611111111107,1.03611111111107,2.45,2.45,0.63,0.63,1,1
1,2026-08-03 06:59:02.242570,1785740342,8288,0.990740740740704,0.990740740740704,2.45,2.45,0.54,0.54,1,1
1,2026-08-03 06:59:03.246052,1785740343,8289,0.945370370370334,0.945370370370334,2.45,2.45,0.45,0.45,1,1
1,2026-08-03 06:59:04.249566,1785740344,8290,0.911342592592556,0.911342592592556,2.45,2.45,0.36,0.36,1,1
1,2026-08-03 06:59:05.260008,1785740345,8291,0.865972222222185,0.865972222222185,2.45,2.45,0.27,0.27,1,1
1,2026-08-03 06:59:06.307531,1785740346,8292,0.820601851851815,0.820601851851815,2.45,2.45,0.18,0.18,1,1
1,2026-08-03 06:59:07.361390,1785740347,8293,0.775231481481445,0.775231481481445,2.45,2.45,0.09,0.09,1,1
1,2026-08-03 06:59:08.420189,1785740348,8294,0.729861111111074,0.729861111111074,2.45,2.45,0.9,0.9,1,1
1,2026-08-03 06:59:09.424196,1785740349,8295,0.684490740740704,0.684490740740704,2.45,2.45,0.81,0.81,1,1
1,2026-08-03 06:59:10.425382,1785740350,8296,0.650462962962926,0.650462962962926,2.45,2.45,0.72,0.72,1,1
1,2026-08-03 06:59:11.453396,1785740351,8297,0.605092592592556,0.605092592592556,2.45,2.45,0.63,0.63,1,1
1,2026-08-03 06:59:12.660718,1785740352,8298,0.559722222222185,0.559722222222185,2.45,2.45,0.54,0.54,1,1
1,2026-08-03 06:59:13.661977,1785740353,8299,0.514351851851815,0.514351851851815,2.45,2.45,0.45,0.45,1,1
1,2026-08-03 06:59:14.670403,1785740354,8300,0.468981481481445,0.468981481481445,2.45,2.45,0.36,0.36,1,1
1,2026-08-03 06:59:15.675336,1785740355,8301,0.423611111111074,0.423611111111074,2.45,2.45,0.27,0.27,1,1
1,2026-08-03 06:59:16.676874,1785740356,8302,0.389583333333297,0.389583333333297,2.45,2.45,0.18,0.18,1,1
1,2026-08-03 06:59:17.679410,1785740357,8303,0.344212962962926,0.344212962962926,2.45,2.45,0.09,0.09,1,1
1,2026-08-03 06:59:18.793252,1785740358,8304,0.298842592592556,0.298842592592556,2.45,2.45,0.9,0.9,1,1
1,2026-08-03 06:59:19.797796,1785740359,8305,5.81,5.81,2.45,2.45,0.81,0.81,1,1
1,2026-08-03 06:59:20.802176,1785740360,8306,5.259,5.259,2.45,2.45,0.72,0.72,1,1
1,2026-08-03 06:59:21.805376,1785740361,8307,5.77731481481482,5.77731481481482,2.45,2.45,0.63,0.63,1,1
1,2026-08-03 06:59:22.809473,1785740362,8308,5.73194444444445,5.73194444444445,2.45,2.45,0.54,0.54,1,1
1,2026-08-03 06:59:23.811205,1785740363,8309,5.69791666666667,5.69791666666667,2.45,2.45,0.45,0.45,1,1
1,2026-08-03 06:59:24.818685,1785740364,8310,5.6525462962963,5.6525462962963,2.45,2.45,0.36,0.36,1,1
1,2026-08-03 06:59:25.862342,1785740365,8311,5.60717592592593,5.60717592592593,2.45,2.45,0.27,0.27,1,1
1,2026-08-03 06:59:26.866504,1785740366,8312,5.57314814814816,5.57314814814816,2.45,2.45,0.18,0.18,1,1
1,2026-08-03 06:59:27.872915,1785740367,8313,5.52777777777779,5.52777777777779,2.45,2.45,0.09,0.09,1,1
1,2026-08-03 06:59:28.876871,1785740368,8314,5.49375000000001,5.49375000000001,2.45,2.45,0.9,0.9,1,1
1,2026-08-03 06:59:29.880831,1785740369,8315,5.44837962962964,5.44837962962964,2.45,2.45,0.81,0.81,1,1
1,2026-08-03 06:59:30.888160,1785740370,8316,5.40300925925927,5.40300925925927,2.45,2.45,0.72,0.72,1,1
1,2026-08-03 06:59:31.891273,1785740371,8317,5.3689814814815,5.3689814814815,2.45,2.45,0.63,0.63,1,1
1,2026-08-03 06:59:32.895419,1785740372,8318,5.32361111111113,5.32361111111113,2.45,2.45,0.54,0.54,1,1
1,2026-08-03 06:59:34.416258,1785740374,8319,5.28958333333335,5.28958333333335,2.45,2.45,0.45,0.45,1,1
1,2026-08-03 06:59:35.422945,1785740375,8320,5.24421296296298,5.24421296296298,2.45,2.45,0.36,0.36,1,1
1,2026-08-03 06:59:36.482071,1785740376,8321,5.19884259259261,5.19884259259261,2.45,2.45,0.27,0.27,1,1
1,2026-08-03 06:59:37.483694,1785740377,8322,5.15347222222224,5.15347222222224,2.45,2.45,0.18,0.18,1,1
1,2026-08-03 06:59:38.488178,1785740378,8323,5.11944444444446,5.11944444444446,2.45,2.45,0.09,0.09,1,1
1,2026-08-03 06:59:39.509943,1785740379,8324,5.07407407407409,5.07407407407409,2.45,2.45,0.9,0.9,1,1
1,2026-08-03 06:59:40.512727,1785740380,8325,5.02870370370372,5.02870370370372,2.45,2.45,0.81,0.81,1,1
1,2026-08-03 06:59:41.558738,1785740381,8326,4.98333333333335,4.98333333333335,2.45,2.45,0.72,0.72,1,1
1,2026-08-03 06:59:42.563083,1785740382,8327,4.94930555555557,4.94930555555557,2.45,2.45,0.63,0.63,1,1
1,2026-08-03 06:59:43.580180,1785740383,8328,4.9039351851852,4.9039351851852,2.45,2.45,0.54,0.54,1,1
1,2026-08-03 06:59:44.602478,1785740384,8329,4.85856481481483,4.85856481481483,2.45,2.45,0.45,0.45,1,1
1,2026-08-03 06:59:45.612505,1785740385,8330,4.81319444444446,4.81319444444446,2.45,2.45,0.36,0.36,1,1
1,2026-08-03 06:59:46.616140,1785740386,8331,4.77916666666668,4.77916666666668,2.45,2.45,0.27,0.27,1,1
1,2026-08-03 06:59:47.629603,1785740387,8332,4.73379629629631,4.73379629629631,2.45,2.45,0.18,0.18,1,1
1,2026-08-03 06:59:48.636392,1785740388,8333,4.68842592592594,4.68842592592594,2.45,2.45,0.09,0.09,1,1
1,2026-08-03 06:59:49.659298,1785740389,8334,4.64305555555556,4.64305555555556,2.45,2.45,0.9,0.9,1,1
1,2026-08-03 06:59:50.690185,1785740390,8335,4.60902777777779,4.60902777777779,2.45,2.45,0.81,0.81,1,1
1,2026-08-03 06:59:51.701054,1785740391,8336,4.56365740740742,4.56365740740742,2.45,2.45,0.72,0.72,1,1
1,2026-08-03 06:59:52.712261,1785740392,8337,4.51828703703704,4.51828703703704,2.45,2.45,0.63,0.63,1,1
1,2026-08-03 06:59:53.724490,1785740393,8338,4.47291666666667,4.47291666666667,2.45,2.45,0.54,0.54,1,1
1,2026-08-03 06:59:54.745139,1785740394,8339,4.4275462962963,4.4275462962963,2.45,2.45,0.45,0.45,1,1
1,2026-08-03 06:59:55.866197,1785740395,8340,4.39351851851852,4.39351851851852,2.45,2.45,0.36,0.36,1,1
1,2026-08-03 06:59:56.981173,1785740396,8341,4.34814814814815,4.34814814814815,2.45,2.45,0.27,0.27,1,1
1,2026-08-03 06:59:57.988112,1785740397,8342,4.30277777777778,4.30277777777778,2.45,2.45,0.18,0.18,1,1
1,2026-08-03 06:59:59.016244,1785740399,8343,4.25740740740741,4.25740740740741,2.45,2.45,0.09,0.09,1,1
1,2026-08-03 07:00:00.017612,1785740400,8344,4.21203703703704,4.21203703703704,2.45,2.45,0.9,0.9,1,1
1,2026-08-03 07:00:01.039621,1785740401,8345,4.17800925925926,4.17800925925926,2.45,2.45,0.81,0.81,1,1
1,2026-08-03 07:00:02.057723,1785740402,8346,4.13263888888889,4.13263888888889,2.45,2.45,0.72,0.72,1,1
1,2026-08-03 07:00:03.069617,1785740403,8347,4.08726851851852,4.08726851851852,2.45,2.45,0.63,0.63,1,1
1,2026-08-03 07:00:04.071756,1785740404,8348,4.04189814814815,4.04189814814815,2.45,2.45,0.54,0.54,1,1
1,2026-08-03 07:00:05.074966,1785740405,8349,4.00787037037037,4.00787037037037,2.45,2.45,0.45,0.45,1,1
1,2026-08-03 07:00:06.082555,1785740406,8350,3.9625,3.9625,2.45,2.45,0.36,0.36,1,1
1,2026-08-03 07:00:07.610324,1785740407,8351,3.91712962962963,3.91712962962963,2.45,2.45,0.27,0.27,1,1
1,2026-08-03 07:00:08.615685,1785740408,8352,3.87175925925926,3.87175925925926,2.45,2.45,0.18,0.18,1,1
1,2026-08-03 07:00:09.626414,1785740409,8353,3.83773148148148,3.83773148148148,2.45,2.45,0.09,0.09,1,1
1,2026-08-03 07:00:10.637990,1785740410,8354,3.79236111111111,3.79236111111111,2.45,2.45,0.9,0.9,1,1
1,2026-08-03 07:00:11.663218,1785740411,8355,3.74699074074074,3.74699074074074,2.45,2.45,0.81,0.81,1,1
1,2026-08-03 07:00:12.670598,1785740412,8356,3.71296296296296,3.71296296296296,2.45,2.45,0.72,0.72,1,1
1,2026-08-03 07:00:13.688268,1785740413,8357,3.66759259259259,3.66759259259259,2.45,2.45,0.63,0.63,1,1
1,2026-08-03 07:00:14.693493,1785740414,8358,3.62222222222222,3.62222222222222,2.45,2.45,0.54,0.54,1,1
1,2026-08-03 07:00:15.695323,1785740415,8359,3.57685185185185,3.57685185185185,2.45,2.45,0.45,0.45,1,1
1,2026-08-03 07:00:16.697234,1785740416,8360,3.54282407407407,3.54282407407407,2.45,2.45,0.36,0.36,1,1
1,2026-08-03 07:00:17.702663,1785740417,8361,3.4974537037037,3.4974537037037,2.45,2.45,0.27,0.27,1,1
1,2026-08-03 07:00:18.705139,1785740418,8362,3.45208333333333,3.45208333333333,2.45,2.45,0.18,0.18,1,1
1,2026-08-03 07:00:19.730265,1785740419,8363,3.40671296296296,3.40671296296296,2.45,2.45,0.09,0.09,1,1
1,2026-08-03 07:00:20.738712,1785740420,8364,3.37268518518518,3.37268518518518,2.45,2.45,0.9,0.9,1,1
1,2026-08-03 07:00:21.744474,1785740421,8365,3.32731481481481,3.32731481481481,2.45,2.45,0.81,0.81,1,1
1,2026-08-03 07:00:22.747367,1785740422,8366,3.28194444444444,3.28194444444444,2.45,2.45,0.72,0.72,1,1
1,2026-08-03 07:00:23.753269,1785740423,8367,3.23657407407407,3.23657407407407,2.45,2.45,0.63,0.63,1,1
1,2026-08-03 07:00:24.765882,1785740424,8368,3.20254629629629,3.20254629629629,2.45,2.45,0.54,0.54,1,1
1,2026-08-03 07:00:25.768931,1785740425,8369,3.15717592592592,3.15717592592592,2.45,2.45,0.45,0.45,1,1
1,2026-08-03 07:00:26.775310,1785740426,8370,3.11180555555555,3.11180555555555,2.45,2.45,0.36,0.36,1,1
1,2026-08-03 07:00:27.799246,1785740427,8371,3.06643518518517,3.06643518518517,2.45,2.45,0.27,0.27,1,1
1,2026-08-03 07:00:28.805497,1785740428,8372,3.0324074074074,3.0324074074074,2.45,2.45,0.18,0.18,1,1
1,2026-08-03 07:00:29.811515,1785740429,8373,2.98703703703702,2.98703703703702,2.45,2.45,0.09,0.09,1,1
1,2026-08-03 07:00:30.902084,1785740430,8374,2.94166666666665,2.94166666666665,2.45,2.45,0.9,0.9,1,1
1,2026-08-03 07:00:31.913258,1785740431,8375,2.89629629629628,2.89629629629628,2.45,2.45,0.81,0.81,1,1
1,2026-08-03 07:00:32.917471,1785740432,8376,2.85092592592591,2.85092592592591,2.45,2.45,0.72,0.72,1,1
1,2026-08-03 07:00:33.920663,1785740433,8377,2.81689814814813,2.81689814814813,2.45,2.45,0.63,0.63,1,1
1,2026-08-03 07:00:34.923648,1785740434,8378,2.77152777777776,2.77152777777776,2.45,2.45,0.54,0.54,1,1
1,2026-08-03 07:00:35.925311,1785740435,8379,2.72615740740739,2.72615740740739,2.45,2.45,0.45,0.45,1,1
1,2026-08-03 07:00:36.933772,1785740436,8380,2.68078703703702,2.68078703703702,2.45,2.45,0.36,0.36,1,1
1,2026-08-03 07:00:37.957971,1785740437,8381,2.64675925925924,2.64675925925924,2.45,2.45,0.27,0.27,1,1
1,2026-08-03 07:00:38.973134,1785740438,8382,2.60138888888887,2.60138888888887,2.45,2.45,0.18,0.18,1,1
1,2026-08-03 07:00:40.505172,1785740440,8383,2.5560185185185,2.5560185185185,2.45,2.45,0.09,0.09,1,1
1,2026-08-03 07:00:41.518581,1785740441,8384,2.51064814814813,2.51064814814813,2.45,2.45,0.9,0.9,1,1
1,2026-08-03 07:00:42.526391,1785740442,8385,2.46527777777776,2.46527777777776,2.45,2.45,0.81,0.81,1,1
1,2026-08-03 07:00:43.532108,1785740443,8386,2.43124999999998,2.43124999999998,2.45,2.45,0.72,0.72,1,1
1,2026-08-03 07:00:44.541132,1785740444,8387,2.38587962962961,2.38587962962961,2.45,2.45,0.63,0.63,1,1
1,2026-08-03 07:00:45.546042,1785740445,8388,2.34050925925924,2.34050925925924,2.45,2.45,0.54,0.54,1,1
1,2026-08-03 07:00:46.570969,1785740446,8389,2.30648148148146,2.30648148148146,2.45,2.45,0.45,0.45,1,1
1,2026-08-03 07:00:47.588706,1785740447,8390,2.26111111111109,2.26111111111109,2.45,2.45,0.36,0.36,1,1
1,2026-08-03 07:00:48.592383,1785740448,8391,2.21574074074072,2.21574074074072,2.45,2.45,0.27,0.27,1,1
1,2026-08-03 07:00:49.613325,1785740449,8392,2.17037037037035,2.17037037037035,2.45,2.45,0.18,0.18,1,1
1,2026-08-03 07:00:50.620602,1785740450,8393,2.12499999999998,2.12499999999998,2.45,2.45,0.09,0.09,1,1
1,2026-08-03 07:00:51.623525,1785740451,8394,2.0909722222222,2.0909722222222,2.45,2.45,0.9,0.9,1,1
1,2026-08-03 07:00:52.629907,1785740452,8395,2.04560185185183,2.04560185185183,2.45,2.45,0.81,0.81,1,1
1,2026-08-03 07:00:53.631172,1785740453,8396,2.00023148148146,2.00023148148146,2.45,2.45,0.72,0.72,1,1
1,2026-08-03 07:00:54.652976,1785740454,8397,1.95486111111109,1.95486111111109,2.45,2.45,0.63,0.63,1,1
1,2026-08-03 07:00:55.961826,1785740455,8398,1.92083333333331,1.92083333333331,2.45,2.45,0.54,0.54,1,1
1,2026-08-03 07:00:57.038729,1785740457,8399,1.86412037037034,1.86412037037034,2.45,2.45,0.45,0.45,1,1
1,2026-08-03 07:00:58.094391,1785740458,8400,1.81874999999997,1.81874999999997,2.45,2.45,0.36,0.36,1,1
1,2026-08-03 07:00:59.102332,1785740459,8401,1.7733796296296,1.7733796296296,2.45,2.45,0.27,0.27,1,1
1,2026-08-03 07:01:00.145748,1785740460,8402,1.72800925925923,1.72800925925923,2.45,2.45,0.18,0.18,1,1
1,2026-08-03 07:01:01.154178,1785740461,8403,1.68263888888886,1.68263888888886,2.45,2.45,0.09,0.09,1,1
1,2026-08-03 07:01:02.165552,1785740462,8404,1.63726851851849,1.63726851851849,2.45,2.45,0.9,0.9,1,1
1,2026-08-03 07:01:03.169796,1785740463,8405,1.60324074074071,1.60324074074071,2.45,2.45,0.81,0.81,1,1
1,2026-08-03 07:01:04.184304,1785740464,8406,1.55787037037034,1.55787037037034,2.45,2.45,0.72,0.72,1,1
1,2026-08-03 07:01:05.209358,1785740465,8407,1.51249999999997,1.51249999999997,2.45,2.45,0.63,0.63,1,1
1,2026-08-03 07:01:06.220123,1785740466,8408,1.4671296296296,1.4671296296296,2.45,2.45,0.54,0.54,1,1
1,2026-08-03 07:01:07.243184,1785740467,8409,1.43310185185182,1.43310185185182,2.45,2.45,0.45,0.45,1,1
1,2026-08-03 07:01:08.247299,1785740468,8410,1.38773148148145,1.38773148148145,2.45,2.45,0.36,0.36,1,1
1,2026-08-03 07:01:09.260805,1785740469,8411,1.35370370370367,1.35370370370367,2.45,2.45,0.27,0.27,1,1
1,2026-08-03 07:01:10.265482,1785740470,8412,1.3083333333333,1.3083333333333,2.45,2.45,0.18,0.18,1,1
1,2026-08-03 07:01:11.267044,1785740471,8413,1.26296296296293,1.26296296296293,2.45,2.45,0.09,0.09,1,1
1,2026-08-03 07:01:12.804536,1785740472,8414,1.22893518518515,1.22893518518515,2.45,2.45,0.9,0.9,1,1
1,2026-08-03 07:01:13.806120,1785740473,8415,1.18356481481478,1.18356481481478,2.45,2.45,0.81,0.81,1,1
1,2026-08-03 07:01:14.808265,1785740474,8416,1.149537037037,1.149537037037,2.45,2.45,0.72,0.72,1,1
1,2026-08-03 07:01:15.810003,1785740475,8417,1.10416666666663,1.10416666666663,2.45,2.45,0.63,0.63,1,1
1,2026-08-03 07:01:16.812681,1785740476,8418,1.05879629629626,1.05879629629626,2.45,2.45,0.54,0.54,1,1
1,2026-08-03 07:01:17.848295,1785740477,8419,1.02476851851848,1.02476851851848,2.45,2.45,0.45,0.45,1,1
1,2026-08-03 07:01:18.863917,1785740478,8420,0.979398148148111,0.979398148148111,2.45,2.45,0.36,0.36,1,1
1,2026-08-03 07:01:19.865594,1785740479,8421,0.934027777777741,0.934027777777741,2.45,2.45,0.27,0.27,1,1
1,2026-08-03 07:01:20.978239,1785740480,8422,0.888657407407371,0.888657407407371,2.45,2.45,0.18,0.18,1,1
1,2026-08-03 07:01:22.057864,1785740482,8423,0.843287037037,0.843287037037,2.45,2.45,0.09,0.09,1,1
1,2026-08-03 07:01:23.144918,1785740483,8424,0.79791666666663,0.79791666666663,2.45,2.45,0.9,0.9,1,1
1,2026-08-03 07:01:24.148224,1785740484,8425,0.75254629629626,0.75254629629626,2.45,2.45,0.81,0.81,1,1
1,2026-08-03 07:01:25.153038,1785740485,8426,0.707175925925889,0.707175925925889,2.45,2.45,0.72,0.72,1,1
1,2026-08-03 07:01:26.158125,1785740486,8427,0.661805555555519,0.661805555555519,2.45,2.45,0.63,0.63,1,1
1,2026-08-03 07:01:27.170078,1785740487,8428,0.627777777777741,0.627777777777741,2.45,2.45,0.54,0.54,1,1
1,2026-08-03 07:01:28.184028,1785740488,8429,0.582407407407371,0.582407407407371,2.45,2.45,0.45,0.45,1,1
1,2026-08-03 07:01:29.189404,1785740489,8430,0.548379629629593,0.548379629629593,2.45,2.45,0.36,0.36,1,1
1,2026-08-03 07:01:30.212805,1785740490,8431,0.503009259259223,0.503009259259223,2.45,2.45,0.27,0.27,1,1
1,2026-08-03 07:01:31.232098,1785740491,8432,0.457638888888852,0.457638888888852,2.45,2.45,0.18,0.18,1,1
1,2026-08-03 07:01:32.246533,1785740492,8433,0.412268518518482,0.412268518518482,2.45,2.45,0.09,0.09,1,1
1,2026-08-03 07:01:33.253354,1785740493,8434,0.378240740740704,0.378240740740704,2.45,2.45,0.9,0.9,1,1
1,2026-08-03 07:01:34.254756,1785740494,8435,0.344212962962926,0.344212962962926,2.45,2.45,0.81,0.81,1,1
1,2026-08-03 07:01:35.261663,1785740495,8436,0.298842592592556,0.298842592592556,2.45,2.45,0.72,0.72,1,1
1,2026-08-03 07:01:36.266672,1785740496,8437,4.708,4.708,2.45,2.45,0.63,0.63,1,1
1,2026-08-03 07:01:37.269104,1785740497,8438,4.157,4.157,2.45,2.45,0.54,0.54,1,1
1,2026-08-03 07:01:38.271148,1785740498,8439,5.77731481481482,5.77731481481482,2.45,2.45,0.45,0.45,1,1
1,2026-08-03 07:01:39.273250,1785740499,8440,5.73194444444445,5.73194444444445,2.45,2.45,0.36,0.36,1,1
1,2026-08-03 07:01:40.282929,1785740500,8441,5.69791666666667,5.69791666666667,2.45,2.45,0.27,0.27,1,1
1,2026-08-03 07:01:41.287475,1785740501,8442,5.6525462962963,5.6525462962963,2.45,2.45,0.18,0.18,1,1
1,2026-08-03 07:01:42.289958,1785740502,8443,5.60717592592593,5.60717592592593,2.45,2.45,0.09,0.09,1,1
1,2026-08-03 07:01:43.291391,1785740503,8444,5.57314814814816,5.57314814814816,2.45,2.45,0.9,0.9,1,1
1,2026-08-03 07:01:44.293957,1785740504,8445,5.52777777777779,5.52777777777779,2.45,2.45,0.81,0.81,1,1
1,2026-08-03 07:01:45.835272,1785740505,8446,5.48240740740742,5.48240740740742,2.45,2.45,0.72,0.72,1,1
1,2026-08-03 07:01:46.838546,1785740506,8447,5.44837962962964,5.44837962962964,2.45,2.45,0.63,0.63,1,1
1,2026-08-03 07:01:47.849095,1785740507,8448,5.40300925925927,5.40300925925927,2.45,2.45,0.54,0.54,1,1
1,2026-08-03 07:01:48.858737,1785740508,8449,5.3689814814815,5.3689814814815,2.45,2.45,0.45,0.45,1,1
1,2026-08-03 07:01:49.864183,1785740509,8450,5.32361111111113,5.32361111111113,2.45,2.45,0.36,0.36,1,1
1,2026-08-03 07:01:50.900359,1785740510,8451,5.28958333333335,5.28958333333335,2.45,2.45,0.27,0.27,1,1
1,2026-08-03 07:01:51.902190,1785740511,8452,5.24421296296298,5.24421296296298,2.45,2.45,0.18,0.18,1,1
1,2026-08-03 07:01:52.903250,1785740512,8453,5.19884259259261,5.19884259259261,2.45,2.45,0.09,0.09,1,1
1,2026-08-03 07:01:53.908826,1785740513,8454,5.16481481481483,5.16481481481483,2.45,2.45,0.9,0.9,1,1
1,2026-08-03 07:01:54.922003,1785740514,8455,5.11944444444446,5.11944444444446,2.45,2.45,0.81,0.81,1,1
1,2026-08-03 07:01:55.924234,1785740515,8456,5.07407407407409,5.07407407407409,2.45,2.45,0.72,0.72,1,1
1,2026-08-03 07:01:56.925725,1785740516,8457,5.04004629629631,5.04004629629631,2.45,2.45,0.63,0.63,1,1
1,2026-08-03 07:01:57.931491,1785740517,8458,4.99467592592594,4.99467592592594,2.45,2.45,0.54,0.54,1,1
1,2026-08-03 07:01:58.933347,1785740518,8459,4.96064814814816,4.96064814814816,2.45,2.45,0.45,0.45,1,1
1,2026-08-03 07:01:59.946938,1785740519,8460,4.91527777777779,4.91527777777779,2.45,2.45,0.36,0.36,1,1
1,2026-08-03 07:02:00.951164,1785740520,8461,4.86990740740742,4.86990740740742,2.45,2.45,0.27,0.27,1,1
1,2026-08-03 07:02:01.960997,1785740521,8462,1.953,1.953,2.45,2.45,0.18,0.18,1,1
1,2026-08-03 07:02:02.967369,1785740522,8463,1.402,1.402,2.45,2.45,0.09,0.09,1,1
1,2026-08-03 07:02:03.980670,1785740523,8464,4.7451388888889,4.7451388888889,2.45,2.45,0.9,0.9,1,1
1,2026-08-03 07:02:05.003072,1785740525,8465,4.69976851851853,4.69976851851853,2.45,2.45,0.81,0.81,1,1
1,2026-08-03 07:02:06.037913,1785740526,8466,4.65439814814816,4.65439814814816,2.45,2.45,0.72,0.72,1,1
1,2026-08-03 07:02:07.050832,1785740527,8467,4.708,4.708,2.45,2.45,0.63,0.63,1,1
1,2026-08-03 07:02:08.072173,1785740528,8468,4.157,4.157,2.45,2.45,0.54,0.54,1,1
1,2026-08-03 07:02:09.075667,1785740529,8469,4.52962962962964,4.52962962962964,2.45,2.45,0.45,0.45,1,1
1,2026-08-03 07:02:10.082206,1785740530,8470,4.48425925925927,4.48425925925927,2.45,2.45,0.36,0.36,1,1
1,2026-08-03 07:02:11.104086,1785740531,8471,2.504,2.504,2.45,2.45,0.27,0.27,1,1
1,2026-08-03 07:02:12.106031,1785740532,8472,1.953,1.953,2.45,2.45,0.18,0.18,1,1
1,2026-08-03 07:02:13.116629,1785740533,8473,1.402,1.402,2.45,2.45,0.09,0.09,1,1
1,2026-08-03 07:02:14.185858,1785740534,8474,0.851,0.851,2.45,2.45,0.9,0.9,1,1
1,2026-08-03 07:02:15.330226,1785740535,8475,5.81,5.81,2.45,2.45,0.81,0.81,1,1
1,2026-08-03 07:02:16.331167,1785740536,8476,5.259,5.259,2.45,2.45,0.72,0.72,1,1
1,2026-08-03 07:02:17.354368,1785740537,8477,4.17800925925926,4.17800925925926,2.45,2.45,0.63,0.63,1,1
1,2026-08-03 07:02:18.876196,1785740538,8478,4.157,4.157,2.45,2.45,0.54,0.54,1,1
1,2026-08-03 07:02:19.882842,1785740539,8479,3.606,3.606,2.45,2.45,0.45,0.45,1,1
1,2026-08-03 07:02:20.886586,1785740540,8480,3.055,3.055,2.45,2.45,0.36,0.36,1,1
1,2026-08-03 07:02:21.897483,1785740541,8481,2.504,2.504,2.45,2.45,0.27,0.27,1,1
1,2026-08-03 07:02:22.920453,1785740542,8482,1.953,1.953,2.45,2.45,0.18,0.18,1,1
1,2026-08-03 07:02:23.923128,1785740543,8483,1.402,1.402,2.45,2.45,0.09,0.09,1,1
1,2026-08-03 07:02:24.961528,1785740544,8484,0.851,0.851,2.45,2.45,0.9,0.9,1,1
1,2026-08-03 07:02:25.985086,1785740545,8485,5.81,5.81,2.45,2.45,0.81,0.81,1,1
1,2026-08-03 07:02:26.986842,1785740546,8486,5.259,5.259,2.45,2.45,0.72,0.72,1,1
1,2026-08-03 07:02:27.990499,1785740547,8487,4.708,4.708,2.45,2.45,0.63,0.63,1,1
1,2026-08-03 07:02:28.992738,1785740548,8488,4.157,4.157,2.45,2.45,0.54,0.54,1,1
1,2026-08-03 07:02:29.994846,1785740549,8489,3.606,3.606,2.45,2.45,0.45,0.45,1,1
1,2026-08-03 07:02:30.996485,1785740550,8490,3.055,3.055,2.45,2.45,0.36,0.36,1,1
1,2026-08-03 07:02:32.005967,1785740552,8491,3.59953703703703,3.59953703703703,2.45,2.45,0.27,0.27,1,1
1,2026-08-03 07:02:33.016497,1785740553,8492,3.55416666666666,3.55416666666666,2.45,2.45,0.18,0.18,1,1
1,2026-08-03 07:02:34.069088,1785740554,8493,1.402,1.402,2.45,2.45,0.09,0.09,1,1
1,2026-08-03 07:02:35.080029,1785740555,8494,0.851,0.851,2.45,2.45,0.9,0.9,1,1
1,2026-08-03 07:02:36.081855,1785740556,8495,5.81,5.81,2.45,2.45,0.81,0.81,1,1
1,2026-08-03 07:02:37.114344,1785740557,8496,5.259,5.259,2.45,2.45,0.72,0.72,1,1
1,2026-08-03 07:02:38.116422,1785740558,8497,4.708,4.708,2.45,2.45,0.63,0.63,1,1
1,2026-08-03 07:02:39.140743,1785740559,8498,3.31597222222221,3.31597222222221,2.45,2.45,0.54,0.54,1,1
1,2026-08-03 07:02:40.142616,1785740560,8499,3.606,3.606,2.45,2.45,0.45,0.45,1,1
1,2026-08-03 07:02:41.182330,1785740561,8500,3.055,3.055,2.45,2.45,0.36,0.36,1,1
1,2026-08-03 07:02:42.241307,1785740562,8501,3.1798611111111,3.1798611111111,2.45,2.45,0.27,0.27,1,1
1,2026-08-03 07:02:43.243466,1785740563,8502,1.953,1.953,2.45,2.45,0.18,0.18,1,1
1,2026-08-03 07:02:44.279306,1785740564,8503,3.10046296296295,3.10046296296295,2.45,2.45,0.09,0.09,1,1
1,2026-08-03 07:02:45.281313,1785740565,8504,3.05509259259258,3.05509259259258,2.45,2.45,0.9,0.9,1,1
1,2026-08-03 07:02:46.310234,1785740566,8505,3.00972222222221,3.00972222222221,2.45,2.45,0.81,0.81,1,1
1,2026-08-03 07:02:47.354383,1785740567,8506,2.96435185185184,2.96435185185184,2.45,2.45,0.72,0.72,1,1
1,2026-08-03 07:02:48.364951,1785740568,8507,4.708,4.708,2.45,2.45,0.63,0.63,1,1
1,2026-08-03 07:02:49.405230,1785740569,8508,2.88495370370369,2.88495370370369,2.45,2.45,0.54,0.54,1,1
1,2026-08-03 07:02:50.406439,1785740570,8509,3.606,3.606,2.45,2.45,0.45,0.45,1,1
1,2026-08-03 07:02:51.957083,1785740571,8510,3.055,3.055,2.45,2.45,0.36,0.36,1,1
1,2026-08-03 07:02:52.993517,1785740572,8511,2.504,2.504,2.45,2.45,0.27,0.27,1,1
1,2026-08-03 07:02:53.995733,1785740573,8512,1.953,1.953,2.45,2.45,0.18,0.18,1,1
1,2026-08-03 07:02:55.013351,1785740575,8513,2.68078703703702,2.68078703703702,2.45,2.45,0.09,0.09,1,1
1,2026-08-03 07:02:56.040000,1785740576,8514,0.851,0.851,2.45,2.45,0.9,0.9,1,1
1,2026-08-03 07:02:57.046263,1785740577,8515,5.81,5.81,2.45,2.45,0.81,0.81,1,1
1,2026-08-03 07:02:58.052156,1785740578,8516,2.5560185185185,2.5560185185185,2.45,2.45,0.72,0.72,1,1
1,2026-08-03 07:02:59.082137,1785740579,8517,2.51064814814813,2.51064814814813,2.45,2.45,0.63,0.63,1,1
1,2026-08-03 07:03:00.090477,1785740580,8518,2.46527777777776,2.46527777777776,2.45,2.45,0.54,0.54,1,1
1,2026-08-03 07:03:01.114485,1785740581,8519,3.606,3.606,2.45,2.45,0.45,0.45,1,1
1,2026-08-03 07:03:02.136008,1785740582,8520,3.055,3.055,2.45,2.45,0.36,0.36,1,1
1,2026-08-03 07:03:03.179986,1785740583,8521,2.34050925925924,2.34050925925924,2.45,2.45,0.27,0.27,1,1
1,2026-08-03 07:03:04.181416,1785740584,8522,1.953,1.953,2.45,2.45,0.18,0.18,1,1
1,2026-08-03 07:03:05.187542,1785740585,8523,2.2497685185185,2.2497685185185,2.45,2.45,0.09,0.09,1,1
1,2026-08-03 07:03:06.193773,1785740586,8524,2.20439814814813,2.20439814814813,2.45,2.45,0.9,0.9,1,1
1,2026-08-03 07:03:07.245981,1785740587,8525,5.81,5.81,2.45,2.45,0.81,0.81,1,1
1,2026-08-03 07:03:08.261240,1785740588,8526,5.259,5.259,2.45,2.45,0.72,0.72,1,1
1,2026-08-03 07:03:09.283477,1785740589,8527,4.708,4.708,2.45,2.45,0.63,0.63,1,1
1,2026-08-03 07:03:10.305544,1785740590,8528,4.157,4.157,2.45,2.45,0.54,0.54,1,1
1,2026-08-03 07:03:11.308165,1785740591,8529,3.606,3.606,2.45,2.45,0.54,0.54,1,1
1,2026-08-03 07:03:12.313368,1785740592,8530,1.95486111111109,1.95486111111109,2.45,2.45,0.45,0.45,1,1
1,2026-08-03 07:03:13.328275,1785740593,8531,1.92083333333331,1.92083333333331,2.45,2.45,0.36,0.36,1,1
1,2026-08-03 07:03:14.338186,1785740594,8532,1.88680555555553,1.88680555555553,2.45,2.45,0.27,0.27,1,1
1,2026-08-03 07:03:15.339629,1785740595,8533,1.84143518518516,1.84143518518516,2.45,2.45,0.18,0.18,1,1
1,2026-08-03 07:03:16.340510,1785740596,8534,1.79606481481479,1.79606481481479,2.45,2.45,0.09,0.09,1,1
1,2026-08-03 07:03:17.347847,1785740597,8535,1.76203703703701,1.76203703703701,2.45,2.45,0.9,0.9,1,1
1,2026-08-03 07:03:18.348701,1785740598,8536,1.71666666666664,1.71666666666664,2.45,2.45,0.81,0.81,1,1
1,2026-08-03 07:03:19.357726,1785740599,8537,1.68263888888886,1.68263888888886,2.45,2.45,0.72,0.72,1,1
1,2026-08-03 07:03:20.364810,1785740600,8538,1.63726851851849,1.63726851851849,2.45,2.45,0.63,0.63,1,1
1,2026-08-03 07:03:21.396223,1785740601,8539,1.60324074074071,1.60324074074071,2.45,2.45,0.54,0.54,1,1
1,2026-08-03 07:03:22.419606,1785740602,8540,1.55787037037034,1.55787037037034,2.45,2.45,0.45,0.45,1,1
1,2026-08-03 07:03:23.428495,1785740603,8541,1.51249999999997,1.51249999999997,2.45,2.45,0.36,0.36,1,1
1,2026-08-03 07:03:24.952116,1785740604,8542,1.47847222222219,1.47847222222219,2.45,2.45,0.27,0.27,1,1
1,2026-08-03 07:03:25.954399,1785740605,8543,1.43310185185182,1.43310185185182,2.45,2.45,0.18,0.18,1,1
1,2026-08-03 07:03:26.966930,1785740606,8544,1.38773148148145,1.38773148148145,2.45,2.45,0.09,0.09,1,1
1,2026-08-03 07:03:27.969259,1785740607,8545,1.35370370370367,1.35370370370367,2.45,2.45,0.9,0.9,1,1
1,2026-08-03 07:03:28.984773,1785740608,8546,1.3083333333333,1.3083333333333,2.45,2.45,0.81,0.81,1,1
1,2026-08-03 07:03:30.000031,1785740610,8547,1.26296296296293,1.26296296296293,2.45,2.45,0.72,0.72,1,1
1,2026-08-03 07:03:31.011333,1785740611,8548,1.21759259259256,1.21759259259256,2.45,2.45,0.63,0.63,1,1
1,2026-08-03 07:03:32.028215,1785740612,8549,1.18356481481478,1.18356481481478,2.45,2.45,0.54,0.54,1,1
1,2026-08-03 07:03:33.030314,1785740613,8550,1.13819444444441,1.13819444444441,2.45,2.45,0.45,0.45,1,1
1,2026-08-03 07:03:34.032576,1785740614,8551,1.09282407407404,1.09282407407404,2.45,2.45,0.36,0.36,1,1
1,2026-08-03 07:03:35.035872,1785740615,8552,1.04745370370367,1.04745370370367,2.45,2.45,0.27,0.27,1,1
1,2026-08-03 07:03:36.038632,1785740616,8553,1.0020833333333,1.0020833333333,2.45,2.45,0.18,0.18,1,1
1,2026-08-03 07:03:37.041741,1785740617,8554,0.968055555555519,0.968055555555519,2.45,2.45,0.09,0.09,1,1
1,2026-08-03 07:03:38.045353,1785740618,8555,0.922685185185148,0.922685185185148,2.45,2.45,0.9,0.9,1,1
1,2026-08-03 07:03:39.052595,1785740619,8556,0.877314814814778,0.877314814814778,2.45,2.45,0.81,0.81,1,1
1,2026-08-03 07:03:40.055336,1785740620,8557,0.843287037037,0.843287037037,2.45,2.45,0.72,0.72,1,1
1,2026-08-03 07:03:41.067744,1785740621,8558,0.79791666666663,0.79791666666663,2.45,2.45,0.63,0.63,1,1
1,2026-08-03 07:03:42.073721,1785740622,8559,0.75254629629626,0.75254629629626,2.45,2.45,0.54,0.54,1,1
1,2026-08-03 07:03:43.079083,1785740623,8560,0.707175925925889,0.707175925925889,2.45,2.45,0.45,0.45,1,1
1,2026-08-03 07:03:44.081053,1785740624,8561,0.673148148148111,0.673148148148111,2.45,2.45,0.36,0.36,1,1
1,2026-08-03 07:03:45.087487,1785740625,8562,0.627777777777741,0.627777777777741,2.45,2.45,0.27,0.27,1,1
1,2026-08-03 07:03:46.091891,1785740626,8563,0.582407407407371,0.582407407407371,2.45,2.45,0.18,0.18,1,1
1,2026-08-03 07:03:47.094258,1785740627,8564,0.548379629629593,0.548379629629593,2.45,2.45,0.09,0.09,1,1
1,2026-08-03 07:03:48.096798,1785740628,8565,0.503009259259223,0.503009259259223,2.45,2.45,0.9,0.9,1,1
1,2026-08-03 07:03:49.109791,1785740629,8566,0.468981481481445,0.468981481481445,2.45,2.45,0.81,0.81,1,1
1,2026-08-03 07:03:50.122092,1785740630,8567,0.423611111111074,0.423611111111074,2.45,2.45,0.72,0.72,1,1
1,2026-08-03 07:03:51.124794,1785740631,8568,0.378240740740704,0.378240740740704,2.45,2.45,0.63,0.63,1,1
1,2026-08-03 07:03:52.127147,1785740632,8569,0.344212962962926,0.344212962962926,2.45,2.45,0.54,0.54,1,1
1,2026-08-03 07:03:53.133721,1785740633,8570,0.298842592592556,0.298842592592556,2.45,2.45,0.45,0.45,1,1
1,2026-08-03 07:03:54.141573,1785740634,8571,3.055,3.055,2.45,2.45,0.36,0.36,1,1
1,2026-08-03 07:03:55.145962,1785740635,8572,2.504,2.504,2.45,2.45,0.27,0.27,1,1
1,2026-08-03 07:03:56.147234,1785740636,8573,5.77731481481482,5.77731481481482,2.45,2.45,0.18,0.18,1,1
1,2026-08-03 07:03:57.149892,1785740637,8574,5.73194444444445,5.73194444444445,2.45,2.45,0.09,0.09,1,1
1,2026-08-03 07:03:58.674251,1785740638,8575,0.851,0.851,2.45,2.45,0.9,0.9,1,1
1,2026-08-03 07:03:59.676488,1785740639,8576,5.81,5.81,2.45,2.45,0.81,0.81,1,1
1,2026-08-03 07:04:00.678738,1785740640,8577,5.259,5.259,2.45,2.45,0.72,0.72,1,1
1,2026-08-03 07:04:01.689361,1785740641,8578,5.56180555555556,5.56180555555556,2.45,2.45,0.63,0.63,1,1
1,2026-08-03 07:04:02.699721,1785740642,8579,4.157,4.157,2.45,2.45,0.54,0.54,1,1
1,2026-08-03 07:04:03.702084,1785740643,8580,3.606,3.606,2.45,2.45,0.45,0.45,1,1
1,2026-08-03 07:04:04.723693,1785740644,8581,3.055,3.055,2.45,2.45,0.36,0.36,1,1
1,2026-08-03 07:04:05.746140,1785740645,8582,5.40300925925927,5.40300925925927,2.45,2.45,0.27,0.27,1,1
1,2026-08-03 07:04:06.794564,1785740646,8583,1.953,1.953,2.45,2.45,0.18,0.18,1,1
1,2026-08-03 07:04:07.800121,1785740647,8584,5.31226851851854,5.31226851851854,2.45,2.45,0.09,0.09,1,1
1,2026-08-03 07:04:08.823387,1785740648,8585,5.26689814814817,5.26689814814817,2.45,2.45,0.9,0.9,1,1
1,2026-08-03 07:04:09.845569,1785740649,8586,5.81,5.81,2.45,2.45,0.81,0.81,1,1
1,2026-08-03 07:04:10.868945,1785740650,8587,5.17615740740742,5.17615740740742,2.45,2.45,0.72,0.72,1,1
1,2026-08-03 07:04:11.870997,1785740651,8588,5.14212962962965,5.14212962962965,2.45,2.45,0.63,0.63,1,1
1,2026-08-03 07:04:12.888543,1785740652,8589,5.09675925925927,5.09675925925927,2.45,2.45,0.54,0.54,1,1
1,2026-08-03 07:04:13.909336,1785740653,8590,3.606,3.606,2.45,2.45,0.45,0.45,1,1
1,2026-08-03 07:04:14.919883,1785740654,8591,5.01736111111112,5.01736111111112,2.45,2.45,0.36,0.36,1,1
1,2026-08-03 07:04:15.940375,1785740655,8592,4.97199074074075,4.97199074074075,2.45,2.45,0.27,0.27,1,1
1,2026-08-03 07:04:16.962025,1785740656,8593,1.953,1.953,2.45,2.45,0.18,0.18,1,1
1,2026-08-03 07:04:17.981790,1785740657,8594,4.8925925925926,4.8925925925926,2.45,2.45,0.09,0.09,1,1
1,2026-08-03 07:04:18.995467,1785740658,8595,4.84722222222223,4.84722222222223,2.45,2.45,0.9,0.9,1,1
1,2026-08-03 07:04:20.046563,1785740660,8596,4.80185185185186,4.80185185185186,2.45,2.45,0.81,0.81,1,1
1,2026-08-03 07:04:21.057803,1785740661,8597,5.259,5.259,2.45,2.45,0.72,0.72,1,1
1,2026-08-03 07:04:22.059572,1785740662,8598,4.708,4.708,2.45,2.45,0.63,0.63,1,1
1,2026-08-03 07:04:23.107797,1785740663,8599,4.66574074074075,4.66574074074075,2.45,2.45,0.54,0.54,1,1
1,2026-08-03 07:04:24.112030,1785740664,8600,3.606,3.606,2.45,2.45,0.45,0.45,1,1
1,2026-08-03 07:04:25.150910,1785740665,8601,3.055,3.055,2.45,2.45,0.36,0.36,1,1
1,2026-08-03 07:04:26.154206,1785740666,8602,2.504,2.504,2.45,2.45,0.27,0.27,1,1
1,2026-08-03 07:04:27.155820,1785740667,8603,1.953,1.953,2.45,2.45,0.18,0.18,1,1
1,2026-08-03 07:04:28.178214,1785740668,8604,1.402,1.402,2.45,2.45,0.09,0.09,1,1
1,2026-08-03 07:04:29.189730,1785740669,8605,4.41620370370371,4.41620370370371,2.45,2.45,0.9,0.9,1,1
1,2026-08-03 07:04:30.215127,1785740670,8606,5.81,5.81,2.45,2.45,0.81,0.81,1,1
1,2026-08-03 07:04:31.745104,1785740671,8607,4.32546296296297,4.32546296296297,2.45,2.45,0.72,0.72,1,1
1,2026-08-03 07:04:32.755498,1785740672,8608,4.708,4.708,2.45,2.45,0.63,0.63,1,1
1,2026-08-03 07:04:33.759800,1785740673,8609,4.24606481481482,4.24606481481482,2.45,2.45,0.54,0.54,1,1
1,2026-08-03 07:04:34.781436,1785740674,8610,3.606,3.606,2.45,2.45,0.45,0.45,1,1
1,2026-08-03 07:04:35.813158,1785740675,8611,4.16666666666667,4.16666666666667,2.45,2.45,0.36,0.36,1,1
1,2026-08-03 07:04:36.819932,1785740676,8612,2.504,2.504,2.45,2.45,0.27,0.27,1,1
1,2026-08-03 07:04:37.840585,1785740677,8613,4.07592592592593,4.07592592592593,2.45,2.45,0.18,0.18,1,1
1,2026-08-03 07:04:38.842385,1785740678,8614,4.03055555555556,4.03055555555556,2.45,2.45,0.09,0.09,1,1
1,2026-08-03 07:04:39.869789,1785740679,8615,3.99652777777778,3.99652777777778,2.45,2.45,0.9,0.9,1,1
1,2026-08-03 07:04:40.897452,1785740680,8616,5.81,5.81,2.45,2.45,0.81,0.81,1,1
1,2026-08-03 07:04:41.899526,1785740681,8617,5.259,5.259,2.45,2.45,0.72,0.72,1,1
1,2026-08-03 07:04:42.922645,1785740682,8618,4.708,4.708,2.45,2.45,0.63,0.63,1,1
1,2026-08-03 07:04:43.933437,1785740683,8619,4.157,4.157,2.45,2.45,0.54,0.54,1,1
1,2026-08-03 07:04:44.955441,1785740684,8620,3.606,3.606,2.45,2.45,0.45,0.45,1,1
1,2026-08-03 07:04:45.965871,1785740685,8621,3.055,3.055,2.45,2.45,0.36,0.36,1,1
1,2026-08-03 07:04:46.971483,1785740686,8622,2.504,2.504,2.45,2.45,0.27,0.27,1,1
1,2026-08-03 07:04:47.976514,1785740687,8623,1.953,1.953,2.45,2.45,0.27,0.27,1,1
1,2026-08-03 07:04:49.023937,1785740689,8624,3.62222222222222,3.62222222222222,2.45,2.45,0.09,0.09,1,1
1,2026-08-03 07:04:50.029301,1785740690,8625,0.851,0.851,2.45,2.45,0.9,0.9,1,1
1,2026-08-03 07:04:51.048967,1785740691,8626,3.53148148148148,3.53148148148148,2.45,2.45,0.81,0.81,1,1
1,2026-08-03 07:04:52.069827,1785740692,8627,5.259,5.259,2.45,2.45,0.72,0.72,1,1
1,2026-08-03 07:04:53.092486,1785740693,8628,4.708,4.708,2.45,2.45,0.63,0.63,1,1
1,2026-08-03 07:04:54.094369,1785740694,8629,4.157,4.157,2.45,2.45,0.63,0.63,1,1
1,2026-08-03 07:04:55.117547,1785740695,8630,3.606,3.606,2.45,2.45,0.54,0.54,1,1
1,2026-08-03 07:04:56.150911,1785740696,8631,3.32731481481481,3.32731481481481,2.45,2.45,0.36,0.36,1,1
1,2026-08-03 07:04:57.156747,1785740697,8632,3.28194444444444,3.28194444444444,2.45,2.45,0.36,0.36,1,1
1,2026-08-03 07:04:58.167112,1785740698,8633,3.23657407407407,3.23657407407407,2.45,2.45,0.27,0.27,1,1
1,2026-08-03 07:04:59.173805,1785740699,8634,3.19120370370369,3.19120370370369,2.45,2.45,0.18,0.18,1,1
1,2026-08-03 07:05:00.176597,1785740700,8635,3.15717592592592,3.15717592592592,2.45,2.45,0.09,0.09,1,1
1,2026-08-03 07:05:01.178843,1785740701,8636,3.11180555555555,3.11180555555555,2.45,2.45,0.9,0.9,1,1
1,2026-08-03 07:05:02.182351,1785740702,8637,3.06643518518517,3.06643518518517,2.45,2.45,0.81,0.81,1,1
1,2026-08-03 07:05:03.183873,1785740703,8638,3.0324074074074,3.0324074074074,2.45,2.45,0.72,0.72,1,1
1,2026-08-03 07:05:04.704889,1785740704,8639,2.98703703703702,2.98703703703702,2.45,2.45,0.63,0.63,1,1
1,2026-08-03 07:05:05.705999,1785740705,8640,2.95300925925925,2.95300925925925,2.45,2.45,0.54,0.54,1,1
1,2026-08-03 07:05:06.707008,1785740706,8641,2.90763888888888,2.90763888888888,2.45,2.45,0.45,0.45,1,1
1,2026-08-03 07:05:07.708046,1785740707,8642,2.8622685185185,2.8622685185185,2.45,2.45,0.36,0.36,1,1
1,2026-08-03 07:05:08.710384,1785740708,8643,2.82824074074073,2.82824074074073,2.45,2.45,0.27,0.27,1,1
1,2026-08-03 07:05:09.712470,1785740709,8644,2.78287037037036,2.78287037037036,2.45,2.45,0.18,0.18,1,1
1,2026-08-03 07:05:10.715228,1785740710,8645,2.73749999999998,2.73749999999998,2.45,2.45,0.09,0.09,1,1
1,2026-08-03 07:05:11.745480,1785740711,8646,2.69212962962961,2.69212962962961,2.45,2.45,0.9,0.9,1,1
1,2026-08-03 07:05:12.752766,1785740712,8647,2.65810185185184,2.65810185185184,2.45,2.45,0.81,0.81,1,1
1,2026-08-03 07:05:13.759350,1785740713,8648,2.61273148148146,2.61273148148146,2.45,2.45,0.72,0.72,1,1
1,2026-08-03 07:05:14.791567,1785740714,8649,2.56736111111109,2.56736111111109,2.45,2.45,0.63,0.63,1,1
1,2026-08-03 07:05:15.804007,1785740715,8650,2.52199074074072,2.52199074074072,2.45,2.45,0.54,0.54,1,1
1,2026-08-03 07:05:16.861534,1785740716,8651,2.48796296296294,2.48796296296294,2.45,2.45,0.45,0.45,1,1
1,2026-08-03 07:05:17.884903,1785740717,8652,2.44259259259257,2.44259259259257,2.45,2.45,0.36,0.36,1,1
1,2026-08-03 07:05:18.902953,1785740718,8653,2.3972222222222,2.3972222222222,2.45,2.45,0.27,0.27,1,1
1,2026-08-03 07:05:19.920389,1785740719,8654,2.35185185185183,2.35185185185183,2.45,2.45,0.18,0.18,1,1
1,2026-08-03 07:05:20.935482,1785740720,8655,2.30648148148146,2.30648148148146,2.45,2.45,0.09,0.09,1,1
1,2026-08-03 07:05:21.954714,1785740721,8656,2.27245370370368,2.27245370370368,2.45,2.45,0.9,0.9,1,1
1,2026-08-03 07:05:22.962576,1785740722,8657,2.22708333333331,2.22708333333331,2.45,2.45,0.81,0.81,1,1
1,2026-08-03 07:05:23.965812,1785740723,8658,2.18171296296294,2.18171296296294,2.45,2.45,0.72,0.72,1,1
1,2026-08-03 07:05:24.974734,1785740724,8659,2.13634259259257,2.13634259259257,2.45,2.45,0.63,0.63,1,1
1,2026-08-03 07:05:25.981738,1785740725,8660,2.10231481481479,2.10231481481479,2.45,2.45,0.54,0.54,1,1
1,2026-08-03 07:05:26.992555,1785740726,8661,2.05694444444442,2.05694444444442,2.45,2.45,0.45,0.45,1,1
1,2026-08-03 07:05:27.997131,1785740727,8662,2.01157407407405,2.01157407407405,2.45,2.45,0.36,0.36,1,1
1,2026-08-03 07:05:29.014860,1785740729,8663,1.96620370370368,1.96620370370368,2.45,2.45,0.27,0.27,1,1
1,2026-08-03 07:05:30.016177,1785740730,8664,1.9321759259259,1.9321759259259,2.45,2.45,0.18,0.18,1,1
1,2026-08-03 07:05:31.018660,1785740731,8665,1.88680555555553,1.88680555555553,2.45,2.45,0.09,0.09,1,1
1,2026-08-03 07:05:32.034595,1785740732,8666,1.84143518518516,1.84143518518516,2.45,2.45,0.9,0.9,1,1
1,2026-08-03 07:05:33.044704,1785740733,8667,1.79606481481479,1.79606481481479,2.45,2.45,0.81,0.81,1,1
1,2026-08-03 07:05:34.054954,1785740734,8668,1.75069444444442,1.75069444444442,2.45,2.45,0.72,0.72,1,1
1,2026-08-03 07:05:35.059378,1785740735,8669,1.71666666666664,1.71666666666664,2.45,2.45,0.63,0.63,1,1
1,2026-08-03 07:05:36.108326,1785740736,8670,1.67129629629627,1.67129629629627,2.45,2.45,0.54,0.54,1,1
1,2026-08-03 07:05:37.637592,1785740737,8671,1.6259259259259,1.6259259259259,2.45,2.45,0.45,0.45,1,1
1,2026-08-03 07:05:38.664866,1785740738,8672,1.58055555555553,1.58055555555553,2.45,2.45,0.36,0.36,1,1
1,2026-08-03 07:05:39.704267,1785740739,8673,1.54652777777775,1.54652777777775,2.45,2.45,0.27,0.27,1,1
1,2026-08-03 07:05:40.707792,1785740740,8674,1.50115740740738,1.50115740740738,2.45,2.45,0.18,0.18,1,1
1,2026-08-03 07:05:41.711558,1785740741,8675,1.45578703703701,1.45578703703701,2.45,2.45,0.09,0.09,1,1
1,2026-08-03 07:05:42.718605,1785740742,8676,1.41041666666663,1.41041666666663,2.45,2.45,0.9,0.9,1,1
1,2026-08-03 07:05:43.720425,1785740743,8677,1.37638888888886,1.37638888888886,2.45,2.45,0.81,0.81,1,1
1,2026-08-03 07:05:44.726105,1785740744,8678,1.33101851851849,1.33101851851849,2.45,2.45,0.72,0.72,1,1
1,2026-08-03 07:05:45.727115,1785740745,8679,1.28564814814812,1.28564814814812,2.45,2.45,0.63,0.63,1,1
1,2026-08-03 07:05:46.802036,1785740746,8680,1.24027777777774,1.24027777777774,2.45,2.45,0.54,0.54,1,1
1,2026-08-03 07:05:47.805349,1785740747,8681,1.19490740740737,1.19490740740737,2.45,2.45,0.45,0.45,1,1
1,2026-08-03 07:05:48.811425,1785740748,8682,1.16087962962959,1.16087962962959,2.45,2.45,0.36,0.36,1,1
1,2026-08-03 07:05:49.832466,1785740749,8683,1.11550925925922,1.11550925925922,2.45,2.45,0.27,0.27,1,1
1,2026-08-03 07:05:50.834092,1785740750,8684,1.07013888888885,1.07013888888885,2.45,2.45,0.18,0.18,1,1
1,2026-08-03 07:05:51.848357,1785740751,8685,1.02476851851848,1.02476851851848,2.45,2.45,0.09,0.09,1,1
1,2026-08-03 07:05:52.849705,1785740752,8686,0.990740740740704,0.990740740740704,2.45,2.45,0.9,0.9,1,1
1,2026-08-03 07:05:53.853220,1785740753,8687,0.945370370370334,0.945370370370334,2.45,2.45,0.81,0.81,1,1
1,2026-08-03 07:05:54.854231,1785740754,8688,0.899999999999963,0.899999999999963,2.45,2.45,0.72,0.72,1,1
1,2026-08-03 07:05:55.861177,1785740755,8689,0.865972222222185,0.865972222222185,2.45,2.45,0.63,0.63,1,1
1,2026-08-03 07:05:57.244406,1785740757,8690,0.820601851851815,0.820601851851815,2.45,2.45,0.63,0.63,1,1
1,2026-08-03 07:05:58.246774,1785740758,8691,0.775231481481445,0.775231481481445,2.45,2.45,0.63,0.63,1,1
1,2026-08-03 07:05:59.261389,1785740759,8692,0.741203703703667,0.741203703703667,2.45,2.45,0.63,0.63,1,1
1,2026-08-03 07:06:00.264367,1785740760,8693,0.695833333333297,0.695833333333297,2.45,2.45,0.63,0.63,1,1
1,2026-08-03 07:06:01.267568,1785740761,8694,0.650462962962926,0.650462962962926,2.45,2.45,0.63,0.63,1,1
1,2026-08-03 07:06:02.274597,1785740762,8695,0.616435185185149,0.616435185185149,2.45,2.45,0.63,0.63,1,1
1,2026-08-03 07:06:03.277291,1785740763,8696,0.571064814814778,0.571064814814778,2.45,2.45,0.63,0.63,1,1
1,2026-08-03 07:06:04.290230,1785740764,8697,0.525694444444408,0.525694444444408,2.45,2.45,0.63,0.63,1,1
1,2026-08-03 07:06:05.399241,1785740765,8698,0.480324074074037,0.480324074074037,2.45,2.45,0.63,0.63,1,1
1,2026-08-03 07:06:06.401059,1785740766,8699,0.434953703703667,0.434953703703667,2.45,2.45,0.63,0.63,1,1
1,2026-08-03 07:06:07.423412,1785740767,8700,0.400925925925889,0.400925925925889,2.45,2.45,0.63,0.63,1,1
1,2026-08-03 07:06:08.433982,1785740768,8701,0.355555555555519,0.355555555555519,2.45,2.45,0.63,0.63,1,1
1,2026-08-03 07:06:09.958455,1785740769,8702,0.310185185185149,0.310185185185149,2.45,2.45,0.63,0.63,1,1
1,2026-08-03 07:06:10.974322,1785740770,8703,0.298842592592556,0.298842592592556,2.45,2.45,0.63,0.63,1,1
1,2026-08-03 07:06:11.977073,1785740771,8704,0.298842592592556,0.298842592592556,2.45,2.45,0.63,0.63,1,1
1,2026-08-03 07:06:12.978498,1785740772,8705,5.78865740740741,5.78865740740741,2.45,2.45,0.63,0.63,1,1
1,2026-08-03 07:06:13.981976,1785740773,8706,5.75462962962963,5.75462962962963,2.45,2.45,0.63,0.63,1,1
1,2026-08-03 07:06:14.992357,1785740774,8707,5.70925925925926,5.70925925925926,2.45,2.45,0.63,0.63,1,1
1,2026-08-03 07:06:15.994255,1785740775,8708,5.66388888888889,5.66388888888889,2.45,2.45,0.63,0.63,1,1
1,2026-08-03 07:06:17.004242,1785740777,8709,5.61851851851852,5.61851851851852,2.45,2.45,0.63,0.63,1,1
1,2026-08-03 07:06:18.031561,1785740778,8710,5.58449074074075,5.58449074074075,2.45,2.45,0.63,0.63,1,1
1,2026-08-03 07:06:19.039499,1785740779,8711,5.53912037037038,5.53912037037038,2.45,2.45,0.63,0.63,1,1
1,2026-08-03 07:06:20.045134,1785740780,8712,5.49375000000001,5.49375000000001,2.45,2.45,0.63,0.63,1,1
1,2026-08-03 07:06:21.046335,1785740781,8713,5.44837962962964,5.44837962962964,2.45,2.45,0.63,0.63,1,1
1,2026-08-03 07:06:22.124241,1785740782,8714,5.40300925925927,5.40300925925927,2.45,2.45,0.63,0.63,1,1
1,2026-08-03 07:06:23.125879,1785740783,8715,5.35763888888891,5.35763888888891,2.45,2.45,0.63,0.63,1,1
1,2026-08-03 07:06:24.134072,1785740784,8716,5.32361111111113,5.32361111111113,2.45,2.45,0.63,0.63,1,1
1,2026-08-03 07:06:25.135500,1785740785,8717,5.27824074074076,5.27824074074076,2.45,2.45,0.63,0.63,1,1
1,2026-08-03 07:06:26.142065,1785740786,8718,5.23287037037039,5.23287037037039,2.45,2.45,0.63,0.63,1,1
1,2026-08-03 07:06:27.159148,1785740787,8719,5.18750000000002,5.18750000000002,2.45,2.45,0.63,0.63,1,1
1,2026-08-03 07:06:28.167142,1785740788,8720,5.15347222222224,5.15347222222224,2.45,2.45,0.63,0.63,1,1
1,2026-08-03 07:06:29.172447,1785740789,8721,5.10810185185187,5.10810185185187,2.45,2.45,0.63,0.63,1,1
1,2026-08-03 07:06:30.212298,1785740790,8722,5.07407407407409,5.07407407407409,2.45,2.45,0.63,0.63,1,1
1,2026-08-03 07:06:31.217605,1785740791,8723,5.02870370370372,5.02870370370372,2.45,2.45,0.63,0.63,1,1
1,2026-08-03 07:06:32.236571,1785740792,8724,4.98333333333335,4.98333333333335,2.45,2.45,0.63,0.63,1,1
1,2026-08-03 07:06:33.244534,1785740793,8725,4.93796296296298,4.93796296296298,2.45,2.45,0.63,0.63,1,1
1,2026-08-03 07:06:34.283821,1785740794,8726,4.9039351851852,4.9039351851852,2.45,2.45,0.63,0.63,1,1
1,2026-08-03 07:06:35.320440,1785740795,8727,4.85856481481483,4.85856481481483,2.45,2.45,0.63,0.63,1,1
1,2026-08-03 07:06:36.335420,1785740796,8728,4.81319444444446,4.81319444444446,2.45,2.45,0.63,0.63,1,1
1,2026-08-03 07:06:37.418768,1785740797,8729,4.76782407407408,4.76782407407408,2.45,2.45,0.63,0.63,1,1
1,2026-08-03 07:06:38.423702,1785740798,8730,4.72245370370371,4.72245370370371,2.45,2.45,0.63,0.63,1,1
1,2026-08-03 07:06:39.455729,1785740799,8731,4.68842592592594,4.68842592592594,2.45,2.45,0.63,0.63,1,1
1,2026-08-03 07:06:40.474866,1785740800,8732,4.64305555555556,4.64305555555556,2.45,2.45,0.63,0.63,1,1
1,2026-08-03 07:06:41.483500,1785740801,8733,4.59768518518519,4.59768518518519,2.45,2.45,0.63,0.63,1,1
1,2026-08-03 07:06:43.007407,1785740803,8734,4.55231481481482,4.55231481481482,2.45,2.45,0.63,0.63,1,1
1,2026-08-03 07:06:44.017425,1785740804,8735,4.50694444444445,4.50694444444445,2.45,2.45,0.63,0.63,1,1
1,2026-08-03 07:06:45.050471,1785740805,8736,4.47291666666667,4.47291666666667,2.45,2.45,0.63,0.63,1,1
1,2026-08-03 07:06:46.056791,1785740806,8737,4.4275462962963,4.4275462962963,2.45,2.45,0.63,0.63,1,1
1,2026-08-03 07:06:47.072792,1785740807,8738,4.38217592592593,4.38217592592593,2.45,2.45,0.63,0.63,1,1
1,2026-08-03 07:06:48.085765,1785740808,8739,4.34814814814815,4.34814814814815,2.45,2.45,0.63,0.63,1,1
1,2026-08-03 07:06:49.086925,1785740809,8740,4.30277777777778,4.30277777777778,2.45,2.45,0.63,0.63,1,1
1,2026-08-03 07:06:50.104856,1785740810,8741,4.25740740740741,4.25740740740741,2.45,2.45,0.63,0.63,1,1
1,2026-08-03 07:06:51.112774,1785740811,8742,4.21203703703704,4.21203703703704,2.45,2.45,0.63,0.63,1,1
1,2026-08-03 07:06:52.113838,1785740812,8743,4.17800925925926,4.17800925925926,2.45,2.45,0.63,0.63,1,1
1,2026-08-03 07:06:53.120795,1785740813,8744,4.13263888888889,4.13263888888889,2.45,2.45,0.63,0.63,1,1
1,2026-08-03 07:06:54.134758,1785740814,8745,4.08726851851852,4.08726851851852,2.45,2.45,0.63,0.63,1,1
1,2026-08-03 07:06:55.135997,1785740815,8746,4.04189814814815,4.04189814814815,2.45,2.45,0.63,0.63,1,1
1,2026-08-03 07:06:56.143720,1785740816,8747,4.00787037037037,4.00787037037037,2.45,2.45,0.63,0.63,1,1
1,2026-08-03 07:06:57.144761,1785740817,8748,3.9625,3.9625,2.45,2.45,0.63,0.63,1,1
1,2026-08-03 07:06:58.145931,1785740818,8749,3.91712962962963,3.91712962962963,2.45,2.45,0.63,0.63,1,1
1,2026-08-03 07:06:59.148298,1785740819,8750,3.88310185185185,3.88310185185185,2.45,2.45,0.63,0.63,1,1
1,2026-08-03 07:07:00.156458,1785740820,8751,3.83773148148148,3.83773148148148,2.45,2.45,0.63,0.63,1,1
1,2026-08-03 07:07:01.157886,1785740821,8752,3.79236111111111,3.79236111111111,2.45,2.45,0.63,0.63,1,1
1,2026-08-03 07:07:02.158850,1785740822,8753,3.75833333333333,3.75833333333333,2.45,2.45,0.63,0.63,1,1
1,2026-08-03 07:07:03.162271,1785740823,8754,3.71296296296296,3.71296296296296,2.45,2.45,0.63,0.63,1,1
1,2026-08-03 07:07:04.165730,1785740824,8755,3.66759259259259,3.66759259259259,2.45,2.45,0.63,0.63,1,1
1,2026-08-03 07:07:05.174763,1785740825,8756,3.62222222222222,3.62222222222222,2.45,2.45,0.63,0.63,1,1
1,2026-08-03 07:07:06.176762,1785740826,8757,3.58819444444444,3.58819444444444,2.45,2.45,0.63,0.63,1,1
1,2026-08-03 07:07:07.178588,1785740827,8758,3.54282407407407,3.54282407407407,2.45,2.45,0.63,0.63,1,1
1,2026-08-03 07:07:08.179870,1785740828,8759,3.4974537037037,3.4974537037037,2.45,2.45,0.63,0.63,1,1
1,2026-08-03 07:07:09.231874,1785740829,8760,3.45208333333333,3.45208333333333,2.45,2.45,0.63,0.63,1,1
1,2026-08-03 07:07:10.261022,1785740830,8761,3.41805555555555,3.41805555555555,2.45,2.45,0.63,0.63,1,1
1,2026-08-03 07:07:11.275077,1785740831,8762,3.37268518518518,3.37268518518518,2.45,2.45,0.63,0.63,1,1
1,2026-08-03 07:07:12.281734,1785740832,8763,3.32731481481481,3.32731481481481,2.45,2.45,0.63,0.63,1,1
1,2026-08-03 07:07:13.359559,1785740833,8764,3.28194444444444,3.28194444444444,2.45,2.45,0.63,0.63,1,1
1,2026-08-03 07:07:14.364934,1785740834,8765,3.23657407407407,3.23657407407407,2.45,2.45,0.63,0.63,1,1
1,2026-08-03 07:07:15.373780,1785740835,8766,3.20254629629629,3.20254629629629,2.45,2.45,0.63,0.63,1,1
1,2026-08-03 07:07:16.993979,1785740836,8767,3.15717592592592,3.15717592592592,2.45,2.45,0.63,0.63,1,1
1,2026-08-03 07:07:18.065620,1785740838,8768,3.11180555555555,3.11180555555555,2.45,2.45,0.63,0.63,1,1
1,2026-08-03 07:07:19.066697,1785740839,8769,3.06643518518517,3.06643518518517,2.45,2.45,0.63,0.63,1,1
1,2026-08-03 07:07:20.073392,1785740840,8770,3.0210648148148,3.0210648148148,2.45,2.45,0.63,0.63,1,1
1,2026-08-03 07:07:21.085138,1785740841,8771,2.98703703703702,2.98703703703702,2.45,2.45,0.63,0.63,1,1
1,2026-08-03 07:07:22.091037,1785740842,8772,2.94166666666665,2.94166666666665,2.45,2.45,0.63,0.63,1,1
1,2026-08-03 07:07:23.092597,1785740843,8773,2.89629629629628,2.89629629629628,2.45,2.45,0.63,0.63,1,1
1,2026-08-03 07:07:24.112006,1785740844,8774,2.85092592592591,2.85092592592591,2.45,2.45,0.63,0.63,1,1
1,2026-08-03 07:07:25.151140,1785740845,8775,2.81689814814813,2.81689814814813,2.45,2.45,0.63,0.63,1,1
1,2026-08-03 07:07:26.175492,1785740846,8776,2.77152777777776,2.77152777777776,2.45,2.45,0.63,0.63,1,1
1,2026-08-03 07:07:27.215678,1785740847,8777,2.72615740740739,2.72615740740739,2.45,2.45,0.63,0.63,1,1
1,2026-08-03 07:07:28.219746,1785740848,8778,2.68078703703702,2.68078703703702,2.45,2.45,0.63,0.63,1,1
1,2026-08-03 07:07:29.220823,1785740849,8779,2.64675925925924,2.64675925925924,2.45,2.45,0.63,0.63,1,1
1,2026-08-03 07:07:30.229629,1785740850,8780,2.60138888888887,2.60138888888887,2.45,2.45,0.63,0.63,1,1
1,2026-08-03 07:07:31.242434,1785740851,8781,2.5560185185185,2.5560185185185,2.45,2.45,0.63,0.63,1,1
1,2026-08-03 07:07:32.247297,1785740852,8782,2.52199074074072,2.52199074074072,2.45,2.45,0.63,0.63,1,1
1,2026-08-03 07:07:33.255504,1785740853,8783,2.47662037037035,2.47662037037035,2.45,2.45,0.63,0.63,1,1
1,2026-08-03 07:07:34.266931,1785740854,8784,2.43124999999998,2.43124999999998,2.45,2.45,0.63,0.63,1,1
1,2026-08-03 07:07:35.268691,1785740855,8785,2.38587962962961,2.38587962962961,2.45,2.45,0.63,0.63,1,1
1,2026-08-03 07:07:36.287655,1785740856,8786,2.35185185185183,2.35185185185183,2.45,2.45,0.63,0.63,1,1
1,2026-08-03 07:07:37.302215,1785740857,8787,2.30648148148146,2.30648148148146,2.45,2.45,0.63,0.63,1,1
1,2026-08-03 07:07:38.312741,1785740858,8788,2.26111111111109,2.26111111111109,2.45,2.45,0.63,0.63,1,1
1,2026-08-03 07:07:39.321507,1785740859,8789,2.22708333333331,2.22708333333331,2.45,2.45,0.63,0.63,1,1
1,2026-08-03 07:07:40.330650,1785740860,8790,2.18171296296294,2.18171296296294,2.45,2.45,0.63,0.63,1,1
1,2026-08-03 07:07:41.340876,1785740861,8791,2.13634259259257,2.13634259259257,2.45,2.45,0.63,0.63,1,1
1,2026-08-03 07:07:42.350590,1785740862,8792,2.10231481481479,2.10231481481479,2.45,2.45,0.63,0.63,1,1
1,2026-08-03 07:07:43.351692,1785740863,8793,2.05694444444442,2.05694444444442,2.45,2.45,0.63,0.63,1,1
1,2026-08-03 07:07:44.436448,1785740864,8794,2.01157407407405,2.01157407407405,2.45,2.45,0.63,0.63,1,1
1,2026-08-03 07:07:45.454044,1785740865,8795,1.96620370370368,1.96620370370368,2.45,2.45,0.63,0.63,1,1
1,2026-08-03 07:07:46.464295,1785740866,8796,1.9321759259259,1.9321759259259,2.45,2.45,0.63,0.63,1,1
1,2026-08-03 07:07:47.527711,1785740867,8797,1.88680555555553,1.88680555555553,2.45,2.45,0.63,0.63,1,1
1,2026-08-03 07:07:49.073770,1785740869,8798,1.84143518518516,1.84143518518516,2.45,2.45,0.63,0.63,1,1
1,2026-08-03 07:07:50.151862,1785740870,8799,1.79606481481479,1.79606481481479,2.45,2.45,0.63,0.63,1,1
1,2026-08-03 07:07:51.155535,1785740871,8800,1.75069444444442,1.75069444444442,2.45,2.45,0.63,0.63,1,1
1,2026-08-03 07:07:52.188227,1785740872,8801,1.71666666666664,1.71666666666664,2.45,2.45,0.63,0.63,1,1
1,2026-08-03 07:07:53.192954,1785740873,8802,1.67129629629627,1.67129629629627,2.45,2.45,0.63,0.63,1,1
1,2026-08-03 07:07:54.195521,1785740874,8803,1.6259259259259,1.6259259259259,2.45,2.45,0.63,0.63,1,1
1,2026-08-03 07:07:55.196653,1785740875,8804,1.58055555555553,1.58055555555553,2.45,2.45,0.63,0.63,1,1
1,2026-08-03 07:07:56.197895,1785740876,8805,1.54652777777775,1.54652777777775,2.45,2.45,0.63,0.63,1,1
1,2026-08-03 07:07:57.209348,1785740877,8806,1.50115740740738,1.50115740740738,2.45,2.45,0.63,0.63,1,1
1,2026-08-03 07:07:58.229944,1785740878,8807,1.45578703703701,1.45578703703701,2.45,2.45,0.63,0.63,1,1
1,2026-08-03 07:07:59.239787,1785740879,8808,1.41041666666663,1.41041666666663,2.45,2.45,0.63,0.63,1,1
1,2026-08-03 07:08:00.248611,1785740880,8809,1.37638888888886,1.37638888888886,2.45,2.45,0.63,0.63,1,1
1,2026-08-03 07:08:01.262911,1785740881,8810,1.33101851851849,1.33101851851849,2.45,2.45,0.63,0.63,1,1
1,2026-08-03 07:08:02.271691,1785740882,8811,1.28564814814812,1.28564814814812,2.45,2.45,0.63,0.63,1,1
1,2026-08-03 07:08:03.318186,1785740883,8812,1.25162037037034,1.25162037037034,2.45,2.45,0.63,0.63,1,1
1,2026-08-03 07:08:04.321209,1785740884,8813,1.20624999999997,1.20624999999997,2.45,2.45,0.63,0.63,1,1
1,2026-08-03 07:08:05.333543,1785740885,8814,1.16087962962959,1.16087962962959,2.45,2.45,0.63,0.63,1,1
1,2026-08-03 07:08:06.335366,1785740886,8815,1.11550925925922,1.11550925925922,2.45,2.45,0.63,0.63,1,1
1,2026-08-03 07:08:07.338175,1785740887,8816,1.08148148148145,1.08148148148145,2.45,2.45,0.63,0.63,1,1
1,2026-08-03 07:08:08.340196,1785740888,8817,1.03611111111107,1.03611111111107,2.45,2.45,0.63,0.63,1,1
1,2026-08-03 07:08:09.342141,1785740889,8818,0.990740740740704,0.990740740740704,2.45,2.45,0.63,0.63,1,1
1,2026-08-03 07:08:10.350866,1785740890,8819,0.956712962962926,0.956712962962926,2.45,2.45,0.63,0.63,1,1
1,2026-08-03 07:08:11.369642,1785740891,8820,0.911342592592556,0.911342592592556,2.45,2.45,0.63,0.63,1,1
1,2026-08-03 07:08:12.374525,1785740892,8821,0.865972222222185,0.865972222222185,2.45,2.45,0.63,0.63,1,1
1,2026-08-03 07:08:13.376336,1785740893,8822,0.820601851851815,0.820601851851815,2.45,2.45,0.63,0.63,1,1
1,2026-08-03 07:08:14.386820,1785740894,8823,0.786574074074037,0.786574074074037,2.45,2.45,0.63,0.63,1,1
1,2026-08-03 07:08:15.392998,1785740895,8824,0.741203703703667,0.741203703703667,2.45,2.45,0.63,0.63,1,1
1,2026-08-03 07:08:16.401611,1785740896,8825,0.695833333333297,0.695833333333297,2.45,2.45,0.63,0.63,1,1
1,2026-08-03 07:08:17.413091,1785740897,8826,0.661805555555519,0.661805555555519,2.45,2.45,0.63,0.63,1,1
1,2026-08-03 07:08:18.420075,1785740898,8827,0.616435185185149,0.616435185185149,2.45,2.45,0.63,0.63,1,1
1,2026-08-03 07:08:19.434086,1785740899,8828,0.571064814814778,0.571064814814778,2.45,2.45,0.63,0.63,1,1
1,2026-08-03 07:08:20.436106,1785740900,8829,0.525694444444408,0.525694444444408,2.45,2.45,0.63,0.63,1,1
1,2026-08-03 07:08:21.957891,1785740901,8830,0.49166666666663,0.49166666666663,2.45,2.45,0.63,0.63,1,1
1,2026-08-03 07:08:22.969649,1785740902,8831,0.44629629629626,0.44629629629626,2.45,2.45,0.63,0.63,1,1
1,2026-08-03 07:08:23.976535,1785740903,8832,0.400925925925889,0.400925925925889,2.45,2.45,0.63,0.63,1,1
1,2026-08-03 07:08:25.006051,1785740905,8833,0.366898148148112,0.366898148148112,2.45,2.45,0.63,0.63,1,1
1,2026-08-03 07:08:26.020037,1785740906,8834,0.321527777777741,0.321527777777741,2.45,2.45,0.63,0.63,1,1
1,2026-08-03 07:08:27.024575,1785740907,8835,0.298842592592556,0.298842592592556,2.45,2.45,0.63,0.63,1,1
1,2026-08-03 07:08:28.032488,1785740908,8836,0.298842592592556,0.298842592592556,2.45,2.45,0.63,0.63,1,1
1,2026-08-03 07:08:29.036183,1785740909,8837,5.8,5.8,2.45,2.45,0.63,0.63,1,1
1,2026-08-03 07:08:30.040516,1785740910,8838,5.75462962962963,5.75462962962963,2.45,2.45,0.63,0.63,1,1
1,2026-08-03 07:08:31.051317,1785740911,8839,5.70925925925926,5.70925925925926,2.45,2.45,0.63,0.63,1,1
1,2026-08-03 07:08:32.052969,1785740912,8840,5.67523148148149,5.67523148148149,2.45,2.45,0.63,0.63,1,1
1,2026-08-03 07:08:33.056078,1785740913,8841,5.64120370370371,5.64120370370371,2.45,2.45,0.63,0.63,1,1
1,2026-08-03 07:08:34.064496,1785740914,8842,5.59583333333334,5.59583333333334,2.45,2.45,0.63,0.63,1,1
1,2026-08-03 07:08:35.065639,1785740915,8843,5.55046296296297,5.55046296296297,2.45,2.45,0.63,0.63,1,1
1,2026-08-03 07:08:36.113852,1785740916,8844,5.5164351851852,5.5164351851852,2.45,2.45,0.63,0.63,1,1
1,2026-08-03 07:08:37.117128,1785740917,8845,5.47106481481483,5.47106481481483,2.45,2.45,0.63,0.63,1,1
1,2026-08-03 07:08:38.119161,1785740918,8846,5.42569444444446,5.42569444444446,2.45,2.45,0.63,0.63,1,1
1,2026-08-03 07:08:39.131666,1785740919,8847,5.38032407407409,5.38032407407409,2.45,2.45,0.63,0.63,1,1
1,2026-08-03 07:08:40.137932,1785740920,8848,5.33495370370372,5.33495370370372,2.45,2.45,0.63,0.63,1,1
1,2026-08-03 07:08:41.147202,1785740921,8849,5.30092592592594,5.30092592592594,2.45,2.45,0.63,0.63,1,1
1,2026-08-03 07:08:42.154126,1785740922,8850,5.25555555555557,5.25555555555557,2.45,2.45,0.63,0.63,1,1
1,2026-08-03 07:08:43.155959,1785740923,8851,5.2101851851852,5.2101851851852,2.45,2.45,0.63,0.63,1,1
1,2026-08-03 07:08:44.162019,1785740924,8852,5.17615740740742,5.17615740740742,2.45,2.45,0.63,0.63,1,1
1,2026-08-03 07:08:45.170634,1785740925,8853,5.13078703703705,5.13078703703705,2.45,2.45,0.63,0.63,1,1
1,2026-08-03 07:08:46.179211,1785740926,8854,5.08541666666668,5.08541666666668,2.45,2.45,0.63,0.63,1,1
1,2026-08-03 07:08:47.181431,1785740927,8855,5.04004629629631,5.04004629629631,2.45,2.45,0.63,0.63,1,1
1,2026-08-03 07:08:48.193074,1785740928,8856,5.00601851851853,5.00601851851853,2.45,2.45,0.63,0.63,1,1
1,2026-08-03 07:08:49.199921,1785740929,8857,4.96064814814816,4.96064814814816,2.45,2.45,0.63,0.63,1,1
1,2026-08-03 07:08:50.201060,1785740930,8858,4.91527777777779,4.91527777777779,2.45,2.45,0.63,0.63,1,1
1,2026-08-03 07:08:51.212227,1785740931,8859,4.88125000000001,4.88125000000001,2.45,2.45,0.63,0.63,1,1
1,2026-08-03 07:08:52.213128,1785740932,8860,4.83587962962964,4.83587962962964,2.45,2.45,0.63,0.63,1,1
1,2026-08-03 07:08:53.216985,1785740933,8861,4.79050925925927,4.79050925925927,2.45,2.45,0.63,0.63,1,1
1,2026-08-03 07:08:54.218054,1785740934,8862,4.7451388888889,4.7451388888889,2.45,2.45,0.63,0.63,1,1
1,2026-08-03 07:08:55.744601,1785740935,8863,4.71111111111112,4.71111111111112,2.45,2.45,0.63,0.63,1,1
1,2026-08-03 07:08:56.752838,1785740936,8864,4.66574074074075,4.66574074074075,2.45,2.45,0.63,0.63,1,1
1,2026-08-03 07:08:57.754867,1785740937,8865,4.62037037037038,4.62037037037038,2.45,2.45,0.63,0.63,1,1
1,2026-08-03 07:08:58.761095,1785740938,8866,4.5863425925926,4.5863425925926,2.45,2.45,0.63,0.63,1,1
1,2026-08-03 07:08:59.767074,1785740939,8867,4.54097222222223,4.54097222222223,2.45,2.45,0.63,0.63,1,1
1,2026-08-03 07:09:00.775700,1785740940,8868,4.49560185185186,4.49560185185186,2.45,2.45,0.63,0.63,1,1
1,2026-08-03 07:09:01.779838,1785740941,8869,4.45023148148149,4.45023148148149,2.45,2.45,0.63,0.63,1,1
1,2026-08-03 07:09:02.804594,1785740942,8870,4.41620370370371,4.41620370370371,2.45,2.45,0.63,0.63,1,1
1,2026-08-03 07:09:03.814223,1785740943,8871,4.37083333333334,4.37083333333334,2.45,2.45,0.63,0.63,1,1
1,2026-08-03 07:09:04.828154,1785740944,8872,4.32546296296297,4.32546296296297,2.45,2.45,0.63,0.63,1,1
1,2026-08-03 07:09:05.831142,1785740945,8873,4.29143518518519,4.29143518518519,2.45,2.45,0.63,0.63,1,1
1,2026-08-03 07:09:06.839114,1785740946,8874,4.24606481481482,4.24606481481482,2.45,2.45,0.63,0.63,1,1
1,2026-08-03 07:09:07.848768,1785740947,8875,4.20069444444445,4.20069444444445,2.45,2.45,0.63,0.63,1,1
1,2026-08-03 07:09:08.850748,1785740948,8876,4.16666666666667,4.16666666666667,2.45,2.45,0.63,0.63,1,1
1,2026-08-03 07:09:09.852598,1785740949,8877,4.1212962962963,4.1212962962963,2.45,2.45,0.63,0.63,1,1
1,2026-08-03 07:09:10.861628,1785740950,8878,4.07592592592593,4.07592592592593,2.45,2.45,0.63,0.63,1,1
1,2026-08-03 07:09:11.872516,1785740951,8879,4.03055555555556,4.03055555555556,2.45,2.45,0.63,0.63,1,1
1,2026-08-03 07:09:12.884434,1785740952,8880,3.99652777777778,3.99652777777778,2.45,2.45,0.63,0.63,1,1
1,2026-08-03 07:09:13.894600,1785740953,8881,3.95115740740741,3.95115740740741,2.45,2.45,0.63,0.63,1,1
1,2026-08-03 07:09:14.900287,1785740954,8882,3.90578703703704,3.90578703703704,2.45,2.45,0.63,0.63,1,1
1,2026-08-03 07:09:15.907267,1785740955,8883,3.87175925925926,3.87175925925926,2.45,2.45,0.63,0.63,1,1
1,2026-08-03 07:09:16.922723,1785740956,8884,3.82638888888889,3.82638888888889,2.45,2.45,0.63,0.63,1,1
1,2026-08-03 07:09:17.933537,1785740957,8885,3.78101851851852,3.78101851851852,2.45,2.45,0.63,0.63,1,1
1,2026-08-03 07:09:18.947950,1785740958,8886,3.73564814814815,3.73564814814815,2.45,2.45,0.63,0.63,1,1
1,2026-08-03 07:09:19.949045,1785740959,8887,3.70162037037037,3.70162037037037,2.45,2.45,0.63,0.63,1,1
1,2026-08-03 07:09:20.964617,1785740960,8888,3.65625,3.65625,2.45,2.45,0.63,0.63,1,1
1,2026-08-03 07:09:21.972751,1785740961,8889,3.61087962962963,3.61087962962963,2.45,2.45,0.63,0.63,1,1
1,2026-08-03 07:09:22.995847,1785740962,8890,3.56550925925925,3.56550925925925,2.45,2.45,0.63,0.63,1,1
1,2026-08-03 07:09:24.007445,1785740964,8891,3.53148148148148,3.53148148148148,2.45,2.45,0.63,0.63,1,1
1,2026-08-03 07:09:25.025881,1785740965,8892,3.48611111111111,3.48611111111111,2.45,2.45,0.63,0.63,1,1
1,2026-08-03 07:09:26.032886,1785740966,8893,3.44074074074073,3.44074074074073,2.45,2.45,0.63,0.63,1,1
1,2026-08-03 07:09:27.035271,1785740967,8894,3.39537037037036,3.39537037037036,2.45,2.45,0.63,0.63,1,1
1,2026-08-03 07:09:28.554161,1785740968,8895,3.36134259259259,3.36134259259259,2.45,2.45,0.63,0.63,1,1
1,2026-08-03 07:09:29.558293,1785740969,8896,3.31597222222221,3.31597222222221,2.45,2.45,0.63,0.63,1,1
1,2026-08-03 07:09:30.571964,1785740970,8897,3.27060185185184,3.27060185185184,2.45,2.45,0.63,0.63,1,1
1,2026-08-03 07:09:31.579677,1785740971,8898,3.23657407407407,3.23657407407407,2.45,2.45,0.63,0.63,1,1
1,2026-08-03 07:09:32.583777,1785740972,8899,3.19120370370369,3.19120370370369,2.45,2.45,0.63,0.63,1,1
1,2026-08-03 07:09:33.626922,1785740973,8900,3.14583333333332,3.14583333333332,2.45,2.45,0.63,0.63,1,1
1,2026-08-03 07:09:34.648243,1785740974,8901,3.10046296296295,3.10046296296295,2.45,2.45,0.63,0.63,1,1
1,2026-08-03 07:09:35.667117,1785740975,8902,3.05509259259258,3.05509259259258,2.45,2.45,0.63,0.63,1,1
1,2026-08-03 07:09:36.668490,1785740976,8903,3.0210648148148,3.0210648148148,2.45,2.45,0.63,0.63,1,1
1,2026-08-03 07:09:37.673881,1785740977,8904,2.97569444444443,2.97569444444443,2.45,2.45,0.63,0.63,1,1
1,2026-08-03 07:09:38.684609,1785740978,8905,2.93032407407406,2.93032407407406,2.45,2.45,0.63,0.63,1,1
1,2026-08-03 07:09:39.728779,1785740979,8906,2.88495370370369,2.88495370370369,2.45,2.45,0.63,0.63,1,1
1,2026-08-03 07:09:40.730309,1785740980,8907,2.85092592592591,2.85092592592591,2.45,2.45,0.63,0.63,1,1
1,2026-08-03 07:09:41.732777,1785740981,8908,2.80555555555554,2.80555555555554,2.45,2.45,0.63,0.63,1,1
1,2026-08-03 07:09:42.746479,1785740982,8909,2.76018518518517,2.76018518518517,2.45,2.45,0.63,0.63,1,1
1,2026-08-03 07:09:43.748043,1785740983,8910,2.7148148148148,2.7148148148148,2.45,2.45,0.63,0.63,1,1
1,2026-08-03 07:09:44.759862,1785740984,8911,2.68078703703702,2.68078703703702,2.45,2.45,0.63,0.63,1,1
1,2026-08-03 07:09:45.762800,1785740985,8912,2.63541666666665,2.63541666666665,2.45,2.45,0.63,0.63,1,1
1,2026-08-03 07:09:46.779678,1785740986,8913,2.59004629629628,2.59004629629628,2.45,2.45,0.63,0.63,1,1
1,2026-08-03 07:09:47.802938,1785740987,8914,2.5560185185185,2.5560185185185,2.45,2.45,0.63,0.63,1,1
1,2026-08-03 07:09:48.815408,1785740988,8915,2.51064814814813,2.51064814814813,2.45,2.45,0.63,0.63,1,1
1,2026-08-03 07:09:49.824268,1785740989,8916,2.46527777777776,2.46527777777776,2.45,2.45,0.63,0.63,1,1
1,2026-08-03 07:09:50.829280,1785740990,8917,2.41990740740739,2.41990740740739,2.45,2.45,0.63,0.63,1,1
1,2026-08-03 07:09:51.831250,1785740991,8918,2.37453703703702,2.37453703703702,2.45,2.45,0.63,0.63,1,1
1,2026-08-03 07:09:52.836092,1785740992,8919,2.34050925925924,2.34050925925924,2.45,2.45,0.63,0.63,1,1
1,2026-08-03 07:09:53.838156,1785740993,8920,2.29513888888887,2.29513888888887,2.45,2.45,0.63,0.63,1,1
1,2026-08-03 07:09:54.842200,1785740994,8921,2.2497685185185,2.2497685185185,2.45,2.45,0.63,0.63,1,1
1,2026-08-03 07:09:55.861148,1785740995,8922,2.20439814814813,2.20439814814813,2.45,2.45,0.63,0.63,1,1
1,2026-08-03 07:09:56.868291,1785740996,8923,2.17037037037035,2.17037037037035,2.45,2.45,0.63,0.63,1,1
1,2026-08-03 07:09:57.874722,1785740997,8924,2.12499999999998,2.12499999999998,2.45,2.45,0.63,0.63,1,1
1,2026-08-03 07:09:58.878789,1785740998,8925,2.07962962962961,2.07962962962961,2.45,2.45,0.63,0.63,1,1
1,2026-08-03 07:09:59.920713,1785740999,8926,2.03425925925924,2.03425925925924,2.45,2.45,0.63,0.63,1,1
1,2026-08-03 07:10:01.441049,1785741001,8927,2.00023148148146,2.00023148148146,2.45,2.45,0.63,0.63,1,1
1,2026-08-03 07:10:02.454249,1785741002,8928,1.95486111111109,1.95486111111109,2.45,2.45,0.63,0.63,1,1
1,2026-08-03 07:10:03.468838,1785741003,8929,1.90949074074071,1.90949074074071,2.45,2.45,0.63,0.63,1,1
1,2026-08-03 07:10:04.485885,1785741004,8930,1.87546296296294,1.87546296296294,2.45,2.45,0.63,0.63,1,1
1,2026-08-03 07:10:05.499365,1785741005,8931,1.83009259259257,1.83009259259257,2.45,2.45,0.63,0.63,1,1
1,2026-08-03 07:10:06.505220,1785741006,8932,1.78472222222219,1.78472222222219,2.45,2.45,0.63,0.63,1,1
1,2026-08-03 07:10:07.526817,1785741007,8933,1.73935185185182,1.73935185185182,2.45,2.45,0.63,0.63,1,1
1,2026-08-03 07:10:08.635511,1785741008,8934,1.70532407407405,1.70532407407405,2.45,2.45,0.63,0.63,1,1
1,2026-08-03 07:10:09.651526,1785741009,8935,1.65995370370367,1.65995370370367,2.45,2.45,0.63,0.63,1,1
1,2026-08-03 07:10:10.654022,1785741010,8936,1.6145833333333,1.6145833333333,2.45,2.45,0.63,0.63,1,1
1,2026-08-03 07:10:11.656840,1785741011,8937,1.56921296296293,1.56921296296293,2.45,2.45,0.63,0.63,1,1
1,2026-08-03 07:10:12.663600,1785741012,8938,1.53518518518515,1.53518518518515,2.45,2.45,0.63,0.63,1,1
1,2026-08-03 07:10:13.669360,1785741013,8939,1.48981481481478,1.48981481481478,2.45,2.45,0.63,0.63,1,1
1,2026-08-03 07:10:14.686214,1785741014,8940,1.44444444444441,1.44444444444441,2.45,2.45,0.63,0.63,1,1
1,2026-08-03 07:10:15.696152,1785741015,8941,1.41041666666663,1.41041666666663,2.45,2.45,0.63,0.63,1,1
1,2026-08-03 07:10:16.706407,1785741016,8942,1.36504629629626,1.36504629629626,2.45,2.45,0.63,0.63,1,1
1,2026-08-03 07:10:17.713080,1785741017,8943,1.31967592592589,1.31967592592589,2.45,2.45,0.63,0.63,1,1
1,2026-08-03 07:10:18.718709,1785741018,8944,1.27430555555552,1.27430555555552,2.45,2.45,0.63,0.63,1,1
1,2026-08-03 07:10:19.725231,1785741019,8945,1.24027777777774,1.24027777777774,2.45,2.45,0.63,0.63,1,1
1,2026-08-03 07:10:20.738639,1785741020,8946,1.19490740740737,1.19490740740737,2.45,2.45,0.63,0.63,1,1
1,2026-08-03 07:10:21.747860,1785741021,8947,1.149537037037,1.149537037037,2.45,2.45,0.63,0.63,1,1
1,2026-08-03 07:10:22.749971,1785741022,8948,1.11550925925922,1.11550925925922,2.45,2.45,0.63,0.63,1,1
1,2026-08-03 07:10:23.755727,1785741023,8949,1.07013888888885,1.07013888888885,2.45,2.45,0.63,0.63,1,1
1,2026-08-03 07:10:24.769363,1785741024,8950,1.02476851851848,1.02476851851848,2.45,2.45,0.63,0.63,1,1
1,2026-08-03 07:10:25.782477,1785741025,8951,0.990740740740704,0.990740740740704,2.45,2.45,0.63,0.63,1,1
1,2026-08-03 07:10:26.811768,1785741026,8952,0.956712962962926,0.956712962962926,2.45,2.45,0.63,0.63,1,1
1,2026-08-03 07:10:27.816695,1785741027,8953,0.911342592592556,0.911342592592556,2.45,2.45,0.63,0.63,1,1
1,2026-08-03 07:10:28.819957,1785741028,8954,0.865972222222185,0.865972222222185,2.45,2.45,0.63,0.63,1,1
1,2026-08-03 07:10:29.821149,1785741029,8955,0.831944444444408,0.831944444444408,2.45,2.45,0.63,0.63,1,1
1,2026-08-03 07:10:30.829439,1785741030,8956,0.79791666666663,0.79791666666663,2.45,2.45,0.63,0.63,1,1
1,2026-08-03 07:10:31.831102,1785741031,8957,0.75254629629626,0.75254629629626,2.45,2.45,0.63,0.63,1,1
1,2026-08-03 07:10:32.854832,1785741032,8958,0.707175925925889,0.707175925925889,2.45,2.45,0.63,0.63,1,1
1,2026-08-03 07:10:34.381629,1785741034,8959,0.673148148148111,0.673148148148111,2.45,2.45,0.63,0.63,1,1
1,2026-08-03 07:10:35.386014,1785741035,8960,0.627777777777741,0.627777777777741,2.45,2.45,0.63,0.63,1,1
1,2026-08-03 07:10:36.403426,1785741036,8961,0.582407407407371,0.582407407407371,2.45,2.45,0.63,0.63,1,1
1,2026-08-03 07:10:37.408294,1785741037,8962,0.548379629629593,0.548379629629593,2.45,2.45,0.63,0.63,1,1
1,2026-08-03 07:10:38.414657,1785741038,8963,0.503009259259223,0.503009259259223,2.45,2.45,0.63,0.63,1,1
1,2026-08-03 07:10:39.416291,1785741039,8964,0.457638888888852,0.457638888888852,2.45,2.45,0.63,0.63,1,1
1,2026-08-03 07:10:40.432557,1785741040,8965,0.423611111111074,0.423611111111074,2.45,2.45,0.63,0.63,1,1
1,2026-08-03 07:10:41.453965,1785741041,8966,0.378240740740704,0.378240740740704,2.45,2.45,0.63,0.63,1,1
1,2026-08-03 07:10:42.457070,1785741042,8967,0.332870370370334,0.332870370370334,2.45,2.45,0.63,0.63,1,1
1,2026-08-03 07:10:43.458486,1785741043,8968,0.298842592592556,0.298842592592556,2.45,2.45,0.63,0.63,1,1
1,2026-08-03 07:10:44.469416,1785741044,8969,0.298842592592556,0.298842592592556,2.45,2.45,0.63,0.63,1,1
1,2026-08-03 07:10:45.477700,1785741045,8970,0.298842592592556,0.298842592592556,2.45,2.45,0.63,0.63,1,1
1,2026-08-03 07:10:46.486579,1785741046,8971,5.77731481481482,5.77731481481482,2.45,2.45,0.63,0.63,1,1
1,2026-08-03 07:10:47.497597,1785741047,8972,5.73194444444445,5.73194444444445,2.45,2.45,0.63,0.63,1,1
1,2026-08-03 07:10:48.499988,1785741048,8973,5.68657407407408,5.68657407407408,2.45,2.45,0.63,0.63,1,1
1,2026-08-03 07:10:49.518644,1785741049,8974,5.64120370370371,5.64120370370371,2.45,2.45,0.63,0.63,1,1
1,2026-08-03 07:10:50.522861,1785741050,8975,5.60717592592593,5.60717592592593,2.45,2.45,0.63,0.63,1,1
1,2026-08-03 07:10:51.524895,1785741051,8976,5.57314814814816,5.57314814814816,2.45,2.45,0.63,0.63,1,1
1,2026-08-03 07:10:52.527228,1785741052,8977,5.53912037037038,5.53912037037038,2.45,2.45,0.63,0.63,1,1
1,2026-08-03 07:10:53.545256,1785741053,8978,5.49375000000001,5.49375000000001,2.45,2.45,0.63,0.63,1,1
1,2026-08-03 07:10:54.547494,1785741054,8979,5.45972222222224,5.45972222222224,2.45,2.45,0.63,0.63,1,1
1,2026-08-03 07:10:55.560577,1785741055,8980,5.41435185185187,5.41435185185187,2.45,2.45,0.63,0.63,1,1
1,2026-08-03 07:10:56.571512,1785741056,8981,5.3689814814815,5.3689814814815,2.45,2.45,0.63,0.63,1,1
1,2026-08-03 07:10:57.577041,1785741057,8982,5.32361111111113,5.32361111111113,2.45,2.45,0.63,0.63,1,1
1,2026-08-03 07:10:58.581611,1785741058,8983,5.28958333333335,5.28958333333335,2.45,2.45,0.63,0.63,1,1
1,2026-08-03 07:10:59.587546,1785741059,8984,5.24421296296298,5.24421296296298,2.45,2.45,0.63,0.63,1,1
1,2026-08-03 07:11:00.697929,1785741060,8985,5.2101851851852,5.2101851851852,2.45,2.45,0.63,0.63,1,1
1,2026-08-03 07:11:01.700665,1785741061,8986,5.16481481481483,5.16481481481483,2.45,2.45,0.63,0.63,1,1
1,2026-08-03 07:11:02.704262,1785741062,8987,5.13078703703705,5.13078703703705,2.45,2.45,0.63,0.63,1,1
1,2026-08-03 07:11:03.708803,1785741063,8988,5.08541666666668,5.08541666666668,2.45,2.45,0.63,0.63,1,1
1,2026-08-03 07:11:04.734224,1785741064,8989,5.0513888888889,5.0513888888889,2.45,2.45,0.63,0.63,1,1
1,2026-08-03 07:11:05.765100,1785741065,8990,5.00601851851853,5.00601851851853,2.45,2.45,0.63,0.63,1,1
1,2026-08-03 07:11:07.285698,1785741067,8991,4.96064814814816,4.96064814814816,2.45,2.45,0.63,0.63,1,1
1,2026-08-03 07:11:08.291659,1785741068,8992,4.91527777777779,4.91527777777779,2.45,2.45,0.63,0.63,1,1
1,2026-08-03 07:11:09.303007,1785741069,8993,4.88125000000001,4.88125000000001,2.45,2.45,0.63,0.63,1,1
1,2026-08-03 07:11:10.305052,1785741070,8994,4.83587962962964,4.83587962962964,2.45,2.45,0.63,0.63,1,1
1,2026-08-03 07:11:11.307753,1785741071,8995,4.79050925925927,4.79050925925927,2.45,2.45,0.63,0.63,1,1
1,2026-08-03 07:11:12.314387,1785741072,8996,4.75648148148149,4.75648148148149,2.45,2.45,0.63,0.63,1,1
1,2026-08-03 07:11:13.318495,1785741073,8997,4.71111111111112,4.71111111111112,2.45,2.45,0.63,0.63,1,1
1,2026-08-03 07:11:14.334146,1785741074,8998,4.66574074074075,4.66574074074075,2.45,2.45,0.63,0.63,1,1
1,2026-08-03 07:11:15.339715,1785741075,8999,4.63171296296297,4.63171296296297,2.45,2.45,0.63,0.63,1,1
